Codigo;Periodo;Nome;Afluencia;Retirada
1;1; CAMARGOS     ;92;0.6
2;1; ITUTINGA     ;0;0
4;1; FUNIL-GRANDE ;175;3.8
6;1; FURNAS       ;523;11
7;1; M. DE MORAES ;146;1.1
8;1; ESTREITO     ;34;0.2
9;1; JAGUARA      ;14;0.2
10;1; IGARAPAVA    ;40;0.3
11;1; VOLTA GRANDE ;89;2.4
12;1; P. COLOMBIA  ;221;9.4
14;1; CACONDE      ;66;1.2
15;1; E. DA CUNHA  ;42;2.1
16;1; A.S.OLIVEIRA ;1;0.1
17;1; MARIMBONDO   ;507;55.7
18;1; A. VERMELHA  ;271;9.8
20;1; BATALHA      ;167;4.6
21;1; SERRA FACAO  ;105;0.9
24;1; EMBORCACAO   ;381;13.1
25;1; NOVA PONTE   ;367;2.2
26;1; MIRANDA      ;14;1.5
27;1; CAPIM BRANC1 ;2;0.6
28;1; CAPIM BRANC2 ;4;1.5
29;1; CORUMBA IV   ;107;3.1
30;1; CORUMBA I    ;306;5.8
31;1; ITUMBIARA    ;323;13.6
32;1; CACH.DOURADA ;57;1.6
33;1; SAO SIMAO    ;1020;26
34;1; I. SOLTEIRA  ;304;4.1
37;1; BARRA BONITA ;254;55.3
38;1; A.S. LIMA    ;69;7.9
39;1; IBITINGA     ;134;5.5
40;1; PROMISSAO    ;47;3.7
42;1; NAVANHANDAVA ;18;4.4
43;1; TRES IRMAOS  ;19;4.4
45;1; JUPIA        ;347;1.8
46;1; P. PRIMAVERA ;533;17.8
47;1; A.A. LAYDNER ;76;6.9
48;1; PIRAJU       ;2;0.1
49;1; CHAVANTES    ;42;0.8
50;1; L.N. GARCEZ  ;58;2.8
51;1; CANOAS II    ;5;0.2
52;1; CANOAS I     ;10;0.3
53;1; PARANAPANEMA ;0;0
57;1; MAUA         ;66;1
61;1; CAPIVARA     ;188;3.3
62;1; TAQUARUCU    ;38;0.3
63;1; ROSANA       ;88;2.1
66;1; ITAIPU       ;1077;17
71;1; STA CLARA PR ;30;0.4
72;1; FUNDAO       ;2;0
73;1; JORDAO       ;8;0
74;1; G.B. MUNHOZ  ;170;6.9
76;1; SEGREDO      ;39;0.1
77;1; SLT.SANTIAGO ;21;0.3
78;1; SALTO OSORIO ;8;0.1
82;1; SALTO CAXIAS ;52;1.1
83;1; BAIXO IGUACU ;21;1.2
86;1; BARRA GRANDE ;51;0.4
87;1; CANASTRA     ;2;0.5
88;1; SAO ROQUE    ;57;0.5
89;1; GARIBALDI    ;13;0.4
90;1; CAMPOS NOVOS ;7;0.1
91;1; MACHADINHO   ;29;0.2
92;1; ITA          ;52;1.6
93;1; PASSO FUNDO  ;6;0.3
94;1; MONJOLINHO   ;4;0.1
95;1; QUEBRA QUEIX ;20;0.1
97;1; CASTRO ALVES ;28;0.4
98;1; MONTE CLARO  ;9;0.9
99;1; 14 DE JULHO  ;1;0.5
101;1; SAO JOSE     ;57;0.5
102;1; PASSO S JOAO ;2;0
103;1; FOZ CHAPECO  ;41;0.8
107;1; EDGARD SOUZA ;61;-21.9
108;1; TRAICAO      ;0;0
109;1; PEDREIRA     ;0;0
110;1; ERNESTINA    ;8;0
111;1; PASSO REAL   ;66;0.3
112;1; JACUI        ;0;0
113;1; ITAUBA       ;3;0
114;1; D. FRANCISCA ;3;0
115;1; G.P. SOUZA   ;14;0.1
117;1; GUARAPIRANGA ;10;10.3
118;1; BILLINGS     ;13;7.9
119;1; HENRY BORDEN ;0;0
120;1; JAGUARI      ;20;5.2
121;1; PARAIBUNA    ;46;0.2
122;1; SANTA BRANCA ;7;0
123;1; FUNIL        ;97;9
124;1; LAJES        ;7;0
125;1; STA CECILIA  ;50;0.8
126;1; PICADA       ;30;0.1
127;1; SOBRAGI      ;24;0.8
129;1; SIMPLICIO    ;134;91.5
130;1; ILHA POMBOS  ;55;-89.2
131;1; NILO PECANHA ;0;0
133;1; P. PASSOS    ;0;0
134;1; SALTO GRANDE ;100;0.3
135;1; P. ESTRELA   ;0;0
139;1; CANDONGA     ;144;1.3
141;1; BAGUARI      ;142;3.9
143;1; AIMORES      ;61;2.9
144;1; MASCARENHAS  ;109;2.7
145;1; SUICA        ;9;0.1
146;1; FONTES C     ;0;5.5
147;1; FONTES AB    ;0;0
148;1; IRAPE        ;128;0.4
153;1; SAO DOMINGOS ;98;0.4
154;1; ITAPEBI      ;147;3.6
155;1; RETIRO BAIXO ;133;3.3
156;1; TRES MARIAS  ;756;8.4
162;1; QUEIMADO     ;65;1.4
169;1; SOBRADINHO   ;3837;89
172;1; ITAPARICA    ;0;77.7
173;1; MOXOTO       ;0;2.7
174;1; P.AFONSO 123 ;0;0.1
175;1; P.AFONSO 4   ;0;0
178;1; XINGO        ;0;0.4
180;1; TOCOS        ;15;0
181;1; SANTANA      ;7;0
182;1; VIGARIO      ;0;0
185;1; BARRA BRAUNA ;151;1.7
189;1; P. CAVALO    ;26;7.9
190;1; B. ESPERANCA ;833;1.9
192;1; GUILMAN-AMOR ;64;0.7
193;1; SA CARVALHO  ;1;0
195;1; JAURU        ;89;0.1
196;1; GUAPORE      ;38;0
203;1; CORUMBA III  ;34;0.5
204;1; CACH.CALDEIR ;1518;0
215;1; SALTO PILAO  ;33;0.2
217;1; ROSAL        ;41;0.2
225;1; SLT APIACAS  ;346;0.3
227;1; SINOP        ;1459;17.2
228;1; COLIDER      ;136;0
229;1; TELES PIRES  ;2418;12.3
230;1; SAO MANOEL   ;22;-10.5
241;1; SLT VERDINHO ;13;0
249;1; OURINHOS     ;2;0
251;1; SERRA MESA   ;919;21.1
252;1; CANA BRAVA   ;117;0.1
253;1; SAO SALVADOR ;115;0.2
257;1; PEIXE ANGIC  ;907;5.6
261;1; LAJEADO      ;950;2.6
262;1; SALTO        ;158;0.4
267;1; ESTREITO TOC ;2638;2.1
272;1; CURUA-UNA    ;245;0.1
275;1; TUCURUI      ;15546;49.7
276;1; RONDON II    ;113;0.3
277;1; BALBINA      ;1111;0
278;1; MANSO        ;178;0.2
279;1; SAMUEL       ;735;0.4
280;1; COARACY NUNE ;5;0
281;1; PONTE PEDRA  ;82;0.7
283;1; STA CLARA MG ;89;1.1
284;1; FERREIRA GOM ;12;0
285;1; JIRAU        ;34600;64.6
286;1; STO ANT JARI ;1737;0.9
287;1; STO ANTONIO  ;543;0
288;1; BELO MONTE   ;0;0
290;1; ESPORA       ;68;0.1
304;1; ITIQUIRA I   ;88;0.3
305;1; ITIQUIRA II  ;0;0
309;1; JURUENA      ;142;2.3
310;1; DARDANELOS   ;693;0.2
311;1; CACU         ;208;0.4
312;1; B. COQUEIROS ;9;0
314;1; PIMENTAL     ;18427;7.5
315;1; FOZ R. CLARO ;16;0.1
1;2; CAMARGOS     ;92;0.6
2;2; ITUTINGA     ;0;0
4;2; FUNIL-GRANDE ;175;3.8
6;2; FURNAS       ;523;11
7;2; M. DE MORAES ;146;1.1
8;2; ESTREITO     ;34;0.2
9;2; JAGUARA      ;14;0.2
10;2; IGARAPAVA    ;40;0.3
11;2; VOLTA GRANDE ;89;2.4
12;2; P. COLOMBIA  ;221;9.4
14;2; CACONDE      ;66;1.2
15;2; E. DA CUNHA  ;42;2.1
16;2; A.S.OLIVEIRA ;1;0.1
17;2; MARIMBONDO   ;507;55.7
18;2; A. VERMELHA  ;271;9.8
20;2; BATALHA      ;167;4.6
21;2; SERRA FACAO  ;105;0.9
24;2; EMBORCACAO   ;381;13.1
25;2; NOVA PONTE   ;367;2.2
26;2; MIRANDA      ;14;1.5
27;2; CAPIM BRANC1 ;2;0.6
28;2; CAPIM BRANC2 ;4;1.5
29;2; CORUMBA IV   ;107;3.1
30;2; CORUMBA I    ;306;5.8
31;2; ITUMBIARA    ;323;13.6
32;2; CACH.DOURADA ;57;1.6
33;2; SAO SIMAO    ;1020;26
34;2; I. SOLTEIRA  ;304;4.1
37;2; BARRA BONITA ;254;55.3
38;2; A.S. LIMA    ;69;7.9
39;2; IBITINGA     ;134;5.5
40;2; PROMISSAO    ;47;3.7
42;2; NAVANHANDAVA ;18;4.4
43;2; TRES IRMAOS  ;19;4.4
45;2; JUPIA        ;347;1.8
46;2; P. PRIMAVERA ;533;17.8
47;2; A.A. LAYDNER ;76;6.9
48;2; PIRAJU       ;2;0.1
49;2; CHAVANTES    ;42;0.8
50;2; L.N. GARCEZ  ;58;2.8
51;2; CANOAS II    ;5;0.2
52;2; CANOAS I     ;10;0.3
53;2; PARANAPANEMA ;0;0
57;2; MAUA         ;66;1
61;2; CAPIVARA     ;188;3.3
62;2; TAQUARUCU    ;38;0.3
63;2; ROSANA       ;88;2.1
66;2; ITAIPU       ;1077;17
71;2; STA CLARA PR ;30;0.4
72;2; FUNDAO       ;2;0
73;2; JORDAO       ;8;0
74;2; G.B. MUNHOZ  ;170;6.9
76;2; SEGREDO      ;39;0.1
77;2; SLT.SANTIAGO ;21;0.3
78;2; SALTO OSORIO ;8;0.1
82;2; SALTO CAXIAS ;52;1.1
83;2; BAIXO IGUACU ;21;1.2
86;2; BARRA GRANDE ;51;0.4
87;2; CANASTRA     ;2;0.5
88;2; SAO ROQUE    ;57;0.5
89;2; GARIBALDI    ;13;0.4
90;2; CAMPOS NOVOS ;7;0.1
91;2; MACHADINHO   ;29;0.2
92;2; ITA          ;52;1.6
93;2; PASSO FUNDO  ;6;0.3
94;2; MONJOLINHO   ;4;0.1
95;2; QUEBRA QUEIX ;20;0.1
97;2; CASTRO ALVES ;28;0.4
98;2; MONTE CLARO  ;9;0.9
99;2; 14 DE JULHO  ;1;0.5
101;2; SAO JOSE     ;57;0.5
102;2; PASSO S JOAO ;2;0
103;2; FOZ CHAPECO  ;41;0.8
107;2; EDGARD SOUZA ;61;-21.9
108;2; TRAICAO      ;0;0
109;2; PEDREIRA     ;0;0
110;2; ERNESTINA    ;8;0
111;2; PASSO REAL   ;66;0.3
112;2; JACUI        ;0;0
113;2; ITAUBA       ;3;0
114;2; D. FRANCISCA ;3;0
115;2; G.P. SOUZA   ;14;0.1
117;2; GUARAPIRANGA ;10;10.3
118;2; BILLINGS     ;13;7.9
119;2; HENRY BORDEN ;0;0
120;2; JAGUARI      ;20;5.2
121;2; PARAIBUNA    ;46;0.2
122;2; SANTA BRANCA ;7;0
123;2; FUNIL        ;97;9
124;2; LAJES        ;7;0
125;2; STA CECILIA  ;50;0.8
126;2; PICADA       ;30;0.1
127;2; SOBRAGI      ;24;0.8
129;2; SIMPLICIO    ;134;91.5
130;2; ILHA POMBOS  ;55;-89.2
131;2; NILO PECANHA ;0;0
133;2; P. PASSOS    ;0;0
134;2; SALTO GRANDE ;100;0.3
135;2; P. ESTRELA   ;0;0
139;2; CANDONGA     ;144;1.3
141;2; BAGUARI      ;142;3.9
143;2; AIMORES      ;61;2.9
144;2; MASCARENHAS  ;109;2.7
145;2; SUICA        ;9;0.1
146;2; FONTES C     ;0;5.5
147;2; FONTES AB    ;0;0
148;2; IRAPE        ;128;0.4
153;2; SAO DOMINGOS ;98;0.4
154;2; ITAPEBI      ;147;3.6
155;2; RETIRO BAIXO ;133;3.3
156;2; TRES MARIAS  ;756;8.4
162;2; QUEIMADO     ;65;1.4
169;2; SOBRADINHO   ;3837;89
172;2; ITAPARICA    ;0;77.7
173;2; MOXOTO       ;0;2.7
174;2; P.AFONSO 123 ;0;0.1
175;2; P.AFONSO 4   ;0;0
178;2; XINGO        ;0;0.4
180;2; TOCOS        ;15;0
181;2; SANTANA      ;7;0
182;2; VIGARIO      ;0;0
185;2; BARRA BRAUNA ;151;1.7
189;2; P. CAVALO    ;26;7.9
190;2; B. ESPERANCA ;833;1.9
192;2; GUILMAN-AMOR ;64;0.7
193;2; SA CARVALHO  ;1;0
195;2; JAURU        ;89;0.1
196;2; GUAPORE      ;38;0
203;2; CORUMBA III  ;34;0.5
204;2; CACH.CALDEIR ;1518;0
215;2; SALTO PILAO  ;33;0.2
217;2; ROSAL        ;41;0.2
225;2; SLT APIACAS  ;346;0.3
227;2; SINOP        ;1459;17.2
228;2; COLIDER      ;136;0
229;2; TELES PIRES  ;2418;12.3
230;2; SAO MANOEL   ;22;-10.5
241;2; SLT VERDINHO ;13;0
249;2; OURINHOS     ;2;0
251;2; SERRA MESA   ;919;21.1
252;2; CANA BRAVA   ;117;0.1
253;2; SAO SALVADOR ;115;0.2
257;2; PEIXE ANGIC  ;907;5.6
261;2; LAJEADO      ;950;2.6
262;2; SALTO        ;158;0.4
267;2; ESTREITO TOC ;2638;2.1
272;2; CURUA-UNA    ;245;0.1
275;2; TUCURUI      ;15546;49.7
276;2; RONDON II    ;113;0.3
277;2; BALBINA      ;1111;0
278;2; MANSO        ;178;0.2
279;2; SAMUEL       ;735;0.4
280;2; COARACY NUNE ;5;0
281;2; PONTE PEDRA  ;82;0.7
283;2; STA CLARA MG ;89;1.1
284;2; FERREIRA GOM ;12;0
285;2; JIRAU        ;34600;64.6
286;2; STO ANT JARI ;1737;0.9
287;2; STO ANTONIO  ;543;0
288;2; BELO MONTE   ;0;0
290;2; ESPORA       ;68;0.1
304;2; ITIQUIRA I   ;88;0.3
305;2; ITIQUIRA II  ;0;0
309;2; JURUENA      ;142;2.3
310;2; DARDANELOS   ;693;0.2
311;2; CACU         ;208;0.4
312;2; B. COQUEIROS ;9;0
314;2; PIMENTAL     ;18427;7.5
315;2; FOZ R. CLARO ;16;0.1
1;3; CAMARGOS     ;92;0.6
2;3; ITUTINGA     ;0;0
4;3; FUNIL-GRANDE ;175;3.8
6;3; FURNAS       ;523;11
7;3; M. DE MORAES ;146;1.1
8;3; ESTREITO     ;34;0.2
9;3; JAGUARA      ;14;0.2
10;3; IGARAPAVA    ;40;0.3
11;3; VOLTA GRANDE ;89;2.4
12;3; P. COLOMBIA  ;221;9.4
14;3; CACONDE      ;66;1.2
15;3; E. DA CUNHA  ;42;2.1
16;3; A.S.OLIVEIRA ;1;0.1
17;3; MARIMBONDO   ;507;55.7
18;3; A. VERMELHA  ;271;9.8
20;3; BATALHA      ;167;4.6
21;3; SERRA FACAO  ;105;0.9
24;3; EMBORCACAO   ;381;13.1
25;3; NOVA PONTE   ;367;2.2
26;3; MIRANDA      ;14;1.5
27;3; CAPIM BRANC1 ;2;0.6
28;3; CAPIM BRANC2 ;4;1.5
29;3; CORUMBA IV   ;107;3.1
30;3; CORUMBA I    ;306;5.8
31;3; ITUMBIARA    ;323;13.6
32;3; CACH.DOURADA ;57;1.6
33;3; SAO SIMAO    ;1020;26
34;3; I. SOLTEIRA  ;304;4.1
37;3; BARRA BONITA ;254;55.3
38;3; A.S. LIMA    ;69;7.9
39;3; IBITINGA     ;134;5.5
40;3; PROMISSAO    ;47;3.7
42;3; NAVANHANDAVA ;18;4.4
43;3; TRES IRMAOS  ;19;4.4
45;3; JUPIA        ;347;1.8
46;3; P. PRIMAVERA ;533;17.8
47;3; A.A. LAYDNER ;76;6.9
48;3; PIRAJU       ;2;0.1
49;3; CHAVANTES    ;42;0.8
50;3; L.N. GARCEZ  ;58;2.8
51;3; CANOAS II    ;5;0.2
52;3; CANOAS I     ;10;0.3
53;3; PARANAPANEMA ;0;0
57;3; MAUA         ;66;1
61;3; CAPIVARA     ;188;3.3
62;3; TAQUARUCU    ;38;0.3
63;3; ROSANA       ;88;2.1
66;3; ITAIPU       ;1077;17
71;3; STA CLARA PR ;30;0.4
72;3; FUNDAO       ;2;0
73;3; JORDAO       ;8;0
74;3; G.B. MUNHOZ  ;170;6.9
76;3; SEGREDO      ;39;0.1
77;3; SLT.SANTIAGO ;21;0.3
78;3; SALTO OSORIO ;8;0.1
82;3; SALTO CAXIAS ;52;1.1
83;3; BAIXO IGUACU ;21;1.2
86;3; BARRA GRANDE ;51;0.4
87;3; CANASTRA     ;2;0.5
88;3; SAO ROQUE    ;57;0.5
89;3; GARIBALDI    ;13;0.4
90;3; CAMPOS NOVOS ;7;0.1
91;3; MACHADINHO   ;29;0.2
92;3; ITA          ;52;1.6
93;3; PASSO FUNDO  ;6;0.3
94;3; MONJOLINHO   ;4;0.1
95;3; QUEBRA QUEIX ;20;0.1
97;3; CASTRO ALVES ;28;0.4
98;3; MONTE CLARO  ;9;0.9
99;3; 14 DE JULHO  ;1;0.5
101;3; SAO JOSE     ;57;0.5
102;3; PASSO S JOAO ;2;0
103;3; FOZ CHAPECO  ;41;0.8
107;3; EDGARD SOUZA ;61;-21.9
108;3; TRAICAO      ;0;0
109;3; PEDREIRA     ;0;0
110;3; ERNESTINA    ;8;0
111;3; PASSO REAL   ;66;0.3
112;3; JACUI        ;0;0
113;3; ITAUBA       ;3;0
114;3; D. FRANCISCA ;3;0
115;3; G.P. SOUZA   ;14;0.1
117;3; GUARAPIRANGA ;10;10.3
118;3; BILLINGS     ;13;7.9
119;3; HENRY BORDEN ;0;0
120;3; JAGUARI      ;20;5.2
121;3; PARAIBUNA    ;46;0.2
122;3; SANTA BRANCA ;7;0
123;3; FUNIL        ;97;9
124;3; LAJES        ;7;0
125;3; STA CECILIA  ;50;0.8
126;3; PICADA       ;30;0.1
127;3; SOBRAGI      ;24;0.8
129;3; SIMPLICIO    ;134;91.5
130;3; ILHA POMBOS  ;55;-89.2
131;3; NILO PECANHA ;0;0
133;3; P. PASSOS    ;0;0
134;3; SALTO GRANDE ;100;0.3
135;3; P. ESTRELA   ;0;0
139;3; CANDONGA     ;144;1.3
141;3; BAGUARI      ;142;3.9
143;3; AIMORES      ;61;2.9
144;3; MASCARENHAS  ;109;2.7
145;3; SUICA        ;9;0.1
146;3; FONTES C     ;0;5.5
147;3; FONTES AB    ;0;0
148;3; IRAPE        ;128;0.4
153;3; SAO DOMINGOS ;98;0.4
154;3; ITAPEBI      ;147;3.6
155;3; RETIRO BAIXO ;133;3.3
156;3; TRES MARIAS  ;756;8.4
162;3; QUEIMADO     ;65;1.4
169;3; SOBRADINHO   ;3837;89
172;3; ITAPARICA    ;0;77.7
173;3; MOXOTO       ;0;2.7
174;3; P.AFONSO 123 ;0;0.1
175;3; P.AFONSO 4   ;0;0
178;3; XINGO        ;0;0.4
180;3; TOCOS        ;15;0
181;3; SANTANA      ;7;0
182;3; VIGARIO      ;0;0
185;3; BARRA BRAUNA ;151;1.7
189;3; P. CAVALO    ;26;7.9
190;3; B. ESPERANCA ;833;1.9
192;3; GUILMAN-AMOR ;64;0.7
193;3; SA CARVALHO  ;1;0
195;3; JAURU        ;89;0.1
196;3; GUAPORE      ;38;0
203;3; CORUMBA III  ;34;0.5
204;3; CACH.CALDEIR ;1518;0
215;3; SALTO PILAO  ;33;0.2
217;3; ROSAL        ;41;0.2
225;3; SLT APIACAS  ;346;0.3
227;3; SINOP        ;1459;17.2
228;3; COLIDER      ;136;0
229;3; TELES PIRES  ;2418;12.3
230;3; SAO MANOEL   ;22;-10.5
241;3; SLT VERDINHO ;13;0
249;3; OURINHOS     ;2;0
251;3; SERRA MESA   ;919;21.1
252;3; CANA BRAVA   ;117;0.1
253;3; SAO SALVADOR ;115;0.2
257;3; PEIXE ANGIC  ;907;5.6
261;3; LAJEADO      ;950;2.6
262;3; SALTO        ;158;0.4
267;3; ESTREITO TOC ;2638;2.1
272;3; CURUA-UNA    ;245;0.1
275;3; TUCURUI      ;15546;49.7
276;3; RONDON II    ;113;0.3
277;3; BALBINA      ;1111;0
278;3; MANSO        ;178;0.2
279;3; SAMUEL       ;735;0.4
280;3; COARACY NUNE ;5;0
281;3; PONTE PEDRA  ;82;0.7
283;3; STA CLARA MG ;89;1.1
284;3; FERREIRA GOM ;12;0
285;3; JIRAU        ;34600;64.6
286;3; STO ANT JARI ;1737;0.9
287;3; STO ANTONIO  ;543;0
288;3; BELO MONTE   ;0;0
290;3; ESPORA       ;68;0.1
304;3; ITIQUIRA I   ;88;0.3
305;3; ITIQUIRA II  ;0;0
309;3; JURUENA      ;142;2.3
310;3; DARDANELOS   ;693;0.2
311;3; CACU         ;208;0.4
312;3; B. COQUEIROS ;9;0
314;3; PIMENTAL     ;18427;7.5
315;3; FOZ R. CLARO ;16;0.1
1;4; CAMARGOS     ;92;0.6
2;4; ITUTINGA     ;0;0
4;4; FUNIL-GRANDE ;175;3.8
6;4; FURNAS       ;523;11
7;4; M. DE MORAES ;146;1.1
8;4; ESTREITO     ;34;0.2
9;4; JAGUARA      ;14;0.2
10;4; IGARAPAVA    ;40;0.3
11;4; VOLTA GRANDE ;89;2.4
12;4; P. COLOMBIA  ;221;9.4
14;4; CACONDE      ;66;1.2
15;4; E. DA CUNHA  ;42;2.1
16;4; A.S.OLIVEIRA ;1;0.1
17;4; MARIMBONDO   ;507;55.7
18;4; A. VERMELHA  ;271;9.8
20;4; BATALHA      ;167;4.6
21;4; SERRA FACAO  ;105;0.9
24;4; EMBORCACAO   ;381;13.1
25;4; NOVA PONTE   ;367;2.2
26;4; MIRANDA      ;14;1.5
27;4; CAPIM BRANC1 ;2;0.6
28;4; CAPIM BRANC2 ;4;1.5
29;4; CORUMBA IV   ;107;3.1
30;4; CORUMBA I    ;306;5.8
31;4; ITUMBIARA    ;323;13.6
32;4; CACH.DOURADA ;57;1.6
33;4; SAO SIMAO    ;1020;26
34;4; I. SOLTEIRA  ;304;4.1
37;4; BARRA BONITA ;254;55.3
38;4; A.S. LIMA    ;69;7.9
39;4; IBITINGA     ;134;5.5
40;4; PROMISSAO    ;47;3.7
42;4; NAVANHANDAVA ;18;4.4
43;4; TRES IRMAOS  ;19;4.4
45;4; JUPIA        ;347;1.8
46;4; P. PRIMAVERA ;533;17.8
47;4; A.A. LAYDNER ;76;6.9
48;4; PIRAJU       ;2;0.1
49;4; CHAVANTES    ;42;0.8
50;4; L.N. GARCEZ  ;58;2.8
51;4; CANOAS II    ;5;0.2
52;4; CANOAS I     ;10;0.3
53;4; PARANAPANEMA ;0;0
57;4; MAUA         ;66;1
61;4; CAPIVARA     ;188;3.3
62;4; TAQUARUCU    ;38;0.3
63;4; ROSANA       ;88;2.1
66;4; ITAIPU       ;1077;17
71;4; STA CLARA PR ;30;0.4
72;4; FUNDAO       ;2;0
73;4; JORDAO       ;8;0
74;4; G.B. MUNHOZ  ;170;6.9
76;4; SEGREDO      ;39;0.1
77;4; SLT.SANTIAGO ;21;0.3
78;4; SALTO OSORIO ;8;0.1
82;4; SALTO CAXIAS ;52;1.1
83;4; BAIXO IGUACU ;21;1.2
86;4; BARRA GRANDE ;51;0.4
87;4; CANASTRA     ;2;0.5
88;4; SAO ROQUE    ;57;0.5
89;4; GARIBALDI    ;13;0.4
90;4; CAMPOS NOVOS ;7;0.1
91;4; MACHADINHO   ;29;0.2
92;4; ITA          ;52;1.6
93;4; PASSO FUNDO  ;6;0.3
94;4; MONJOLINHO   ;4;0.1
95;4; QUEBRA QUEIX ;20;0.1
97;4; CASTRO ALVES ;28;0.4
98;4; MONTE CLARO  ;9;0.9
99;4; 14 DE JULHO  ;1;0.5
101;4; SAO JOSE     ;57;0.5
102;4; PASSO S JOAO ;2;0
103;4; FOZ CHAPECO  ;41;0.8
107;4; EDGARD SOUZA ;61;-21.9
108;4; TRAICAO      ;0;0
109;4; PEDREIRA     ;0;0
110;4; ERNESTINA    ;8;0
111;4; PASSO REAL   ;66;0.3
112;4; JACUI        ;0;0
113;4; ITAUBA       ;3;0
114;4; D. FRANCISCA ;3;0
115;4; G.P. SOUZA   ;14;0.1
117;4; GUARAPIRANGA ;10;10.3
118;4; BILLINGS     ;13;7.9
119;4; HENRY BORDEN ;0;0
120;4; JAGUARI      ;20;5.2
121;4; PARAIBUNA    ;46;0.2
122;4; SANTA BRANCA ;7;0
123;4; FUNIL        ;97;9
124;4; LAJES        ;7;0
125;4; STA CECILIA  ;50;0.8
126;4; PICADA       ;30;0.1
127;4; SOBRAGI      ;24;0.8
129;4; SIMPLICIO    ;134;91.5
130;4; ILHA POMBOS  ;55;-89.2
131;4; NILO PECANHA ;0;0
133;4; P. PASSOS    ;0;0
134;4; SALTO GRANDE ;100;0.3
135;4; P. ESTRELA   ;0;0
139;4; CANDONGA     ;144;1.3
141;4; BAGUARI      ;142;3.9
143;4; AIMORES      ;61;2.9
144;4; MASCARENHAS  ;109;2.7
145;4; SUICA        ;9;0.1
146;4; FONTES C     ;0;5.5
147;4; FONTES AB    ;0;0
148;4; IRAPE        ;128;0.4
153;4; SAO DOMINGOS ;98;0.4
154;4; ITAPEBI      ;147;3.6
155;4; RETIRO BAIXO ;133;3.3
156;4; TRES MARIAS  ;756;8.4
162;4; QUEIMADO     ;65;1.4
169;4; SOBRADINHO   ;3837;89
172;4; ITAPARICA    ;0;77.7
173;4; MOXOTO       ;0;2.7
174;4; P.AFONSO 123 ;0;0.1
175;4; P.AFONSO 4   ;0;0
178;4; XINGO        ;0;0.4
180;4; TOCOS        ;15;0
181;4; SANTANA      ;7;0
182;4; VIGARIO      ;0;0
185;4; BARRA BRAUNA ;151;1.7
189;4; P. CAVALO    ;26;7.9
190;4; B. ESPERANCA ;833;1.9
192;4; GUILMAN-AMOR ;64;0.7
193;4; SA CARVALHO  ;1;0
195;4; JAURU        ;89;0.1
196;4; GUAPORE      ;38;0
203;4; CORUMBA III  ;34;0.5
204;4; CACH.CALDEIR ;1518;0
215;4; SALTO PILAO  ;33;0.2
217;4; ROSAL        ;41;0.2
225;4; SLT APIACAS  ;346;0.3
227;4; SINOP        ;1459;17.2
228;4; COLIDER      ;136;0
229;4; TELES PIRES  ;2418;12.3
230;4; SAO MANOEL   ;22;-10.5
241;4; SLT VERDINHO ;13;0
249;4; OURINHOS     ;2;0
251;4; SERRA MESA   ;919;21.1
252;4; CANA BRAVA   ;117;0.1
253;4; SAO SALVADOR ;115;0.2
257;4; PEIXE ANGIC  ;907;5.6
261;4; LAJEADO      ;950;2.6
262;4; SALTO        ;158;0.4
267;4; ESTREITO TOC ;2638;2.1
272;4; CURUA-UNA    ;245;0.1
275;4; TUCURUI      ;15546;49.7
276;4; RONDON II    ;113;0.3
277;4; BALBINA      ;1111;0
278;4; MANSO        ;178;0.2
279;4; SAMUEL       ;735;0.4
280;4; COARACY NUNE ;5;0
281;4; PONTE PEDRA  ;82;0.7
283;4; STA CLARA MG ;89;1.1
284;4; FERREIRA GOM ;12;0
285;4; JIRAU        ;34600;64.6
286;4; STO ANT JARI ;1737;0.9
287;4; STO ANTONIO  ;543;0
288;4; BELO MONTE   ;0;0
290;4; ESPORA       ;68;0.1
304;4; ITIQUIRA I   ;88;0.3
305;4; ITIQUIRA II  ;0;0
309;4; JURUENA      ;142;2.3
310;4; DARDANELOS   ;693;0.2
311;4; CACU         ;208;0.4
312;4; B. COQUEIROS ;9;0
314;4; PIMENTAL     ;18427;7.5
315;4; FOZ R. CLARO ;16;0.1
1;5; CAMARGOS     ;92;0.6
2;5; ITUTINGA     ;0;0
4;5; FUNIL-GRANDE ;175;3.8
6;5; FURNAS       ;523;11
7;5; M. DE MORAES ;146;1.1
8;5; ESTREITO     ;34;0.2
9;5; JAGUARA      ;14;0.2
10;5; IGARAPAVA    ;40;0.3
11;5; VOLTA GRANDE ;89;2.4
12;5; P. COLOMBIA  ;221;9.4
14;5; CACONDE      ;66;1.2
15;5; E. DA CUNHA  ;42;2.1
16;5; A.S.OLIVEIRA ;1;0.1
17;5; MARIMBONDO   ;507;55.7
18;5; A. VERMELHA  ;271;9.8
20;5; BATALHA      ;167;4.6
21;5; SERRA FACAO  ;105;0.9
24;5; EMBORCACAO   ;381;13.1
25;5; NOVA PONTE   ;367;2.2
26;5; MIRANDA      ;14;1.5
27;5; CAPIM BRANC1 ;2;0.6
28;5; CAPIM BRANC2 ;4;1.5
29;5; CORUMBA IV   ;107;3.1
30;5; CORUMBA I    ;306;5.8
31;5; ITUMBIARA    ;323;13.6
32;5; CACH.DOURADA ;57;1.6
33;5; SAO SIMAO    ;1020;26
34;5; I. SOLTEIRA  ;304;4.1
37;5; BARRA BONITA ;254;55.3
38;5; A.S. LIMA    ;69;7.9
39;5; IBITINGA     ;134;5.5
40;5; PROMISSAO    ;47;3.7
42;5; NAVANHANDAVA ;18;4.4
43;5; TRES IRMAOS  ;19;4.4
45;5; JUPIA        ;347;1.8
46;5; P. PRIMAVERA ;533;17.8
47;5; A.A. LAYDNER ;76;6.9
48;5; PIRAJU       ;2;0.1
49;5; CHAVANTES    ;42;0.8
50;5; L.N. GARCEZ  ;58;2.8
51;5; CANOAS II    ;5;0.2
52;5; CANOAS I     ;10;0.3
53;5; PARANAPANEMA ;0;0
57;5; MAUA         ;66;1
61;5; CAPIVARA     ;188;3.3
62;5; TAQUARUCU    ;38;0.3
63;5; ROSANA       ;88;2.1
66;5; ITAIPU       ;1077;17
71;5; STA CLARA PR ;30;0.4
72;5; FUNDAO       ;2;0
73;5; JORDAO       ;8;0
74;5; G.B. MUNHOZ  ;170;6.9
76;5; SEGREDO      ;39;0.1
77;5; SLT.SANTIAGO ;21;0.3
78;5; SALTO OSORIO ;8;0.1
82;5; SALTO CAXIAS ;52;1.1
83;5; BAIXO IGUACU ;21;1.2
86;5; BARRA GRANDE ;51;0.4
87;5; CANASTRA     ;2;0.5
88;5; SAO ROQUE    ;57;0.5
89;5; GARIBALDI    ;13;0.4
90;5; CAMPOS NOVOS ;7;0.1
91;5; MACHADINHO   ;29;0.2
92;5; ITA          ;52;1.6
93;5; PASSO FUNDO  ;6;0.3
94;5; MONJOLINHO   ;4;0.1
95;5; QUEBRA QUEIX ;20;0.1
97;5; CASTRO ALVES ;28;0.4
98;5; MONTE CLARO  ;9;0.9
99;5; 14 DE JULHO  ;1;0.5
101;5; SAO JOSE     ;57;0.5
102;5; PASSO S JOAO ;2;0
103;5; FOZ CHAPECO  ;41;0.8
107;5; EDGARD SOUZA ;61;-21.9
108;5; TRAICAO      ;0;0
109;5; PEDREIRA     ;0;0
110;5; ERNESTINA    ;8;0
111;5; PASSO REAL   ;66;0.3
112;5; JACUI        ;0;0
113;5; ITAUBA       ;3;0
114;5; D. FRANCISCA ;3;0
115;5; G.P. SOUZA   ;14;0.1
117;5; GUARAPIRANGA ;10;10.3
118;5; BILLINGS     ;13;7.9
119;5; HENRY BORDEN ;0;0
120;5; JAGUARI      ;20;5.2
121;5; PARAIBUNA    ;46;0.2
122;5; SANTA BRANCA ;7;0
123;5; FUNIL        ;97;9
124;5; LAJES        ;7;0
125;5; STA CECILIA  ;50;0.8
126;5; PICADA       ;30;0.1
127;5; SOBRAGI      ;24;0.8
129;5; SIMPLICIO    ;134;91.5
130;5; ILHA POMBOS  ;55;-89.2
131;5; NILO PECANHA ;0;0
133;5; P. PASSOS    ;0;0
134;5; SALTO GRANDE ;100;0.3
135;5; P. ESTRELA   ;0;0
139;5; CANDONGA     ;144;1.3
141;5; BAGUARI      ;142;3.9
143;5; AIMORES      ;61;2.9
144;5; MASCARENHAS  ;109;2.7
145;5; SUICA        ;9;0.1
146;5; FONTES C     ;0;5.5
147;5; FONTES AB    ;0;0
148;5; IRAPE        ;128;0.4
153;5; SAO DOMINGOS ;98;0.4
154;5; ITAPEBI      ;147;3.6
155;5; RETIRO BAIXO ;133;3.3
156;5; TRES MARIAS  ;756;8.4
162;5; QUEIMADO     ;65;1.4
169;5; SOBRADINHO   ;3837;89
172;5; ITAPARICA    ;0;77.7
173;5; MOXOTO       ;0;2.7
174;5; P.AFONSO 123 ;0;0.1
175;5; P.AFONSO 4   ;0;0
178;5; XINGO        ;0;0.4
180;5; TOCOS        ;15;0
181;5; SANTANA      ;7;0
182;5; VIGARIO      ;0;0
185;5; BARRA BRAUNA ;151;1.7
189;5; P. CAVALO    ;26;7.9
190;5; B. ESPERANCA ;833;1.9
192;5; GUILMAN-AMOR ;64;0.7
193;5; SA CARVALHO  ;1;0
195;5; JAURU        ;89;0.1
196;5; GUAPORE      ;38;0
203;5; CORUMBA III  ;34;0.5
204;5; CACH.CALDEIR ;1518;0
215;5; SALTO PILAO  ;33;0.2
217;5; ROSAL        ;41;0.2
225;5; SLT APIACAS  ;346;0.3
227;5; SINOP        ;1459;17.2
228;5; COLIDER      ;136;0
229;5; TELES PIRES  ;2418;12.3
230;5; SAO MANOEL   ;22;-10.5
241;5; SLT VERDINHO ;13;0
249;5; OURINHOS     ;2;0
251;5; SERRA MESA   ;919;21.1
252;5; CANA BRAVA   ;117;0.1
253;5; SAO SALVADOR ;115;0.2
257;5; PEIXE ANGIC  ;907;5.6
261;5; LAJEADO      ;950;2.6
262;5; SALTO        ;158;0.4
267;5; ESTREITO TOC ;2638;2.1
272;5; CURUA-UNA    ;245;0.1
275;5; TUCURUI      ;15546;49.7
276;5; RONDON II    ;113;0.3
277;5; BALBINA      ;1111;0
278;5; MANSO        ;178;0.2
279;5; SAMUEL       ;735;0.4
280;5; COARACY NUNE ;5;0
281;5; PONTE PEDRA  ;82;0.7
283;5; STA CLARA MG ;89;1.1
284;5; FERREIRA GOM ;12;0
285;5; JIRAU        ;34600;64.6
286;5; STO ANT JARI ;1737;0.9
287;5; STO ANTONIO  ;543;0
288;5; BELO MONTE   ;0;0
290;5; ESPORA       ;68;0.1
304;5; ITIQUIRA I   ;88;0.3
305;5; ITIQUIRA II  ;0;0
309;5; JURUENA      ;142;2.3
310;5; DARDANELOS   ;693;0.2
311;5; CACU         ;208;0.4
312;5; B. COQUEIROS ;9;0
314;5; PIMENTAL     ;18427;7.5
315;5; FOZ R. CLARO ;16;0.1
1;6; CAMARGOS     ;92;0.6
2;6; ITUTINGA     ;0;0
4;6; FUNIL-GRANDE ;175;3.8
6;6; FURNAS       ;523;11
7;6; M. DE MORAES ;146;1.1
8;6; ESTREITO     ;34;0.2
9;6; JAGUARA      ;14;0.2
10;6; IGARAPAVA    ;40;0.3
11;6; VOLTA GRANDE ;89;2.4
12;6; P. COLOMBIA  ;221;9.4
14;6; CACONDE      ;66;1.2
15;6; E. DA CUNHA  ;42;2.1
16;6; A.S.OLIVEIRA ;1;0.1
17;6; MARIMBONDO   ;507;55.7
18;6; A. VERMELHA  ;271;9.8
20;6; BATALHA      ;167;4.6
21;6; SERRA FACAO  ;105;0.9
24;6; EMBORCACAO   ;381;13.1
25;6; NOVA PONTE   ;367;2.2
26;6; MIRANDA      ;14;1.5
27;6; CAPIM BRANC1 ;2;0.6
28;6; CAPIM BRANC2 ;4;1.5
29;6; CORUMBA IV   ;107;3.1
30;6; CORUMBA I    ;306;5.8
31;6; ITUMBIARA    ;323;13.6
32;6; CACH.DOURADA ;57;1.6
33;6; SAO SIMAO    ;1020;26
34;6; I. SOLTEIRA  ;304;4.1
37;6; BARRA BONITA ;254;55.3
38;6; A.S. LIMA    ;69;7.9
39;6; IBITINGA     ;134;5.5
40;6; PROMISSAO    ;47;3.7
42;6; NAVANHANDAVA ;18;4.4
43;6; TRES IRMAOS  ;19;4.4
45;6; JUPIA        ;347;1.8
46;6; P. PRIMAVERA ;533;17.8
47;6; A.A. LAYDNER ;76;6.9
48;6; PIRAJU       ;2;0.1
49;6; CHAVANTES    ;42;0.8
50;6; L.N. GARCEZ  ;58;2.8
51;6; CANOAS II    ;5;0.2
52;6; CANOAS I     ;10;0.3
53;6; PARANAPANEMA ;0;0
57;6; MAUA         ;66;1
61;6; CAPIVARA     ;188;3.3
62;6; TAQUARUCU    ;38;0.3
63;6; ROSANA       ;88;2.1
66;6; ITAIPU       ;1077;17
71;6; STA CLARA PR ;30;0.4
72;6; FUNDAO       ;2;0
73;6; JORDAO       ;8;0
74;6; G.B. MUNHOZ  ;170;6.9
76;6; SEGREDO      ;39;0.1
77;6; SLT.SANTIAGO ;21;0.3
78;6; SALTO OSORIO ;8;0.1
82;6; SALTO CAXIAS ;52;1.1
83;6; BAIXO IGUACU ;21;1.2
86;6; BARRA GRANDE ;51;0.4
87;6; CANASTRA     ;2;0.5
88;6; SAO ROQUE    ;57;0.5
89;6; GARIBALDI    ;13;0.4
90;6; CAMPOS NOVOS ;7;0.1
91;6; MACHADINHO   ;29;0.2
92;6; ITA          ;52;1.6
93;6; PASSO FUNDO  ;6;0.3
94;6; MONJOLINHO   ;4;0.1
95;6; QUEBRA QUEIX ;20;0.1
97;6; CASTRO ALVES ;28;0.4
98;6; MONTE CLARO  ;9;0.9
99;6; 14 DE JULHO  ;1;0.5
101;6; SAO JOSE     ;57;0.5
102;6; PASSO S JOAO ;2;0
103;6; FOZ CHAPECO  ;41;0.8
107;6; EDGARD SOUZA ;61;-21.9
108;6; TRAICAO      ;0;0
109;6; PEDREIRA     ;0;0
110;6; ERNESTINA    ;8;0
111;6; PASSO REAL   ;66;0.3
112;6; JACUI        ;0;0
113;6; ITAUBA       ;3;0
114;6; D. FRANCISCA ;3;0
115;6; G.P. SOUZA   ;14;0.1
117;6; GUARAPIRANGA ;10;10.3
118;6; BILLINGS     ;13;7.9
119;6; HENRY BORDEN ;0;0
120;6; JAGUARI      ;20;5.2
121;6; PARAIBUNA    ;46;0.2
122;6; SANTA BRANCA ;7;0
123;6; FUNIL        ;97;9
124;6; LAJES        ;7;0
125;6; STA CECILIA  ;50;0.8
126;6; PICADA       ;30;0.1
127;6; SOBRAGI      ;24;0.8
129;6; SIMPLICIO    ;134;91.5
130;6; ILHA POMBOS  ;55;-89.2
131;6; NILO PECANHA ;0;0
133;6; P. PASSOS    ;0;0
134;6; SALTO GRANDE ;100;0.3
135;6; P. ESTRELA   ;0;0
139;6; CANDONGA     ;144;1.3
141;6; BAGUARI      ;142;3.9
143;6; AIMORES      ;61;2.9
144;6; MASCARENHAS  ;109;2.7
145;6; SUICA        ;9;0.1
146;6; FONTES C     ;0;5.5
147;6; FONTES AB    ;0;0
148;6; IRAPE        ;128;0.4
153;6; SAO DOMINGOS ;98;0.4
154;6; ITAPEBI      ;147;3.6
155;6; RETIRO BAIXO ;133;3.3
156;6; TRES MARIAS  ;756;8.4
162;6; QUEIMADO     ;65;1.4
169;6; SOBRADINHO   ;3837;89
172;6; ITAPARICA    ;0;77.7
173;6; MOXOTO       ;0;2.7
174;6; P.AFONSO 123 ;0;0.1
175;6; P.AFONSO 4   ;0;0
178;6; XINGO        ;0;0.4
180;6; TOCOS        ;15;0
181;6; SANTANA      ;7;0
182;6; VIGARIO      ;0;0
185;6; BARRA BRAUNA ;151;1.7
189;6; P. CAVALO    ;26;7.9
190;6; B. ESPERANCA ;833;1.9
192;6; GUILMAN-AMOR ;64;0.7
193;6; SA CARVALHO  ;1;0
195;6; JAURU        ;89;0.1
196;6; GUAPORE      ;38;0
203;6; CORUMBA III  ;34;0.5
204;6; CACH.CALDEIR ;1518;0
215;6; SALTO PILAO  ;33;0.2
217;6; ROSAL        ;41;0.2
225;6; SLT APIACAS  ;346;0.3
227;6; SINOP        ;1459;17.2
228;6; COLIDER      ;136;0
229;6; TELES PIRES  ;2418;12.3
230;6; SAO MANOEL   ;22;-10.5
241;6; SLT VERDINHO ;13;0
249;6; OURINHOS     ;2;0
251;6; SERRA MESA   ;919;21.1
252;6; CANA BRAVA   ;117;0.1
253;6; SAO SALVADOR ;115;0.2
257;6; PEIXE ANGIC  ;907;5.6
261;6; LAJEADO      ;950;2.6
262;6; SALTO        ;158;0.4
267;6; ESTREITO TOC ;2638;2.1
272;6; CURUA-UNA    ;245;0.1
275;6; TUCURUI      ;15546;49.7
276;6; RONDON II    ;113;0.3
277;6; BALBINA      ;1111;0
278;6; MANSO        ;178;0.2
279;6; SAMUEL       ;735;0.4
280;6; COARACY NUNE ;5;0
281;6; PONTE PEDRA  ;82;0.7
283;6; STA CLARA MG ;89;1.1
284;6; FERREIRA GOM ;12;0
285;6; JIRAU        ;34600;64.6
286;6; STO ANT JARI ;1737;0.9
287;6; STO ANTONIO  ;543;0
288;6; BELO MONTE   ;0;0
290;6; ESPORA       ;68;0.1
304;6; ITIQUIRA I   ;88;0.3
305;6; ITIQUIRA II  ;0;0
309;6; JURUENA      ;142;2.3
310;6; DARDANELOS   ;693;0.2
311;6; CACU         ;208;0.4
312;6; B. COQUEIROS ;9;0
314;6; PIMENTAL     ;18427;7.5
315;6; FOZ R. CLARO ;16;0.1
1;7; CAMARGOS     ;92;0.6
2;7; ITUTINGA     ;0;0
4;7; FUNIL-GRANDE ;175;3.8
6;7; FURNAS       ;523;11
7;7; M. DE MORAES ;146;1.1
8;7; ESTREITO     ;34;0.2
9;7; JAGUARA      ;14;0.2
10;7; IGARAPAVA    ;40;0.3
11;7; VOLTA GRANDE ;89;2.4
12;7; P. COLOMBIA  ;221;9.4
14;7; CACONDE      ;66;1.2
15;7; E. DA CUNHA  ;42;2.1
16;7; A.S.OLIVEIRA ;1;0.1
17;7; MARIMBONDO   ;507;55.7
18;7; A. VERMELHA  ;271;9.8
20;7; BATALHA      ;167;4.6
21;7; SERRA FACAO  ;105;0.9
24;7; EMBORCACAO   ;381;13.1
25;7; NOVA PONTE   ;367;2.2
26;7; MIRANDA      ;14;1.5
27;7; CAPIM BRANC1 ;2;0.6
28;7; CAPIM BRANC2 ;4;1.5
29;7; CORUMBA IV   ;107;3.1
30;7; CORUMBA I    ;306;5.8
31;7; ITUMBIARA    ;323;13.6
32;7; CACH.DOURADA ;57;1.6
33;7; SAO SIMAO    ;1020;26
34;7; I. SOLTEIRA  ;304;4.1
37;7; BARRA BONITA ;254;55.3
38;7; A.S. LIMA    ;69;7.9
39;7; IBITINGA     ;134;5.5
40;7; PROMISSAO    ;47;3.7
42;7; NAVANHANDAVA ;18;4.4
43;7; TRES IRMAOS  ;19;4.4
45;7; JUPIA        ;347;1.8
46;7; P. PRIMAVERA ;533;17.8
47;7; A.A. LAYDNER ;76;6.9
48;7; PIRAJU       ;2;0.1
49;7; CHAVANTES    ;42;0.8
50;7; L.N. GARCEZ  ;58;2.8
51;7; CANOAS II    ;5;0.2
52;7; CANOAS I     ;10;0.3
53;7; PARANAPANEMA ;0;0
57;7; MAUA         ;66;1
61;7; CAPIVARA     ;188;3.3
62;7; TAQUARUCU    ;38;0.3
63;7; ROSANA       ;88;2.1
66;7; ITAIPU       ;1077;17
71;7; STA CLARA PR ;30;0.4
72;7; FUNDAO       ;2;0
73;7; JORDAO       ;8;0
74;7; G.B. MUNHOZ  ;170;6.9
76;7; SEGREDO      ;39;0.1
77;7; SLT.SANTIAGO ;21;0.3
78;7; SALTO OSORIO ;8;0.1
82;7; SALTO CAXIAS ;52;1.1
83;7; BAIXO IGUACU ;21;1.2
86;7; BARRA GRANDE ;51;0.4
87;7; CANASTRA     ;2;0.5
88;7; SAO ROQUE    ;57;0.5
89;7; GARIBALDI    ;13;0.4
90;7; CAMPOS NOVOS ;7;0.1
91;7; MACHADINHO   ;29;0.2
92;7; ITA          ;52;1.6
93;7; PASSO FUNDO  ;6;0.3
94;7; MONJOLINHO   ;4;0.1
95;7; QUEBRA QUEIX ;20;0.1
97;7; CASTRO ALVES ;28;0.4
98;7; MONTE CLARO  ;9;0.9
99;7; 14 DE JULHO  ;1;0.5
101;7; SAO JOSE     ;57;0.5
102;7; PASSO S JOAO ;2;0
103;7; FOZ CHAPECO  ;41;0.8
107;7; EDGARD SOUZA ;61;-21.9
108;7; TRAICAO      ;0;0
109;7; PEDREIRA     ;0;0
110;7; ERNESTINA    ;8;0
111;7; PASSO REAL   ;66;0.3
112;7; JACUI        ;0;0
113;7; ITAUBA       ;3;0
114;7; D. FRANCISCA ;3;0
115;7; G.P. SOUZA   ;14;0.1
117;7; GUARAPIRANGA ;10;10.3
118;7; BILLINGS     ;13;7.9
119;7; HENRY BORDEN ;0;0
120;7; JAGUARI      ;20;5.2
121;7; PARAIBUNA    ;46;0.2
122;7; SANTA BRANCA ;7;0
123;7; FUNIL        ;97;9
124;7; LAJES        ;7;0
125;7; STA CECILIA  ;50;0.8
126;7; PICADA       ;30;0.1
127;7; SOBRAGI      ;24;0.8
129;7; SIMPLICIO    ;134;91.5
130;7; ILHA POMBOS  ;55;-89.2
131;7; NILO PECANHA ;0;0
133;7; P. PASSOS    ;0;0
134;7; SALTO GRANDE ;100;0.3
135;7; P. ESTRELA   ;0;0
139;7; CANDONGA     ;144;1.3
141;7; BAGUARI      ;142;3.9
143;7; AIMORES      ;61;2.9
144;7; MASCARENHAS  ;109;2.7
145;7; SUICA        ;9;0.1
146;7; FONTES C     ;0;5.5
147;7; FONTES AB    ;0;0
148;7; IRAPE        ;128;0.4
153;7; SAO DOMINGOS ;98;0.4
154;7; ITAPEBI      ;147;3.6
155;7; RETIRO BAIXO ;133;3.3
156;7; TRES MARIAS  ;756;8.4
162;7; QUEIMADO     ;65;1.4
169;7; SOBRADINHO   ;3837;89
172;7; ITAPARICA    ;0;77.7
173;7; MOXOTO       ;0;2.7
174;7; P.AFONSO 123 ;0;0.1
175;7; P.AFONSO 4   ;0;0
178;7; XINGO        ;0;0.4
180;7; TOCOS        ;15;0
181;7; SANTANA      ;7;0
182;7; VIGARIO      ;0;0
185;7; BARRA BRAUNA ;151;1.7
189;7; P. CAVALO    ;26;7.9
190;7; B. ESPERANCA ;833;1.9
192;7; GUILMAN-AMOR ;64;0.7
193;7; SA CARVALHO  ;1;0
195;7; JAURU        ;89;0.1
196;7; GUAPORE      ;38;0
203;7; CORUMBA III  ;34;0.5
204;7; CACH.CALDEIR ;1518;0
215;7; SALTO PILAO  ;33;0.2
217;7; ROSAL        ;41;0.2
225;7; SLT APIACAS  ;346;0.3
227;7; SINOP        ;1459;17.2
228;7; COLIDER      ;136;0
229;7; TELES PIRES  ;2418;12.3
230;7; SAO MANOEL   ;22;-10.5
241;7; SLT VERDINHO ;13;0
249;7; OURINHOS     ;2;0
251;7; SERRA MESA   ;919;21.1
252;7; CANA BRAVA   ;117;0.1
253;7; SAO SALVADOR ;115;0.2
257;7; PEIXE ANGIC  ;907;5.6
261;7; LAJEADO      ;950;2.6
262;7; SALTO        ;158;0.4
267;7; ESTREITO TOC ;2638;2.1
272;7; CURUA-UNA    ;245;0.1
275;7; TUCURUI      ;15546;49.7
276;7; RONDON II    ;113;0.3
277;7; BALBINA      ;1111;0
278;7; MANSO        ;178;0.2
279;7; SAMUEL       ;735;0.4
280;7; COARACY NUNE ;5;0
281;7; PONTE PEDRA  ;82;0.7
283;7; STA CLARA MG ;89;1.1
284;7; FERREIRA GOM ;12;0
285;7; JIRAU        ;34600;64.6
286;7; STO ANT JARI ;1737;0.9
287;7; STO ANTONIO  ;543;0
288;7; BELO MONTE   ;0;0
290;7; ESPORA       ;68;0.1
304;7; ITIQUIRA I   ;88;0.3
305;7; ITIQUIRA II  ;0;0
309;7; JURUENA      ;142;2.3
310;7; DARDANELOS   ;693;0.2
311;7; CACU         ;208;0.4
312;7; B. COQUEIROS ;9;0
314;7; PIMENTAL     ;18427;7.5
315;7; FOZ R. CLARO ;16;0.1
1;8; CAMARGOS     ;92;0.6
2;8; ITUTINGA     ;0;0
4;8; FUNIL-GRANDE ;175;3.8
6;8; FURNAS       ;523;11
7;8; M. DE MORAES ;146;1.1
8;8; ESTREITO     ;34;0.2
9;8; JAGUARA      ;14;0.2
10;8; IGARAPAVA    ;40;0.3
11;8; VOLTA GRANDE ;89;2.4
12;8; P. COLOMBIA  ;221;9.4
14;8; CACONDE      ;66;1.2
15;8; E. DA CUNHA  ;42;2.1
16;8; A.S.OLIVEIRA ;1;0.1
17;8; MARIMBONDO   ;507;55.7
18;8; A. VERMELHA  ;271;9.8
20;8; BATALHA      ;167;4.6
21;8; SERRA FACAO  ;105;0.9
24;8; EMBORCACAO   ;381;13.1
25;8; NOVA PONTE   ;367;2.2
26;8; MIRANDA      ;14;1.5
27;8; CAPIM BRANC1 ;2;0.6
28;8; CAPIM BRANC2 ;4;1.5
29;8; CORUMBA IV   ;107;3.1
30;8; CORUMBA I    ;306;5.8
31;8; ITUMBIARA    ;323;13.6
32;8; CACH.DOURADA ;57;1.6
33;8; SAO SIMAO    ;1020;26
34;8; I. SOLTEIRA  ;304;4.1
37;8; BARRA BONITA ;254;55.3
38;8; A.S. LIMA    ;69;7.9
39;8; IBITINGA     ;134;5.5
40;8; PROMISSAO    ;47;3.7
42;8; NAVANHANDAVA ;18;4.4
43;8; TRES IRMAOS  ;19;4.4
45;8; JUPIA        ;347;1.8
46;8; P. PRIMAVERA ;533;17.8
47;8; A.A. LAYDNER ;76;6.9
48;8; PIRAJU       ;2;0.1
49;8; CHAVANTES    ;42;0.8
50;8; L.N. GARCEZ  ;58;2.8
51;8; CANOAS II    ;5;0.2
52;8; CANOAS I     ;10;0.3
53;8; PARANAPANEMA ;0;0
57;8; MAUA         ;66;1
61;8; CAPIVARA     ;188;3.3
62;8; TAQUARUCU    ;38;0.3
63;8; ROSANA       ;88;2.1
66;8; ITAIPU       ;1077;17
71;8; STA CLARA PR ;30;0.4
72;8; FUNDAO       ;2;0
73;8; JORDAO       ;8;0
74;8; G.B. MUNHOZ  ;170;6.9
76;8; SEGREDO      ;39;0.1
77;8; SLT.SANTIAGO ;21;0.3
78;8; SALTO OSORIO ;8;0.1
82;8; SALTO CAXIAS ;52;1.1
83;8; BAIXO IGUACU ;21;1.2
86;8; BARRA GRANDE ;51;0.4
87;8; CANASTRA     ;2;0.5
88;8; SAO ROQUE    ;57;0.5
89;8; GARIBALDI    ;13;0.4
90;8; CAMPOS NOVOS ;7;0.1
91;8; MACHADINHO   ;29;0.2
92;8; ITA          ;52;1.6
93;8; PASSO FUNDO  ;6;0.3
94;8; MONJOLINHO   ;4;0.1
95;8; QUEBRA QUEIX ;20;0.1
97;8; CASTRO ALVES ;28;0.4
98;8; MONTE CLARO  ;9;0.9
99;8; 14 DE JULHO  ;1;0.5
101;8; SAO JOSE     ;57;0.5
102;8; PASSO S JOAO ;2;0
103;8; FOZ CHAPECO  ;41;0.8
107;8; EDGARD SOUZA ;61;-21.9
108;8; TRAICAO      ;0;0
109;8; PEDREIRA     ;0;0
110;8; ERNESTINA    ;8;0
111;8; PASSO REAL   ;66;0.3
112;8; JACUI        ;0;0
113;8; ITAUBA       ;3;0
114;8; D. FRANCISCA ;3;0
115;8; G.P. SOUZA   ;14;0.1
117;8; GUARAPIRANGA ;10;10.3
118;8; BILLINGS     ;13;7.9
119;8; HENRY BORDEN ;0;0
120;8; JAGUARI      ;20;5.2
121;8; PARAIBUNA    ;46;0.2
122;8; SANTA BRANCA ;7;0
123;8; FUNIL        ;97;9
124;8; LAJES        ;7;0
125;8; STA CECILIA  ;50;0.8
126;8; PICADA       ;30;0.1
127;8; SOBRAGI      ;24;0.8
129;8; SIMPLICIO    ;134;91.5
130;8; ILHA POMBOS  ;55;-89.2
131;8; NILO PECANHA ;0;0
133;8; P. PASSOS    ;0;0
134;8; SALTO GRANDE ;100;0.3
135;8; P. ESTRELA   ;0;0
139;8; CANDONGA     ;144;1.3
141;8; BAGUARI      ;142;3.9
143;8; AIMORES      ;61;2.9
144;8; MASCARENHAS  ;109;2.7
145;8; SUICA        ;9;0.1
146;8; FONTES C     ;0;5.5
147;8; FONTES AB    ;0;0
148;8; IRAPE        ;128;0.4
153;8; SAO DOMINGOS ;98;0.4
154;8; ITAPEBI      ;147;3.6
155;8; RETIRO BAIXO ;133;3.3
156;8; TRES MARIAS  ;756;8.4
162;8; QUEIMADO     ;65;1.4
169;8; SOBRADINHO   ;3837;89
172;8; ITAPARICA    ;0;77.7
173;8; MOXOTO       ;0;2.7
174;8; P.AFONSO 123 ;0;0.1
175;8; P.AFONSO 4   ;0;0
178;8; XINGO        ;0;0.4
180;8; TOCOS        ;15;0
181;8; SANTANA      ;7;0
182;8; VIGARIO      ;0;0
185;8; BARRA BRAUNA ;151;1.7
189;8; P. CAVALO    ;26;7.9
190;8; B. ESPERANCA ;833;1.9
192;8; GUILMAN-AMOR ;64;0.7
193;8; SA CARVALHO  ;1;0
195;8; JAURU        ;89;0.1
196;8; GUAPORE      ;38;0
203;8; CORUMBA III  ;34;0.5
204;8; CACH.CALDEIR ;1518;0
215;8; SALTO PILAO  ;33;0.2
217;8; ROSAL        ;41;0.2
225;8; SLT APIACAS  ;346;0.3
227;8; SINOP        ;1459;17.2
228;8; COLIDER      ;136;0
229;8; TELES PIRES  ;2418;12.3
230;8; SAO MANOEL   ;22;-10.5
241;8; SLT VERDINHO ;13;0
249;8; OURINHOS     ;2;0
251;8; SERRA MESA   ;919;21.1
252;8; CANA BRAVA   ;117;0.1
253;8; SAO SALVADOR ;115;0.2
257;8; PEIXE ANGIC  ;907;5.6
261;8; LAJEADO      ;950;2.6
262;8; SALTO        ;158;0.4
267;8; ESTREITO TOC ;2638;2.1
272;8; CURUA-UNA    ;245;0.1
275;8; TUCURUI      ;15546;49.7
276;8; RONDON II    ;113;0.3
277;8; BALBINA      ;1111;0
278;8; MANSO        ;178;0.2
279;8; SAMUEL       ;735;0.4
280;8; COARACY NUNE ;5;0
281;8; PONTE PEDRA  ;82;0.7
283;8; STA CLARA MG ;89;1.1
284;8; FERREIRA GOM ;12;0
285;8; JIRAU        ;34600;64.6
286;8; STO ANT JARI ;1737;0.9
287;8; STO ANTONIO  ;543;0
288;8; BELO MONTE   ;0;0
290;8; ESPORA       ;68;0.1
304;8; ITIQUIRA I   ;88;0.3
305;8; ITIQUIRA II  ;0;0
309;8; JURUENA      ;142;2.3
310;8; DARDANELOS   ;693;0.2
311;8; CACU         ;208;0.4
312;8; B. COQUEIROS ;9;0
314;8; PIMENTAL     ;18427;7.5
315;8; FOZ R. CLARO ;16;0.1
1;9; CAMARGOS     ;92;0.6
2;9; ITUTINGA     ;0;0
4;9; FUNIL-GRANDE ;175;3.8
6;9; FURNAS       ;523;11
7;9; M. DE MORAES ;146;1.1
8;9; ESTREITO     ;34;0.2
9;9; JAGUARA      ;14;0.2
10;9; IGARAPAVA    ;40;0.3
11;9; VOLTA GRANDE ;89;2.4
12;9; P. COLOMBIA  ;221;9.4
14;9; CACONDE      ;66;1.2
15;9; E. DA CUNHA  ;42;2.1
16;9; A.S.OLIVEIRA ;1;0.1
17;9; MARIMBONDO   ;507;55.7
18;9; A. VERMELHA  ;271;9.8
20;9; BATALHA      ;167;4.6
21;9; SERRA FACAO  ;105;0.9
24;9; EMBORCACAO   ;381;13.1
25;9; NOVA PONTE   ;367;2.2
26;9; MIRANDA      ;14;1.5
27;9; CAPIM BRANC1 ;2;0.6
28;9; CAPIM BRANC2 ;4;1.5
29;9; CORUMBA IV   ;107;3.1
30;9; CORUMBA I    ;306;5.8
31;9; ITUMBIARA    ;323;13.6
32;9; CACH.DOURADA ;57;1.6
33;9; SAO SIMAO    ;1020;26
34;9; I. SOLTEIRA  ;304;4.1
37;9; BARRA BONITA ;254;55.3
38;9; A.S. LIMA    ;69;7.9
39;9; IBITINGA     ;134;5.5
40;9; PROMISSAO    ;47;3.7
42;9; NAVANHANDAVA ;18;4.4
43;9; TRES IRMAOS  ;19;4.4
45;9; JUPIA        ;347;1.8
46;9; P. PRIMAVERA ;533;17.8
47;9; A.A. LAYDNER ;76;6.9
48;9; PIRAJU       ;2;0.1
49;9; CHAVANTES    ;42;0.8
50;9; L.N. GARCEZ  ;58;2.8
51;9; CANOAS II    ;5;0.2
52;9; CANOAS I     ;10;0.3
53;9; PARANAPANEMA ;0;0
57;9; MAUA         ;66;1
61;9; CAPIVARA     ;188;3.3
62;9; TAQUARUCU    ;38;0.3
63;9; ROSANA       ;88;2.1
66;9; ITAIPU       ;1077;17
71;9; STA CLARA PR ;30;0.4
72;9; FUNDAO       ;2;0
73;9; JORDAO       ;8;0
74;9; G.B. MUNHOZ  ;170;6.9
76;9; SEGREDO      ;39;0.1
77;9; SLT.SANTIAGO ;21;0.3
78;9; SALTO OSORIO ;8;0.1
82;9; SALTO CAXIAS ;52;1.1
83;9; BAIXO IGUACU ;21;1.2
86;9; BARRA GRANDE ;51;0.4
87;9; CANASTRA     ;2;0.5
88;9; SAO ROQUE    ;57;0.5
89;9; GARIBALDI    ;13;0.4
90;9; CAMPOS NOVOS ;7;0.1
91;9; MACHADINHO   ;29;0.2
92;9; ITA          ;52;1.6
93;9; PASSO FUNDO  ;6;0.3
94;9; MONJOLINHO   ;4;0.1
95;9; QUEBRA QUEIX ;20;0.1
97;9; CASTRO ALVES ;28;0.4
98;9; MONTE CLARO  ;9;0.9
99;9; 14 DE JULHO  ;1;0.5
101;9; SAO JOSE     ;57;0.5
102;9; PASSO S JOAO ;2;0
103;9; FOZ CHAPECO  ;41;0.8
107;9; EDGARD SOUZA ;61;-21.9
108;9; TRAICAO      ;0;0
109;9; PEDREIRA     ;0;0
110;9; ERNESTINA    ;8;0
111;9; PASSO REAL   ;66;0.3
112;9; JACUI        ;0;0
113;9; ITAUBA       ;3;0
114;9; D. FRANCISCA ;3;0
115;9; G.P. SOUZA   ;14;0.1
117;9; GUARAPIRANGA ;10;10.3
118;9; BILLINGS     ;13;7.9
119;9; HENRY BORDEN ;0;0
120;9; JAGUARI      ;20;5.2
121;9; PARAIBUNA    ;46;0.2
122;9; SANTA BRANCA ;7;0
123;9; FUNIL        ;97;9
124;9; LAJES        ;7;0
125;9; STA CECILIA  ;50;0.8
126;9; PICADA       ;30;0.1
127;9; SOBRAGI      ;24;0.8
129;9; SIMPLICIO    ;134;91.5
130;9; ILHA POMBOS  ;55;-89.2
131;9; NILO PECANHA ;0;0
133;9; P. PASSOS    ;0;0
134;9; SALTO GRANDE ;100;0.3
135;9; P. ESTRELA   ;0;0
139;9; CANDONGA     ;144;1.3
141;9; BAGUARI      ;142;3.9
143;9; AIMORES      ;61;2.9
144;9; MASCARENHAS  ;109;2.7
145;9; SUICA        ;9;0.1
146;9; FONTES C     ;0;5.5
147;9; FONTES AB    ;0;0
148;9; IRAPE        ;128;0.4
153;9; SAO DOMINGOS ;98;0.4
154;9; ITAPEBI      ;147;3.6
155;9; RETIRO BAIXO ;133;3.3
156;9; TRES MARIAS  ;756;8.4
162;9; QUEIMADO     ;65;1.4
169;9; SOBRADINHO   ;3837;89
172;9; ITAPARICA    ;0;77.7
173;9; MOXOTO       ;0;2.7
174;9; P.AFONSO 123 ;0;0.1
175;9; P.AFONSO 4   ;0;0
178;9; XINGO        ;0;0.4
180;9; TOCOS        ;15;0
181;9; SANTANA      ;7;0
182;9; VIGARIO      ;0;0
185;9; BARRA BRAUNA ;151;1.7
189;9; P. CAVALO    ;26;7.9
190;9; B. ESPERANCA ;833;1.9
192;9; GUILMAN-AMOR ;64;0.7
193;9; SA CARVALHO  ;1;0
195;9; JAURU        ;89;0.1
196;9; GUAPORE      ;38;0
203;9; CORUMBA III  ;34;0.5
204;9; CACH.CALDEIR ;1518;0
215;9; SALTO PILAO  ;33;0.2
217;9; ROSAL        ;41;0.2
225;9; SLT APIACAS  ;346;0.3
227;9; SINOP        ;1459;17.2
228;9; COLIDER      ;136;0
229;9; TELES PIRES  ;2418;12.3
230;9; SAO MANOEL   ;22;-10.5
241;9; SLT VERDINHO ;13;0
249;9; OURINHOS     ;2;0
251;9; SERRA MESA   ;919;21.1
252;9; CANA BRAVA   ;117;0.1
253;9; SAO SALVADOR ;115;0.2
257;9; PEIXE ANGIC  ;907;5.6
261;9; LAJEADO      ;950;2.6
262;9; SALTO        ;158;0.4
267;9; ESTREITO TOC ;2638;2.1
272;9; CURUA-UNA    ;245;0.1
275;9; TUCURUI      ;15546;49.7
276;9; RONDON II    ;113;0.3
277;9; BALBINA      ;1111;0
278;9; MANSO        ;178;0.2
279;9; SAMUEL       ;735;0.4
280;9; COARACY NUNE ;5;0
281;9; PONTE PEDRA  ;82;0.7
283;9; STA CLARA MG ;89;1.1
284;9; FERREIRA GOM ;12;0
285;9; JIRAU        ;34600;64.6
286;9; STO ANT JARI ;1737;0.9
287;9; STO ANTONIO  ;543;0
288;9; BELO MONTE   ;0;0
290;9; ESPORA       ;68;0.1
304;9; ITIQUIRA I   ;88;0.3
305;9; ITIQUIRA II  ;0;0
309;9; JURUENA      ;142;2.3
310;9; DARDANELOS   ;693;0.2
311;9; CACU         ;208;0.4
312;9; B. COQUEIROS ;9;0
314;9; PIMENTAL     ;18427;7.5
315;9; FOZ R. CLARO ;16;0.1
1;10; CAMARGOS     ;92;0.6
2;10; ITUTINGA     ;0;0
4;10; FUNIL-GRANDE ;175;3.8
6;10; FURNAS       ;523;11
7;10; M. DE MORAES ;146;1.1
8;10; ESTREITO     ;34;0.2
9;10; JAGUARA      ;14;0.2
10;10; IGARAPAVA    ;40;0.3
11;10; VOLTA GRANDE ;89;2.4
12;10; P. COLOMBIA  ;221;9.4
14;10; CACONDE      ;66;1.2
15;10; E. DA CUNHA  ;42;2.1
16;10; A.S.OLIVEIRA ;1;0.1
17;10; MARIMBONDO   ;507;55.7
18;10; A. VERMELHA  ;271;9.8
20;10; BATALHA      ;167;4.6
21;10; SERRA FACAO  ;105;0.9
24;10; EMBORCACAO   ;381;13.1
25;10; NOVA PONTE   ;367;2.2
26;10; MIRANDA      ;14;1.5
27;10; CAPIM BRANC1 ;2;0.6
28;10; CAPIM BRANC2 ;4;1.5
29;10; CORUMBA IV   ;107;3.1
30;10; CORUMBA I    ;306;5.8
31;10; ITUMBIARA    ;323;13.6
32;10; CACH.DOURADA ;57;1.6
33;10; SAO SIMAO    ;1020;26
34;10; I. SOLTEIRA  ;304;4.1
37;10; BARRA BONITA ;254;55.3
38;10; A.S. LIMA    ;69;7.9
39;10; IBITINGA     ;134;5.5
40;10; PROMISSAO    ;47;3.7
42;10; NAVANHANDAVA ;18;4.4
43;10; TRES IRMAOS  ;19;4.4
45;10; JUPIA        ;347;1.8
46;10; P. PRIMAVERA ;533;17.8
47;10; A.A. LAYDNER ;76;6.9
48;10; PIRAJU       ;2;0.1
49;10; CHAVANTES    ;42;0.8
50;10; L.N. GARCEZ  ;58;2.8
51;10; CANOAS II    ;5;0.2
52;10; CANOAS I     ;10;0.3
53;10; PARANAPANEMA ;0;0
57;10; MAUA         ;66;1
61;10; CAPIVARA     ;188;3.3
62;10; TAQUARUCU    ;38;0.3
63;10; ROSANA       ;88;2.1
66;10; ITAIPU       ;1077;17
71;10; STA CLARA PR ;30;0.4
72;10; FUNDAO       ;2;0
73;10; JORDAO       ;8;0
74;10; G.B. MUNHOZ  ;170;6.9
76;10; SEGREDO      ;39;0.1
77;10; SLT.SANTIAGO ;21;0.3
78;10; SALTO OSORIO ;8;0.1
82;10; SALTO CAXIAS ;52;1.1
83;10; BAIXO IGUACU ;21;1.2
86;10; BARRA GRANDE ;51;0.4
87;10; CANASTRA     ;2;0.5
88;10; SAO ROQUE    ;57;0.5
89;10; GARIBALDI    ;13;0.4
90;10; CAMPOS NOVOS ;7;0.1
91;10; MACHADINHO   ;29;0.2
92;10; ITA          ;52;1.6
93;10; PASSO FUNDO  ;6;0.3
94;10; MONJOLINHO   ;4;0.1
95;10; QUEBRA QUEIX ;20;0.1
97;10; CASTRO ALVES ;28;0.4
98;10; MONTE CLARO  ;9;0.9
99;10; 14 DE JULHO  ;1;0.5
101;10; SAO JOSE     ;57;0.5
102;10; PASSO S JOAO ;2;0
103;10; FOZ CHAPECO  ;41;0.8
107;10; EDGARD SOUZA ;61;-21.9
108;10; TRAICAO      ;0;0
109;10; PEDREIRA     ;0;0
110;10; ERNESTINA    ;8;0
111;10; PASSO REAL   ;66;0.3
112;10; JACUI        ;0;0
113;10; ITAUBA       ;3;0
114;10; D. FRANCISCA ;3;0
115;10; G.P. SOUZA   ;14;0.1
117;10; GUARAPIRANGA ;10;10.3
118;10; BILLINGS     ;13;7.9
119;10; HENRY BORDEN ;0;0
120;10; JAGUARI      ;20;5.2
121;10; PARAIBUNA    ;46;0.2
122;10; SANTA BRANCA ;7;0
123;10; FUNIL        ;97;9
124;10; LAJES        ;7;0
125;10; STA CECILIA  ;50;0.8
126;10; PICADA       ;30;0.1
127;10; SOBRAGI      ;24;0.8
129;10; SIMPLICIO    ;134;91.5
130;10; ILHA POMBOS  ;55;-89.2
131;10; NILO PECANHA ;0;0
133;10; P. PASSOS    ;0;0
134;10; SALTO GRANDE ;100;0.3
135;10; P. ESTRELA   ;0;0
139;10; CANDONGA     ;144;1.3
141;10; BAGUARI      ;142;3.9
143;10; AIMORES      ;61;2.9
144;10; MASCARENHAS  ;109;2.7
145;10; SUICA        ;9;0.1
146;10; FONTES C     ;0;5.5
147;10; FONTES AB    ;0;0
148;10; IRAPE        ;128;0.4
153;10; SAO DOMINGOS ;98;0.4
154;10; ITAPEBI      ;147;3.6
155;10; RETIRO BAIXO ;133;3.3
156;10; TRES MARIAS  ;756;8.4
162;10; QUEIMADO     ;65;1.4
169;10; SOBRADINHO   ;3837;89
172;10; ITAPARICA    ;0;77.7
173;10; MOXOTO       ;0;2.7
174;10; P.AFONSO 123 ;0;0.1
175;10; P.AFONSO 4   ;0;0
178;10; XINGO        ;0;0.4
180;10; TOCOS        ;15;0
181;10; SANTANA      ;7;0
182;10; VIGARIO      ;0;0
185;10; BARRA BRAUNA ;151;1.7
189;10; P. CAVALO    ;26;7.9
190;10; B. ESPERANCA ;833;1.9
192;10; GUILMAN-AMOR ;64;0.7
193;10; SA CARVALHO  ;1;0
195;10; JAURU        ;89;0.1
196;10; GUAPORE      ;38;0
203;10; CORUMBA III  ;34;0.5
204;10; CACH.CALDEIR ;1518;0
215;10; SALTO PILAO  ;33;0.2
217;10; ROSAL        ;41;0.2
225;10; SLT APIACAS  ;346;0.3
227;10; SINOP        ;1459;17.2
228;10; COLIDER      ;136;0
229;10; TELES PIRES  ;2418;12.3
230;10; SAO MANOEL   ;22;-10.5
241;10; SLT VERDINHO ;13;0
249;10; OURINHOS     ;2;0
251;10; SERRA MESA   ;919;21.1
252;10; CANA BRAVA   ;117;0.1
253;10; SAO SALVADOR ;115;0.2
257;10; PEIXE ANGIC  ;907;5.6
261;10; LAJEADO      ;950;2.6
262;10; SALTO        ;158;0.4
267;10; ESTREITO TOC ;2638;2.1
272;10; CURUA-UNA    ;245;0.1
275;10; TUCURUI      ;15546;49.7
276;10; RONDON II    ;113;0.3
277;10; BALBINA      ;1111;0
278;10; MANSO        ;178;0.2
279;10; SAMUEL       ;735;0.4
280;10; COARACY NUNE ;5;0
281;10; PONTE PEDRA  ;82;0.7
283;10; STA CLARA MG ;89;1.1
284;10; FERREIRA GOM ;12;0
285;10; JIRAU        ;34600;64.6
286;10; STO ANT JARI ;1737;0.9
287;10; STO ANTONIO  ;543;0
288;10; BELO MONTE   ;0;0
290;10; ESPORA       ;68;0.1
304;10; ITIQUIRA I   ;88;0.3
305;10; ITIQUIRA II  ;0;0
309;10; JURUENA      ;142;2.3
310;10; DARDANELOS   ;693;0.2
311;10; CACU         ;208;0.4
312;10; B. COQUEIROS ;9;0
314;10; PIMENTAL     ;18427;7.5
315;10; FOZ R. CLARO ;16;0.1
1;11; CAMARGOS     ;92;0.6
2;11; ITUTINGA     ;0;0
4;11; FUNIL-GRANDE ;175;3.8
6;11; FURNAS       ;523;11
7;11; M. DE MORAES ;146;1.1
8;11; ESTREITO     ;34;0.2
9;11; JAGUARA      ;14;0.2
10;11; IGARAPAVA    ;40;0.3
11;11; VOLTA GRANDE ;89;2.4
12;11; P. COLOMBIA  ;221;9.4
14;11; CACONDE      ;66;1.2
15;11; E. DA CUNHA  ;42;2.1
16;11; A.S.OLIVEIRA ;1;0.1
17;11; MARIMBONDO   ;507;55.7
18;11; A. VERMELHA  ;271;9.8
20;11; BATALHA      ;167;4.6
21;11; SERRA FACAO  ;105;0.9
24;11; EMBORCACAO   ;381;13.1
25;11; NOVA PONTE   ;367;2.2
26;11; MIRANDA      ;14;1.5
27;11; CAPIM BRANC1 ;2;0.6
28;11; CAPIM BRANC2 ;4;1.5
29;11; CORUMBA IV   ;107;3.1
30;11; CORUMBA I    ;306;5.8
31;11; ITUMBIARA    ;323;13.6
32;11; CACH.DOURADA ;57;1.6
33;11; SAO SIMAO    ;1020;26
34;11; I. SOLTEIRA  ;304;4.1
37;11; BARRA BONITA ;254;55.3
38;11; A.S. LIMA    ;69;7.9
39;11; IBITINGA     ;134;5.5
40;11; PROMISSAO    ;47;3.7
42;11; NAVANHANDAVA ;18;4.4
43;11; TRES IRMAOS  ;19;4.4
45;11; JUPIA        ;347;1.8
46;11; P. PRIMAVERA ;533;17.8
47;11; A.A. LAYDNER ;76;6.9
48;11; PIRAJU       ;2;0.1
49;11; CHAVANTES    ;42;0.8
50;11; L.N. GARCEZ  ;58;2.8
51;11; CANOAS II    ;5;0.2
52;11; CANOAS I     ;10;0.3
53;11; PARANAPANEMA ;0;0
57;11; MAUA         ;66;1
61;11; CAPIVARA     ;188;3.3
62;11; TAQUARUCU    ;38;0.3
63;11; ROSANA       ;88;2.1
66;11; ITAIPU       ;1077;17
71;11; STA CLARA PR ;30;0.4
72;11; FUNDAO       ;2;0
73;11; JORDAO       ;8;0
74;11; G.B. MUNHOZ  ;170;6.9
76;11; SEGREDO      ;39;0.1
77;11; SLT.SANTIAGO ;21;0.3
78;11; SALTO OSORIO ;8;0.1
82;11; SALTO CAXIAS ;52;1.1
83;11; BAIXO IGUACU ;21;1.2
86;11; BARRA GRANDE ;51;0.4
87;11; CANASTRA     ;2;0.5
88;11; SAO ROQUE    ;57;0.5
89;11; GARIBALDI    ;13;0.4
90;11; CAMPOS NOVOS ;7;0.1
91;11; MACHADINHO   ;29;0.2
92;11; ITA          ;52;1.6
93;11; PASSO FUNDO  ;6;0.3
94;11; MONJOLINHO   ;4;0.1
95;11; QUEBRA QUEIX ;20;0.1
97;11; CASTRO ALVES ;28;0.4
98;11; MONTE CLARO  ;9;0.9
99;11; 14 DE JULHO  ;1;0.5
101;11; SAO JOSE     ;57;0.5
102;11; PASSO S JOAO ;2;0
103;11; FOZ CHAPECO  ;41;0.8
107;11; EDGARD SOUZA ;61;-21.9
108;11; TRAICAO      ;0;0
109;11; PEDREIRA     ;0;0
110;11; ERNESTINA    ;8;0
111;11; PASSO REAL   ;66;0.3
112;11; JACUI        ;0;0
113;11; ITAUBA       ;3;0
114;11; D. FRANCISCA ;3;0
115;11; G.P. SOUZA   ;14;0.1
117;11; GUARAPIRANGA ;10;10.3
118;11; BILLINGS     ;13;7.9
119;11; HENRY BORDEN ;0;0
120;11; JAGUARI      ;20;5.2
121;11; PARAIBUNA    ;46;0.2
122;11; SANTA BRANCA ;7;0
123;11; FUNIL        ;97;9
124;11; LAJES        ;7;0
125;11; STA CECILIA  ;50;0.8
126;11; PICADA       ;30;0.1
127;11; SOBRAGI      ;24;0.8
129;11; SIMPLICIO    ;134;91.5
130;11; ILHA POMBOS  ;55;-89.2
131;11; NILO PECANHA ;0;0
133;11; P. PASSOS    ;0;0
134;11; SALTO GRANDE ;100;0.3
135;11; P. ESTRELA   ;0;0
139;11; CANDONGA     ;144;1.3
141;11; BAGUARI      ;142;3.9
143;11; AIMORES      ;61;2.9
144;11; MASCARENHAS  ;109;2.7
145;11; SUICA        ;9;0.1
146;11; FONTES C     ;0;5.5
147;11; FONTES AB    ;0;0
148;11; IRAPE        ;128;0.4
153;11; SAO DOMINGOS ;98;0.4
154;11; ITAPEBI      ;147;3.6
155;11; RETIRO BAIXO ;133;3.3
156;11; TRES MARIAS  ;756;8.4
162;11; QUEIMADO     ;65;1.4
169;11; SOBRADINHO   ;3837;89
172;11; ITAPARICA    ;0;77.7
173;11; MOXOTO       ;0;2.7
174;11; P.AFONSO 123 ;0;0.1
175;11; P.AFONSO 4   ;0;0
178;11; XINGO        ;0;0.4
180;11; TOCOS        ;15;0
181;11; SANTANA      ;7;0
182;11; VIGARIO      ;0;0
185;11; BARRA BRAUNA ;151;1.7
189;11; P. CAVALO    ;26;7.9
190;11; B. ESPERANCA ;833;1.9
192;11; GUILMAN-AMOR ;64;0.7
193;11; SA CARVALHO  ;1;0
195;11; JAURU        ;89;0.1
196;11; GUAPORE      ;38;0
203;11; CORUMBA III  ;34;0.5
204;11; CACH.CALDEIR ;1518;0
215;11; SALTO PILAO  ;33;0.2
217;11; ROSAL        ;41;0.2
225;11; SLT APIACAS  ;346;0.3
227;11; SINOP        ;1459;17.2
228;11; COLIDER      ;136;0
229;11; TELES PIRES  ;2418;12.3
230;11; SAO MANOEL   ;22;-10.5
241;11; SLT VERDINHO ;13;0
249;11; OURINHOS     ;2;0
251;11; SERRA MESA   ;919;21.1
252;11; CANA BRAVA   ;117;0.1
253;11; SAO SALVADOR ;115;0.2
257;11; PEIXE ANGIC  ;907;5.6
261;11; LAJEADO      ;950;2.6
262;11; SALTO        ;158;0.4
267;11; ESTREITO TOC ;2638;2.1
272;11; CURUA-UNA    ;245;0.1
275;11; TUCURUI      ;15546;49.7
276;11; RONDON II    ;113;0.3
277;11; BALBINA      ;1111;0
278;11; MANSO        ;178;0.2
279;11; SAMUEL       ;735;0.4
280;11; COARACY NUNE ;5;0
281;11; PONTE PEDRA  ;82;0.7
283;11; STA CLARA MG ;89;1.1
284;11; FERREIRA GOM ;12;0
285;11; JIRAU        ;34600;64.6
286;11; STO ANT JARI ;1737;0.9
287;11; STO ANTONIO  ;543;0
288;11; BELO MONTE   ;0;0
290;11; ESPORA       ;68;0.1
304;11; ITIQUIRA I   ;88;0.3
305;11; ITIQUIRA II  ;0;0
309;11; JURUENA      ;142;2.3
310;11; DARDANELOS   ;693;0.2
311;11; CACU         ;208;0.4
312;11; B. COQUEIROS ;9;0
314;11; PIMENTAL     ;18427;7.5
315;11; FOZ R. CLARO ;16;0.1
1;12; CAMARGOS     ;92;0.6
2;12; ITUTINGA     ;0;0
4;12; FUNIL-GRANDE ;175;3.8
6;12; FURNAS       ;523;11
7;12; M. DE MORAES ;146;1.1
8;12; ESTREITO     ;34;0.2
9;12; JAGUARA      ;14;0.2
10;12; IGARAPAVA    ;40;0.3
11;12; VOLTA GRANDE ;89;2.4
12;12; P. COLOMBIA  ;221;9.4
14;12; CACONDE      ;66;1.2
15;12; E. DA CUNHA  ;42;2.1
16;12; A.S.OLIVEIRA ;1;0.1
17;12; MARIMBONDO   ;507;55.7
18;12; A. VERMELHA  ;271;9.8
20;12; BATALHA      ;167;4.6
21;12; SERRA FACAO  ;105;0.9
24;12; EMBORCACAO   ;381;13.1
25;12; NOVA PONTE   ;367;2.2
26;12; MIRANDA      ;14;1.5
27;12; CAPIM BRANC1 ;2;0.6
28;12; CAPIM BRANC2 ;4;1.5
29;12; CORUMBA IV   ;107;3.1
30;12; CORUMBA I    ;306;5.8
31;12; ITUMBIARA    ;323;13.6
32;12; CACH.DOURADA ;57;1.6
33;12; SAO SIMAO    ;1020;26
34;12; I. SOLTEIRA  ;304;4.1
37;12; BARRA BONITA ;254;55.3
38;12; A.S. LIMA    ;69;7.9
39;12; IBITINGA     ;134;5.5
40;12; PROMISSAO    ;47;3.7
42;12; NAVANHANDAVA ;18;4.4
43;12; TRES IRMAOS  ;19;4.4
45;12; JUPIA        ;347;1.8
46;12; P. PRIMAVERA ;533;17.8
47;12; A.A. LAYDNER ;76;6.9
48;12; PIRAJU       ;2;0.1
49;12; CHAVANTES    ;42;0.8
50;12; L.N. GARCEZ  ;58;2.8
51;12; CANOAS II    ;5;0.2
52;12; CANOAS I     ;10;0.3
53;12; PARANAPANEMA ;0;0
57;12; MAUA         ;66;1
61;12; CAPIVARA     ;188;3.3
62;12; TAQUARUCU    ;38;0.3
63;12; ROSANA       ;88;2.1
66;12; ITAIPU       ;1077;17
71;12; STA CLARA PR ;30;0.4
72;12; FUNDAO       ;2;0
73;12; JORDAO       ;8;0
74;12; G.B. MUNHOZ  ;170;6.9
76;12; SEGREDO      ;39;0.1
77;12; SLT.SANTIAGO ;21;0.3
78;12; SALTO OSORIO ;8;0.1
82;12; SALTO CAXIAS ;52;1.1
83;12; BAIXO IGUACU ;21;1.2
86;12; BARRA GRANDE ;51;0.4
87;12; CANASTRA     ;2;0.5
88;12; SAO ROQUE    ;57;0.5
89;12; GARIBALDI    ;13;0.4
90;12; CAMPOS NOVOS ;7;0.1
91;12; MACHADINHO   ;29;0.2
92;12; ITA          ;52;1.6
93;12; PASSO FUNDO  ;6;0.3
94;12; MONJOLINHO   ;4;0.1
95;12; QUEBRA QUEIX ;20;0.1
97;12; CASTRO ALVES ;28;0.4
98;12; MONTE CLARO  ;9;0.9
99;12; 14 DE JULHO  ;1;0.5
101;12; SAO JOSE     ;57;0.5
102;12; PASSO S JOAO ;2;0
103;12; FOZ CHAPECO  ;41;0.8
107;12; EDGARD SOUZA ;61;-21.9
108;12; TRAICAO      ;0;0
109;12; PEDREIRA     ;0;0
110;12; ERNESTINA    ;8;0
111;12; PASSO REAL   ;66;0.3
112;12; JACUI        ;0;0
113;12; ITAUBA       ;3;0
114;12; D. FRANCISCA ;3;0
115;12; G.P. SOUZA   ;14;0.1
117;12; GUARAPIRANGA ;10;10.3
118;12; BILLINGS     ;13;7.9
119;12; HENRY BORDEN ;0;0
120;12; JAGUARI      ;20;5.2
121;12; PARAIBUNA    ;46;0.2
122;12; SANTA BRANCA ;7;0
123;12; FUNIL        ;97;9
124;12; LAJES        ;7;0
125;12; STA CECILIA  ;50;0.8
126;12; PICADA       ;30;0.1
127;12; SOBRAGI      ;24;0.8
129;12; SIMPLICIO    ;134;91.5
130;12; ILHA POMBOS  ;55;-89.2
131;12; NILO PECANHA ;0;0
133;12; P. PASSOS    ;0;0
134;12; SALTO GRANDE ;100;0.3
135;12; P. ESTRELA   ;0;0
139;12; CANDONGA     ;144;1.3
141;12; BAGUARI      ;142;3.9
143;12; AIMORES      ;61;2.9
144;12; MASCARENHAS  ;109;2.7
145;12; SUICA        ;9;0.1
146;12; FONTES C     ;0;5.5
147;12; FONTES AB    ;0;0
148;12; IRAPE        ;128;0.4
153;12; SAO DOMINGOS ;98;0.4
154;12; ITAPEBI      ;147;3.6
155;12; RETIRO BAIXO ;133;3.3
156;12; TRES MARIAS  ;756;8.4
162;12; QUEIMADO     ;65;1.4
169;12; SOBRADINHO   ;3837;89
172;12; ITAPARICA    ;0;77.7
173;12; MOXOTO       ;0;2.7
174;12; P.AFONSO 123 ;0;0.1
175;12; P.AFONSO 4   ;0;0
178;12; XINGO        ;0;0.4
180;12; TOCOS        ;15;0
181;12; SANTANA      ;7;0
182;12; VIGARIO      ;0;0
185;12; BARRA BRAUNA ;151;1.7
189;12; P. CAVALO    ;26;7.9
190;12; B. ESPERANCA ;833;1.9
192;12; GUILMAN-AMOR ;64;0.7
193;12; SA CARVALHO  ;1;0
195;12; JAURU        ;89;0.1
196;12; GUAPORE      ;38;0
203;12; CORUMBA III  ;34;0.5
204;12; CACH.CALDEIR ;1518;0
215;12; SALTO PILAO  ;33;0.2
217;12; ROSAL        ;41;0.2
225;12; SLT APIACAS  ;346;0.3
227;12; SINOP        ;1459;17.2
228;12; COLIDER      ;136;0
229;12; TELES PIRES  ;2418;12.3
230;12; SAO MANOEL   ;22;-10.5
241;12; SLT VERDINHO ;13;0
249;12; OURINHOS     ;2;0
251;12; SERRA MESA   ;919;21.1
252;12; CANA BRAVA   ;117;0.1
253;12; SAO SALVADOR ;115;0.2
257;12; PEIXE ANGIC  ;907;5.6
261;12; LAJEADO      ;950;2.6
262;12; SALTO        ;158;0.4
267;12; ESTREITO TOC ;2638;2.1
272;12; CURUA-UNA    ;245;0.1
275;12; TUCURUI      ;15546;49.7
276;12; RONDON II    ;113;0.3
277;12; BALBINA      ;1111;0
278;12; MANSO        ;178;0.2
279;12; SAMUEL       ;735;0.4
280;12; COARACY NUNE ;5;0
281;12; PONTE PEDRA  ;82;0.7
283;12; STA CLARA MG ;89;1.1
284;12; FERREIRA GOM ;12;0
285;12; JIRAU        ;34600;64.6
286;12; STO ANT JARI ;1737;0.9
287;12; STO ANTONIO  ;543;0
288;12; BELO MONTE   ;0;0
290;12; ESPORA       ;68;0.1
304;12; ITIQUIRA I   ;88;0.3
305;12; ITIQUIRA II  ;0;0
309;12; JURUENA      ;142;2.3
310;12; DARDANELOS   ;693;0.2
311;12; CACU         ;208;0.4
312;12; B. COQUEIROS ;9;0
314;12; PIMENTAL     ;18427;7.5
315;12; FOZ R. CLARO ;16;0.1
1;13; CAMARGOS     ;92;0.6
2;13; ITUTINGA     ;0;0
4;13; FUNIL-GRANDE ;175;3.8
6;13; FURNAS       ;523;11
7;13; M. DE MORAES ;146;1.1
8;13; ESTREITO     ;34;0.2
9;13; JAGUARA      ;14;0.2
10;13; IGARAPAVA    ;40;0.3
11;13; VOLTA GRANDE ;89;2.4
12;13; P. COLOMBIA  ;221;9.4
14;13; CACONDE      ;66;1.2
15;13; E. DA CUNHA  ;42;2.1
16;13; A.S.OLIVEIRA ;1;0.1
17;13; MARIMBONDO   ;507;55.7
18;13; A. VERMELHA  ;271;9.8
20;13; BATALHA      ;167;4.6
21;13; SERRA FACAO  ;105;0.9
24;13; EMBORCACAO   ;381;13.1
25;13; NOVA PONTE   ;367;2.2
26;13; MIRANDA      ;14;1.5
27;13; CAPIM BRANC1 ;2;0.6
28;13; CAPIM BRANC2 ;4;1.5
29;13; CORUMBA IV   ;107;3.1
30;13; CORUMBA I    ;306;5.8
31;13; ITUMBIARA    ;323;13.6
32;13; CACH.DOURADA ;57;1.6
33;13; SAO SIMAO    ;1020;26
34;13; I. SOLTEIRA  ;304;4.1
37;13; BARRA BONITA ;254;55.3
38;13; A.S. LIMA    ;69;7.9
39;13; IBITINGA     ;134;5.5
40;13; PROMISSAO    ;47;3.7
42;13; NAVANHANDAVA ;18;4.4
43;13; TRES IRMAOS  ;19;4.4
45;13; JUPIA        ;347;1.8
46;13; P. PRIMAVERA ;533;17.8
47;13; A.A. LAYDNER ;76;6.9
48;13; PIRAJU       ;2;0.1
49;13; CHAVANTES    ;42;0.8
50;13; L.N. GARCEZ  ;58;2.8
51;13; CANOAS II    ;5;0.2
52;13; CANOAS I     ;10;0.3
53;13; PARANAPANEMA ;0;0
57;13; MAUA         ;66;1
61;13; CAPIVARA     ;188;3.3
62;13; TAQUARUCU    ;38;0.3
63;13; ROSANA       ;88;2.1
66;13; ITAIPU       ;1077;17
71;13; STA CLARA PR ;30;0.4
72;13; FUNDAO       ;2;0
73;13; JORDAO       ;8;0
74;13; G.B. MUNHOZ  ;170;6.9
76;13; SEGREDO      ;39;0.1
77;13; SLT.SANTIAGO ;21;0.3
78;13; SALTO OSORIO ;8;0.1
82;13; SALTO CAXIAS ;52;1.1
83;13; BAIXO IGUACU ;21;1.2
86;13; BARRA GRANDE ;51;0.4
87;13; CANASTRA     ;2;0.5
88;13; SAO ROQUE    ;57;0.5
89;13; GARIBALDI    ;13;0.4
90;13; CAMPOS NOVOS ;7;0.1
91;13; MACHADINHO   ;29;0.2
92;13; ITA          ;52;1.6
93;13; PASSO FUNDO  ;6;0.3
94;13; MONJOLINHO   ;4;0.1
95;13; QUEBRA QUEIX ;20;0.1
97;13; CASTRO ALVES ;28;0.4
98;13; MONTE CLARO  ;9;0.9
99;13; 14 DE JULHO  ;1;0.5
101;13; SAO JOSE     ;57;0.5
102;13; PASSO S JOAO ;2;0
103;13; FOZ CHAPECO  ;41;0.8
107;13; EDGARD SOUZA ;61;-21.9
108;13; TRAICAO      ;0;0
109;13; PEDREIRA     ;0;0
110;13; ERNESTINA    ;8;0
111;13; PASSO REAL   ;66;0.3
112;13; JACUI        ;0;0
113;13; ITAUBA       ;3;0
114;13; D. FRANCISCA ;3;0
115;13; G.P. SOUZA   ;14;0.1
117;13; GUARAPIRANGA ;10;10.3
118;13; BILLINGS     ;13;7.9
119;13; HENRY BORDEN ;0;0
120;13; JAGUARI      ;20;5.2
121;13; PARAIBUNA    ;46;0.2
122;13; SANTA BRANCA ;7;0
123;13; FUNIL        ;97;9
124;13; LAJES        ;7;0
125;13; STA CECILIA  ;50;0.8
126;13; PICADA       ;30;0.1
127;13; SOBRAGI      ;24;0.8
129;13; SIMPLICIO    ;134;91.5
130;13; ILHA POMBOS  ;55;-89.2
131;13; NILO PECANHA ;0;0
133;13; P. PASSOS    ;0;0
134;13; SALTO GRANDE ;100;0.3
135;13; P. ESTRELA   ;0;0
139;13; CANDONGA     ;144;1.3
141;13; BAGUARI      ;142;3.9
143;13; AIMORES      ;61;2.9
144;13; MASCARENHAS  ;109;2.7
145;13; SUICA        ;9;0.1
146;13; FONTES C     ;0;5.5
147;13; FONTES AB    ;0;0
148;13; IRAPE        ;128;0.4
153;13; SAO DOMINGOS ;98;0.4
154;13; ITAPEBI      ;147;3.6
155;13; RETIRO BAIXO ;133;3.3
156;13; TRES MARIAS  ;756;8.4
162;13; QUEIMADO     ;65;1.4
169;13; SOBRADINHO   ;3837;89
172;13; ITAPARICA    ;0;77.7
173;13; MOXOTO       ;0;2.7
174;13; P.AFONSO 123 ;0;0.1
175;13; P.AFONSO 4   ;0;0
178;13; XINGO        ;0;0.4
180;13; TOCOS        ;15;0
181;13; SANTANA      ;7;0
182;13; VIGARIO      ;0;0
185;13; BARRA BRAUNA ;151;1.7
189;13; P. CAVALO    ;26;7.9
190;13; B. ESPERANCA ;833;1.9
192;13; GUILMAN-AMOR ;64;0.7
193;13; SA CARVALHO  ;1;0
195;13; JAURU        ;89;0.1
196;13; GUAPORE      ;38;0
203;13; CORUMBA III  ;34;0.5
204;13; CACH.CALDEIR ;1518;0
215;13; SALTO PILAO  ;33;0.2
217;13; ROSAL        ;41;0.2
225;13; SLT APIACAS  ;346;0.3
227;13; SINOP        ;1459;17.2
228;13; COLIDER      ;136;0
229;13; TELES PIRES  ;2418;12.3
230;13; SAO MANOEL   ;22;-10.5
241;13; SLT VERDINHO ;13;0
249;13; OURINHOS     ;2;0
251;13; SERRA MESA   ;919;21.1
252;13; CANA BRAVA   ;117;0.1
253;13; SAO SALVADOR ;115;0.2
257;13; PEIXE ANGIC  ;907;5.6
261;13; LAJEADO      ;950;2.6
262;13; SALTO        ;158;0.4
267;13; ESTREITO TOC ;2638;2.1
272;13; CURUA-UNA    ;245;0.1
275;13; TUCURUI      ;15546;49.7
276;13; RONDON II    ;113;0.3
277;13; BALBINA      ;1111;0
278;13; MANSO        ;178;0.2
279;13; SAMUEL       ;735;0.4
280;13; COARACY NUNE ;5;0
281;13; PONTE PEDRA  ;82;0.7
283;13; STA CLARA MG ;89;1.1
284;13; FERREIRA GOM ;12;0
285;13; JIRAU        ;34600;64.6
286;13; STO ANT JARI ;1737;0.9
287;13; STO ANTONIO  ;543;0
288;13; BELO MONTE   ;0;0
290;13; ESPORA       ;68;0.1
304;13; ITIQUIRA I   ;88;0.3
305;13; ITIQUIRA II  ;0;0
309;13; JURUENA      ;142;2.3
310;13; DARDANELOS   ;693;0.2
311;13; CACU         ;208;0.4
312;13; B. COQUEIROS ;9;0
314;13; PIMENTAL     ;18427;7.5
315;13; FOZ R. CLARO ;16;0.1
1;14; CAMARGOS     ;92;0.6
2;14; ITUTINGA     ;0;0
4;14; FUNIL-GRANDE ;175;3.8
6;14; FURNAS       ;523;11
7;14; M. DE MORAES ;146;1.1
8;14; ESTREITO     ;34;0.2
9;14; JAGUARA      ;14;0.2
10;14; IGARAPAVA    ;40;0.3
11;14; VOLTA GRANDE ;89;2.4
12;14; P. COLOMBIA  ;221;9.4
14;14; CACONDE      ;66;1.2
15;14; E. DA CUNHA  ;42;2.1
16;14; A.S.OLIVEIRA ;1;0.1
17;14; MARIMBONDO   ;507;55.7
18;14; A. VERMELHA  ;271;9.8
20;14; BATALHA      ;167;4.6
21;14; SERRA FACAO  ;105;0.9
24;14; EMBORCACAO   ;381;13.1
25;14; NOVA PONTE   ;367;2.2
26;14; MIRANDA      ;14;1.5
27;14; CAPIM BRANC1 ;2;0.6
28;14; CAPIM BRANC2 ;4;1.5
29;14; CORUMBA IV   ;107;3.1
30;14; CORUMBA I    ;306;5.8
31;14; ITUMBIARA    ;323;13.6
32;14; CACH.DOURADA ;57;1.6
33;14; SAO SIMAO    ;1020;26
34;14; I. SOLTEIRA  ;304;4.1
37;14; BARRA BONITA ;254;55.3
38;14; A.S. LIMA    ;69;7.9
39;14; IBITINGA     ;134;5.5
40;14; PROMISSAO    ;47;3.7
42;14; NAVANHANDAVA ;18;4.4
43;14; TRES IRMAOS  ;19;4.4
45;14; JUPIA        ;347;1.8
46;14; P. PRIMAVERA ;533;17.8
47;14; A.A. LAYDNER ;76;6.9
48;14; PIRAJU       ;2;0.1
49;14; CHAVANTES    ;42;0.8
50;14; L.N. GARCEZ  ;58;2.8
51;14; CANOAS II    ;5;0.2
52;14; CANOAS I     ;10;0.3
53;14; PARANAPANEMA ;0;0
57;14; MAUA         ;66;1
61;14; CAPIVARA     ;188;3.3
62;14; TAQUARUCU    ;38;0.3
63;14; ROSANA       ;88;2.1
66;14; ITAIPU       ;1077;17
71;14; STA CLARA PR ;30;0.4
72;14; FUNDAO       ;2;0
73;14; JORDAO       ;8;0
74;14; G.B. MUNHOZ  ;170;6.9
76;14; SEGREDO      ;39;0.1
77;14; SLT.SANTIAGO ;21;0.3
78;14; SALTO OSORIO ;8;0.1
82;14; SALTO CAXIAS ;52;1.1
83;14; BAIXO IGUACU ;21;1.2
86;14; BARRA GRANDE ;51;0.4
87;14; CANASTRA     ;2;0.5
88;14; SAO ROQUE    ;57;0.5
89;14; GARIBALDI    ;13;0.4
90;14; CAMPOS NOVOS ;7;0.1
91;14; MACHADINHO   ;29;0.2
92;14; ITA          ;52;1.6
93;14; PASSO FUNDO  ;6;0.3
94;14; MONJOLINHO   ;4;0.1
95;14; QUEBRA QUEIX ;20;0.1
97;14; CASTRO ALVES ;28;0.4
98;14; MONTE CLARO  ;9;0.9
99;14; 14 DE JULHO  ;1;0.5
101;14; SAO JOSE     ;57;0.5
102;14; PASSO S JOAO ;2;0
103;14; FOZ CHAPECO  ;41;0.8
107;14; EDGARD SOUZA ;61;-21.9
108;14; TRAICAO      ;0;0
109;14; PEDREIRA     ;0;0
110;14; ERNESTINA    ;8;0
111;14; PASSO REAL   ;66;0.3
112;14; JACUI        ;0;0
113;14; ITAUBA       ;3;0
114;14; D. FRANCISCA ;3;0
115;14; G.P. SOUZA   ;14;0.1
117;14; GUARAPIRANGA ;10;10.3
118;14; BILLINGS     ;13;7.9
119;14; HENRY BORDEN ;0;0
120;14; JAGUARI      ;20;5.2
121;14; PARAIBUNA    ;46;0.2
122;14; SANTA BRANCA ;7;0
123;14; FUNIL        ;97;9
124;14; LAJES        ;7;0
125;14; STA CECILIA  ;50;0.8
126;14; PICADA       ;30;0.1
127;14; SOBRAGI      ;24;0.8
129;14; SIMPLICIO    ;134;91.5
130;14; ILHA POMBOS  ;55;-89.2
131;14; NILO PECANHA ;0;0
133;14; P. PASSOS    ;0;0
134;14; SALTO GRANDE ;100;0.3
135;14; P. ESTRELA   ;0;0
139;14; CANDONGA     ;144;1.3
141;14; BAGUARI      ;142;3.9
143;14; AIMORES      ;61;2.9
144;14; MASCARENHAS  ;109;2.7
145;14; SUICA        ;9;0.1
146;14; FONTES C     ;0;5.5
147;14; FONTES AB    ;0;0
148;14; IRAPE        ;128;0.4
153;14; SAO DOMINGOS ;98;0.4
154;14; ITAPEBI      ;147;3.6
155;14; RETIRO BAIXO ;133;3.3
156;14; TRES MARIAS  ;756;8.4
162;14; QUEIMADO     ;65;1.4
169;14; SOBRADINHO   ;3837;89
172;14; ITAPARICA    ;0;77.7
173;14; MOXOTO       ;0;2.7
174;14; P.AFONSO 123 ;0;0.1
175;14; P.AFONSO 4   ;0;0
178;14; XINGO        ;0;0.4
180;14; TOCOS        ;15;0
181;14; SANTANA      ;7;0
182;14; VIGARIO      ;0;0
185;14; BARRA BRAUNA ;151;1.7
189;14; P. CAVALO    ;26;7.9
190;14; B. ESPERANCA ;833;1.9
192;14; GUILMAN-AMOR ;64;0.7
193;14; SA CARVALHO  ;1;0
195;14; JAURU        ;89;0.1
196;14; GUAPORE      ;38;0
203;14; CORUMBA III  ;34;0.5
204;14; CACH.CALDEIR ;1518;0
215;14; SALTO PILAO  ;33;0.2
217;14; ROSAL        ;41;0.2
225;14; SLT APIACAS  ;346;0.3
227;14; SINOP        ;1459;17.2
228;14; COLIDER      ;136;0
229;14; TELES PIRES  ;2418;12.3
230;14; SAO MANOEL   ;22;-10.5
241;14; SLT VERDINHO ;13;0
249;14; OURINHOS     ;2;0
251;14; SERRA MESA   ;919;21.1
252;14; CANA BRAVA   ;117;0.1
253;14; SAO SALVADOR ;115;0.2
257;14; PEIXE ANGIC  ;907;5.6
261;14; LAJEADO      ;950;2.6
262;14; SALTO        ;158;0.4
267;14; ESTREITO TOC ;2638;2.1
272;14; CURUA-UNA    ;245;0.1
275;14; TUCURUI      ;15546;49.7
276;14; RONDON II    ;113;0.3
277;14; BALBINA      ;1111;0
278;14; MANSO        ;178;0.2
279;14; SAMUEL       ;735;0.4
280;14; COARACY NUNE ;5;0
281;14; PONTE PEDRA  ;82;0.7
283;14; STA CLARA MG ;89;1.1
284;14; FERREIRA GOM ;12;0
285;14; JIRAU        ;34600;64.6
286;14; STO ANT JARI ;1737;0.9
287;14; STO ANTONIO  ;543;0
288;14; BELO MONTE   ;0;0
290;14; ESPORA       ;68;0.1
304;14; ITIQUIRA I   ;88;0.3
305;14; ITIQUIRA II  ;0;0
309;14; JURUENA      ;142;2.3
310;14; DARDANELOS   ;693;0.2
311;14; CACU         ;208;0.4
312;14; B. COQUEIROS ;9;0
314;14; PIMENTAL     ;18427;7.5
315;14; FOZ R. CLARO ;16;0.1
1;15; CAMARGOS     ;92;0.6
2;15; ITUTINGA     ;0;0
4;15; FUNIL-GRANDE ;175;3.8
6;15; FURNAS       ;523;11
7;15; M. DE MORAES ;146;1.1
8;15; ESTREITO     ;34;0.2
9;15; JAGUARA      ;14;0.2
10;15; IGARAPAVA    ;40;0.3
11;15; VOLTA GRANDE ;89;2.4
12;15; P. COLOMBIA  ;221;9.4
14;15; CACONDE      ;66;1.2
15;15; E. DA CUNHA  ;42;2.1
16;15; A.S.OLIVEIRA ;1;0.1
17;15; MARIMBONDO   ;507;55.7
18;15; A. VERMELHA  ;271;9.8
20;15; BATALHA      ;167;4.6
21;15; SERRA FACAO  ;105;0.9
24;15; EMBORCACAO   ;381;13.1
25;15; NOVA PONTE   ;367;2.2
26;15; MIRANDA      ;14;1.5
27;15; CAPIM BRANC1 ;2;0.6
28;15; CAPIM BRANC2 ;4;1.5
29;15; CORUMBA IV   ;107;3.1
30;15; CORUMBA I    ;306;5.8
31;15; ITUMBIARA    ;323;13.6
32;15; CACH.DOURADA ;57;1.6
33;15; SAO SIMAO    ;1020;26
34;15; I. SOLTEIRA  ;304;4.1
37;15; BARRA BONITA ;254;55.3
38;15; A.S. LIMA    ;69;7.9
39;15; IBITINGA     ;134;5.5
40;15; PROMISSAO    ;47;3.7
42;15; NAVANHANDAVA ;18;4.4
43;15; TRES IRMAOS  ;19;4.4
45;15; JUPIA        ;347;1.8
46;15; P. PRIMAVERA ;533;17.8
47;15; A.A. LAYDNER ;76;6.9
48;15; PIRAJU       ;2;0.1
49;15; CHAVANTES    ;42;0.8
50;15; L.N. GARCEZ  ;58;2.8
51;15; CANOAS II    ;5;0.2
52;15; CANOAS I     ;10;0.3
53;15; PARANAPANEMA ;0;0
57;15; MAUA         ;66;1
61;15; CAPIVARA     ;188;3.3
62;15; TAQUARUCU    ;38;0.3
63;15; ROSANA       ;88;2.1
66;15; ITAIPU       ;1077;17
71;15; STA CLARA PR ;30;0.4
72;15; FUNDAO       ;2;0
73;15; JORDAO       ;8;0
74;15; G.B. MUNHOZ  ;170;6.9
76;15; SEGREDO      ;39;0.1
77;15; SLT.SANTIAGO ;21;0.3
78;15; SALTO OSORIO ;8;0.1
82;15; SALTO CAXIAS ;52;1.1
83;15; BAIXO IGUACU ;21;1.2
86;15; BARRA GRANDE ;51;0.4
87;15; CANASTRA     ;2;0.5
88;15; SAO ROQUE    ;57;0.5
89;15; GARIBALDI    ;13;0.4
90;15; CAMPOS NOVOS ;7;0.1
91;15; MACHADINHO   ;29;0.2
92;15; ITA          ;52;1.6
93;15; PASSO FUNDO  ;6;0.3
94;15; MONJOLINHO   ;4;0.1
95;15; QUEBRA QUEIX ;20;0.1
97;15; CASTRO ALVES ;28;0.4
98;15; MONTE CLARO  ;9;0.9
99;15; 14 DE JULHO  ;1;0.5
101;15; SAO JOSE     ;57;0.5
102;15; PASSO S JOAO ;2;0
103;15; FOZ CHAPECO  ;41;0.8
107;15; EDGARD SOUZA ;61;-21.9
108;15; TRAICAO      ;0;0
109;15; PEDREIRA     ;0;0
110;15; ERNESTINA    ;8;0
111;15; PASSO REAL   ;66;0.3
112;15; JACUI        ;0;0
113;15; ITAUBA       ;3;0
114;15; D. FRANCISCA ;3;0
115;15; G.P. SOUZA   ;14;0.1
117;15; GUARAPIRANGA ;10;10.3
118;15; BILLINGS     ;13;7.9
119;15; HENRY BORDEN ;0;0
120;15; JAGUARI      ;20;5.2
121;15; PARAIBUNA    ;46;0.2
122;15; SANTA BRANCA ;7;0
123;15; FUNIL        ;97;9
124;15; LAJES        ;7;0
125;15; STA CECILIA  ;50;0.8
126;15; PICADA       ;30;0.1
127;15; SOBRAGI      ;24;0.8
129;15; SIMPLICIO    ;134;91.5
130;15; ILHA POMBOS  ;55;-89.2
131;15; NILO PECANHA ;0;0
133;15; P. PASSOS    ;0;0
134;15; SALTO GRANDE ;100;0.3
135;15; P. ESTRELA   ;0;0
139;15; CANDONGA     ;144;1.3
141;15; BAGUARI      ;142;3.9
143;15; AIMORES      ;61;2.9
144;15; MASCARENHAS  ;109;2.7
145;15; SUICA        ;9;0.1
146;15; FONTES C     ;0;5.5
147;15; FONTES AB    ;0;0
148;15; IRAPE        ;128;0.4
153;15; SAO DOMINGOS ;98;0.4
154;15; ITAPEBI      ;147;3.6
155;15; RETIRO BAIXO ;133;3.3
156;15; TRES MARIAS  ;756;8.4
162;15; QUEIMADO     ;65;1.4
169;15; SOBRADINHO   ;3837;89
172;15; ITAPARICA    ;0;77.7
173;15; MOXOTO       ;0;2.7
174;15; P.AFONSO 123 ;0;0.1
175;15; P.AFONSO 4   ;0;0
178;15; XINGO        ;0;0.4
180;15; TOCOS        ;15;0
181;15; SANTANA      ;7;0
182;15; VIGARIO      ;0;0
185;15; BARRA BRAUNA ;151;1.7
189;15; P. CAVALO    ;26;7.9
190;15; B. ESPERANCA ;833;1.9
192;15; GUILMAN-AMOR ;64;0.7
193;15; SA CARVALHO  ;1;0
195;15; JAURU        ;89;0.1
196;15; GUAPORE      ;38;0
203;15; CORUMBA III  ;34;0.5
204;15; CACH.CALDEIR ;1518;0
215;15; SALTO PILAO  ;33;0.2
217;15; ROSAL        ;41;0.2
225;15; SLT APIACAS  ;346;0.3
227;15; SINOP        ;1459;17.2
228;15; COLIDER      ;136;0
229;15; TELES PIRES  ;2418;12.3
230;15; SAO MANOEL   ;22;-10.5
241;15; SLT VERDINHO ;13;0
249;15; OURINHOS     ;2;0
251;15; SERRA MESA   ;919;21.1
252;15; CANA BRAVA   ;117;0.1
253;15; SAO SALVADOR ;115;0.2
257;15; PEIXE ANGIC  ;907;5.6
261;15; LAJEADO      ;950;2.6
262;15; SALTO        ;158;0.4
267;15; ESTREITO TOC ;2638;2.1
272;15; CURUA-UNA    ;245;0.1
275;15; TUCURUI      ;15546;49.7
276;15; RONDON II    ;113;0.3
277;15; BALBINA      ;1111;0
278;15; MANSO        ;178;0.2
279;15; SAMUEL       ;735;0.4
280;15; COARACY NUNE ;5;0
281;15; PONTE PEDRA  ;82;0.7
283;15; STA CLARA MG ;89;1.1
284;15; FERREIRA GOM ;12;0
285;15; JIRAU        ;34600;64.6
286;15; STO ANT JARI ;1737;0.9
287;15; STO ANTONIO  ;543;0
288;15; BELO MONTE   ;0;0
290;15; ESPORA       ;68;0.1
304;15; ITIQUIRA I   ;88;0.3
305;15; ITIQUIRA II  ;0;0
309;15; JURUENA      ;142;2.3
310;15; DARDANELOS   ;693;0.2
311;15; CACU         ;208;0.4
312;15; B. COQUEIROS ;9;0
314;15; PIMENTAL     ;18427;7.5
315;15; FOZ R. CLARO ;16;0.1
1;16; CAMARGOS     ;92;0.6
2;16; ITUTINGA     ;0;0
4;16; FUNIL-GRANDE ;175;3.8
6;16; FURNAS       ;523;11
7;16; M. DE MORAES ;146;1.1
8;16; ESTREITO     ;34;0.2
9;16; JAGUARA      ;14;0.2
10;16; IGARAPAVA    ;40;0.3
11;16; VOLTA GRANDE ;89;2.4
12;16; P. COLOMBIA  ;221;9.4
14;16; CACONDE      ;66;1.2
15;16; E. DA CUNHA  ;42;2.1
16;16; A.S.OLIVEIRA ;1;0.1
17;16; MARIMBONDO   ;507;55.7
18;16; A. VERMELHA  ;271;9.8
20;16; BATALHA      ;167;4.6
21;16; SERRA FACAO  ;105;0.9
24;16; EMBORCACAO   ;381;13.1
25;16; NOVA PONTE   ;367;2.2
26;16; MIRANDA      ;14;1.5
27;16; CAPIM BRANC1 ;2;0.6
28;16; CAPIM BRANC2 ;4;1.5
29;16; CORUMBA IV   ;107;3.1
30;16; CORUMBA I    ;306;5.8
31;16; ITUMBIARA    ;323;13.6
32;16; CACH.DOURADA ;57;1.6
33;16; SAO SIMAO    ;1020;26
34;16; I. SOLTEIRA  ;304;4.1
37;16; BARRA BONITA ;254;55.3
38;16; A.S. LIMA    ;69;7.9
39;16; IBITINGA     ;134;5.5
40;16; PROMISSAO    ;47;3.7
42;16; NAVANHANDAVA ;18;4.4
43;16; TRES IRMAOS  ;19;4.4
45;16; JUPIA        ;347;1.8
46;16; P. PRIMAVERA ;533;17.8
47;16; A.A. LAYDNER ;76;6.9
48;16; PIRAJU       ;2;0.1
49;16; CHAVANTES    ;42;0.8
50;16; L.N. GARCEZ  ;58;2.8
51;16; CANOAS II    ;5;0.2
52;16; CANOAS I     ;10;0.3
53;16; PARANAPANEMA ;0;0
57;16; MAUA         ;66;1
61;16; CAPIVARA     ;188;3.3
62;16; TAQUARUCU    ;38;0.3
63;16; ROSANA       ;88;2.1
66;16; ITAIPU       ;1077;17
71;16; STA CLARA PR ;30;0.4
72;16; FUNDAO       ;2;0
73;16; JORDAO       ;8;0
74;16; G.B. MUNHOZ  ;170;6.9
76;16; SEGREDO      ;39;0.1
77;16; SLT.SANTIAGO ;21;0.3
78;16; SALTO OSORIO ;8;0.1
82;16; SALTO CAXIAS ;52;1.1
83;16; BAIXO IGUACU ;21;1.2
86;16; BARRA GRANDE ;51;0.4
87;16; CANASTRA     ;2;0.5
88;16; SAO ROQUE    ;57;0.5
89;16; GARIBALDI    ;13;0.4
90;16; CAMPOS NOVOS ;7;0.1
91;16; MACHADINHO   ;29;0.2
92;16; ITA          ;52;1.6
93;16; PASSO FUNDO  ;6;0.3
94;16; MONJOLINHO   ;4;0.1
95;16; QUEBRA QUEIX ;20;0.1
97;16; CASTRO ALVES ;28;0.4
98;16; MONTE CLARO  ;9;0.9
99;16; 14 DE JULHO  ;1;0.5
101;16; SAO JOSE     ;57;0.5
102;16; PASSO S JOAO ;2;0
103;16; FOZ CHAPECO  ;41;0.8
107;16; EDGARD SOUZA ;61;-21.9
108;16; TRAICAO      ;0;0
109;16; PEDREIRA     ;0;0
110;16; ERNESTINA    ;8;0
111;16; PASSO REAL   ;66;0.3
112;16; JACUI        ;0;0
113;16; ITAUBA       ;3;0
114;16; D. FRANCISCA ;3;0
115;16; G.P. SOUZA   ;14;0.1
117;16; GUARAPIRANGA ;10;10.3
118;16; BILLINGS     ;13;7.9
119;16; HENRY BORDEN ;0;0
120;16; JAGUARI      ;20;5.2
121;16; PARAIBUNA    ;46;0.2
122;16; SANTA BRANCA ;7;0
123;16; FUNIL        ;97;9
124;16; LAJES        ;7;0
125;16; STA CECILIA  ;50;0.8
126;16; PICADA       ;30;0.1
127;16; SOBRAGI      ;24;0.8
129;16; SIMPLICIO    ;134;91.5
130;16; ILHA POMBOS  ;55;-89.2
131;16; NILO PECANHA ;0;0
133;16; P. PASSOS    ;0;0
134;16; SALTO GRANDE ;100;0.3
135;16; P. ESTRELA   ;0;0
139;16; CANDONGA     ;144;1.3
141;16; BAGUARI      ;142;3.9
143;16; AIMORES      ;61;2.9
144;16; MASCARENHAS  ;109;2.7
145;16; SUICA        ;9;0.1
146;16; FONTES C     ;0;5.5
147;16; FONTES AB    ;0;0
148;16; IRAPE        ;128;0.4
153;16; SAO DOMINGOS ;98;0.4
154;16; ITAPEBI      ;147;3.6
155;16; RETIRO BAIXO ;133;3.3
156;16; TRES MARIAS  ;756;8.4
162;16; QUEIMADO     ;65;1.4
169;16; SOBRADINHO   ;3837;89
172;16; ITAPARICA    ;0;77.7
173;16; MOXOTO       ;0;2.7
174;16; P.AFONSO 123 ;0;0.1
175;16; P.AFONSO 4   ;0;0
178;16; XINGO        ;0;0.4
180;16; TOCOS        ;15;0
181;16; SANTANA      ;7;0
182;16; VIGARIO      ;0;0
185;16; BARRA BRAUNA ;151;1.7
189;16; P. CAVALO    ;26;7.9
190;16; B. ESPERANCA ;833;1.9
192;16; GUILMAN-AMOR ;64;0.7
193;16; SA CARVALHO  ;1;0
195;16; JAURU        ;89;0.1
196;16; GUAPORE      ;38;0
203;16; CORUMBA III  ;34;0.5
204;16; CACH.CALDEIR ;1518;0
215;16; SALTO PILAO  ;33;0.2
217;16; ROSAL        ;41;0.2
225;16; SLT APIACAS  ;346;0.3
227;16; SINOP        ;1459;17.2
228;16; COLIDER      ;136;0
229;16; TELES PIRES  ;2418;12.3
230;16; SAO MANOEL   ;22;-10.5
241;16; SLT VERDINHO ;13;0
249;16; OURINHOS     ;2;0
251;16; SERRA MESA   ;919;21.1
252;16; CANA BRAVA   ;117;0.1
253;16; SAO SALVADOR ;115;0.2
257;16; PEIXE ANGIC  ;907;5.6
261;16; LAJEADO      ;950;2.6
262;16; SALTO        ;158;0.4
267;16; ESTREITO TOC ;2638;2.1
272;16; CURUA-UNA    ;245;0.1
275;16; TUCURUI      ;15546;49.7
276;16; RONDON II    ;113;0.3
277;16; BALBINA      ;1111;0
278;16; MANSO        ;178;0.2
279;16; SAMUEL       ;735;0.4
280;16; COARACY NUNE ;5;0
281;16; PONTE PEDRA  ;82;0.7
283;16; STA CLARA MG ;89;1.1
284;16; FERREIRA GOM ;12;0
285;16; JIRAU        ;34600;64.6
286;16; STO ANT JARI ;1737;0.9
287;16; STO ANTONIO  ;543;0
288;16; BELO MONTE   ;0;0
290;16; ESPORA       ;68;0.1
304;16; ITIQUIRA I   ;88;0.3
305;16; ITIQUIRA II  ;0;0
309;16; JURUENA      ;142;2.3
310;16; DARDANELOS   ;693;0.2
311;16; CACU         ;208;0.4
312;16; B. COQUEIROS ;9;0
314;16; PIMENTAL     ;18427;7.5
315;16; FOZ R. CLARO ;16;0.1
1;17; CAMARGOS     ;92;0.6
2;17; ITUTINGA     ;0;0
4;17; FUNIL-GRANDE ;175;3.8
6;17; FURNAS       ;523;11
7;17; M. DE MORAES ;146;1.1
8;17; ESTREITO     ;34;0.2
9;17; JAGUARA      ;14;0.2
10;17; IGARAPAVA    ;40;0.3
11;17; VOLTA GRANDE ;89;2.4
12;17; P. COLOMBIA  ;221;9.4
14;17; CACONDE      ;66;1.2
15;17; E. DA CUNHA  ;42;2.1
16;17; A.S.OLIVEIRA ;1;0.1
17;17; MARIMBONDO   ;507;55.7
18;17; A. VERMELHA  ;271;9.8
20;17; BATALHA      ;167;4.6
21;17; SERRA FACAO  ;105;0.9
24;17; EMBORCACAO   ;381;13.1
25;17; NOVA PONTE   ;367;2.2
26;17; MIRANDA      ;14;1.5
27;17; CAPIM BRANC1 ;2;0.6
28;17; CAPIM BRANC2 ;4;1.5
29;17; CORUMBA IV   ;107;3.1
30;17; CORUMBA I    ;306;5.8
31;17; ITUMBIARA    ;323;13.6
32;17; CACH.DOURADA ;57;1.6
33;17; SAO SIMAO    ;1020;26
34;17; I. SOLTEIRA  ;304;4.1
37;17; BARRA BONITA ;254;55.3
38;17; A.S. LIMA    ;69;7.9
39;17; IBITINGA     ;134;5.5
40;17; PROMISSAO    ;47;3.7
42;17; NAVANHANDAVA ;18;4.4
43;17; TRES IRMAOS  ;19;4.4
45;17; JUPIA        ;347;1.8
46;17; P. PRIMAVERA ;533;17.8
47;17; A.A. LAYDNER ;76;6.9
48;17; PIRAJU       ;2;0.1
49;17; CHAVANTES    ;42;0.8
50;17; L.N. GARCEZ  ;58;2.8
51;17; CANOAS II    ;5;0.2
52;17; CANOAS I     ;10;0.3
53;17; PARANAPANEMA ;0;0
57;17; MAUA         ;66;1
61;17; CAPIVARA     ;188;3.3
62;17; TAQUARUCU    ;38;0.3
63;17; ROSANA       ;88;2.1
66;17; ITAIPU       ;1077;17
71;17; STA CLARA PR ;30;0.4
72;17; FUNDAO       ;2;0
73;17; JORDAO       ;8;0
74;17; G.B. MUNHOZ  ;170;6.9
76;17; SEGREDO      ;39;0.1
77;17; SLT.SANTIAGO ;21;0.3
78;17; SALTO OSORIO ;8;0.1
82;17; SALTO CAXIAS ;52;1.1
83;17; BAIXO IGUACU ;21;1.2
86;17; BARRA GRANDE ;51;0.4
87;17; CANASTRA     ;2;0.5
88;17; SAO ROQUE    ;57;0.5
89;17; GARIBALDI    ;13;0.4
90;17; CAMPOS NOVOS ;7;0.1
91;17; MACHADINHO   ;29;0.2
92;17; ITA          ;52;1.6
93;17; PASSO FUNDO  ;6;0.3
94;17; MONJOLINHO   ;4;0.1
95;17; QUEBRA QUEIX ;20;0.1
97;17; CASTRO ALVES ;28;0.4
98;17; MONTE CLARO  ;9;0.9
99;17; 14 DE JULHO  ;1;0.5
101;17; SAO JOSE     ;57;0.5
102;17; PASSO S JOAO ;2;0
103;17; FOZ CHAPECO  ;41;0.8
107;17; EDGARD SOUZA ;61;-21.9
108;17; TRAICAO      ;0;0
109;17; PEDREIRA     ;0;0
110;17; ERNESTINA    ;8;0
111;17; PASSO REAL   ;66;0.3
112;17; JACUI        ;0;0
113;17; ITAUBA       ;3;0
114;17; D. FRANCISCA ;3;0
115;17; G.P. SOUZA   ;14;0.1
117;17; GUARAPIRANGA ;10;10.3
118;17; BILLINGS     ;13;7.9
119;17; HENRY BORDEN ;0;0
120;17; JAGUARI      ;20;5.2
121;17; PARAIBUNA    ;46;0.2
122;17; SANTA BRANCA ;7;0
123;17; FUNIL        ;97;9
124;17; LAJES        ;7;0
125;17; STA CECILIA  ;50;0.8
126;17; PICADA       ;30;0.1
127;17; SOBRAGI      ;24;0.8
129;17; SIMPLICIO    ;134;91.5
130;17; ILHA POMBOS  ;55;-89.2
131;17; NILO PECANHA ;0;0
133;17; P. PASSOS    ;0;0
134;17; SALTO GRANDE ;100;0.3
135;17; P. ESTRELA   ;0;0
139;17; CANDONGA     ;144;1.3
141;17; BAGUARI      ;142;3.9
143;17; AIMORES      ;61;2.9
144;17; MASCARENHAS  ;109;2.7
145;17; SUICA        ;9;0.1
146;17; FONTES C     ;0;5.5
147;17; FONTES AB    ;0;0
148;17; IRAPE        ;128;0.4
153;17; SAO DOMINGOS ;98;0.4
154;17; ITAPEBI      ;147;3.6
155;17; RETIRO BAIXO ;133;3.3
156;17; TRES MARIAS  ;756;8.4
162;17; QUEIMADO     ;65;1.4
169;17; SOBRADINHO   ;3837;89
172;17; ITAPARICA    ;0;77.7
173;17; MOXOTO       ;0;2.7
174;17; P.AFONSO 123 ;0;0.1
175;17; P.AFONSO 4   ;0;0
178;17; XINGO        ;0;0.4
180;17; TOCOS        ;15;0
181;17; SANTANA      ;7;0
182;17; VIGARIO      ;0;0
185;17; BARRA BRAUNA ;151;1.7
189;17; P. CAVALO    ;26;7.9
190;17; B. ESPERANCA ;833;1.9
192;17; GUILMAN-AMOR ;64;0.7
193;17; SA CARVALHO  ;1;0
195;17; JAURU        ;89;0.1
196;17; GUAPORE      ;38;0
203;17; CORUMBA III  ;34;0.5
204;17; CACH.CALDEIR ;1518;0
215;17; SALTO PILAO  ;33;0.2
217;17; ROSAL        ;41;0.2
225;17; SLT APIACAS  ;346;0.3
227;17; SINOP        ;1459;17.2
228;17; COLIDER      ;136;0
229;17; TELES PIRES  ;2418;12.3
230;17; SAO MANOEL   ;22;-10.5
241;17; SLT VERDINHO ;13;0
249;17; OURINHOS     ;2;0
251;17; SERRA MESA   ;919;21.1
252;17; CANA BRAVA   ;117;0.1
253;17; SAO SALVADOR ;115;0.2
257;17; PEIXE ANGIC  ;907;5.6
261;17; LAJEADO      ;950;2.6
262;17; SALTO        ;158;0.4
267;17; ESTREITO TOC ;2638;2.1
272;17; CURUA-UNA    ;245;0.1
275;17; TUCURUI      ;15546;49.7
276;17; RONDON II    ;113;0.3
277;17; BALBINA      ;1111;0
278;17; MANSO        ;178;0.2
279;17; SAMUEL       ;735;0.4
280;17; COARACY NUNE ;5;0
281;17; PONTE PEDRA  ;82;0.7
283;17; STA CLARA MG ;89;1.1
284;17; FERREIRA GOM ;12;0
285;17; JIRAU        ;34600;64.6
286;17; STO ANT JARI ;1737;0.9
287;17; STO ANTONIO  ;543;0
288;17; BELO MONTE   ;0;0
290;17; ESPORA       ;68;0.1
304;17; ITIQUIRA I   ;88;0.3
305;17; ITIQUIRA II  ;0;0
309;17; JURUENA      ;142;2.3
310;17; DARDANELOS   ;693;0.2
311;17; CACU         ;208;0.4
312;17; B. COQUEIROS ;9;0
314;17; PIMENTAL     ;18427;7.5
315;17; FOZ R. CLARO ;16;0.1
1;18; CAMARGOS     ;92;0.6
2;18; ITUTINGA     ;0;0
4;18; FUNIL-GRANDE ;175;3.8
6;18; FURNAS       ;523;11
7;18; M. DE MORAES ;146;1.1
8;18; ESTREITO     ;34;0.2
9;18; JAGUARA      ;14;0.2
10;18; IGARAPAVA    ;40;0.3
11;18; VOLTA GRANDE ;89;2.4
12;18; P. COLOMBIA  ;221;9.4
14;18; CACONDE      ;66;1.2
15;18; E. DA CUNHA  ;42;2.1
16;18; A.S.OLIVEIRA ;1;0.1
17;18; MARIMBONDO   ;507;55.7
18;18; A. VERMELHA  ;271;9.8
20;18; BATALHA      ;167;4.6
21;18; SERRA FACAO  ;105;0.9
24;18; EMBORCACAO   ;381;13.1
25;18; NOVA PONTE   ;367;2.2
26;18; MIRANDA      ;14;1.5
27;18; CAPIM BRANC1 ;2;0.6
28;18; CAPIM BRANC2 ;4;1.5
29;18; CORUMBA IV   ;107;3.1
30;18; CORUMBA I    ;306;5.8
31;18; ITUMBIARA    ;323;13.6
32;18; CACH.DOURADA ;57;1.6
33;18; SAO SIMAO    ;1020;26
34;18; I. SOLTEIRA  ;304;4.1
37;18; BARRA BONITA ;254;55.3
38;18; A.S. LIMA    ;69;7.9
39;18; IBITINGA     ;134;5.5
40;18; PROMISSAO    ;47;3.7
42;18; NAVANHANDAVA ;18;4.4
43;18; TRES IRMAOS  ;19;4.4
45;18; JUPIA        ;347;1.8
46;18; P. PRIMAVERA ;533;17.8
47;18; A.A. LAYDNER ;76;6.9
48;18; PIRAJU       ;2;0.1
49;18; CHAVANTES    ;42;0.8
50;18; L.N. GARCEZ  ;58;2.8
51;18; CANOAS II    ;5;0.2
52;18; CANOAS I     ;10;0.3
53;18; PARANAPANEMA ;0;0
57;18; MAUA         ;66;1
61;18; CAPIVARA     ;188;3.3
62;18; TAQUARUCU    ;38;0.3
63;18; ROSANA       ;88;2.1
66;18; ITAIPU       ;1077;17
71;18; STA CLARA PR ;30;0.4
72;18; FUNDAO       ;2;0
73;18; JORDAO       ;8;0
74;18; G.B. MUNHOZ  ;170;6.9
76;18; SEGREDO      ;39;0.1
77;18; SLT.SANTIAGO ;21;0.3
78;18; SALTO OSORIO ;8;0.1
82;18; SALTO CAXIAS ;52;1.1
83;18; BAIXO IGUACU ;21;1.2
86;18; BARRA GRANDE ;51;0.4
87;18; CANASTRA     ;2;0.5
88;18; SAO ROQUE    ;57;0.5
89;18; GARIBALDI    ;13;0.4
90;18; CAMPOS NOVOS ;7;0.1
91;18; MACHADINHO   ;29;0.2
92;18; ITA          ;52;1.6
93;18; PASSO FUNDO  ;6;0.3
94;18; MONJOLINHO   ;4;0.1
95;18; QUEBRA QUEIX ;20;0.1
97;18; CASTRO ALVES ;28;0.4
98;18; MONTE CLARO  ;9;0.9
99;18; 14 DE JULHO  ;1;0.5
101;18; SAO JOSE     ;57;0.5
102;18; PASSO S JOAO ;2;0
103;18; FOZ CHAPECO  ;41;0.8
107;18; EDGARD SOUZA ;61;-21.9
108;18; TRAICAO      ;0;0
109;18; PEDREIRA     ;0;0
110;18; ERNESTINA    ;8;0
111;18; PASSO REAL   ;66;0.3
112;18; JACUI        ;0;0
113;18; ITAUBA       ;3;0
114;18; D. FRANCISCA ;3;0
115;18; G.P. SOUZA   ;14;0.1
117;18; GUARAPIRANGA ;10;10.3
118;18; BILLINGS     ;13;7.9
119;18; HENRY BORDEN ;0;0
120;18; JAGUARI      ;20;5.2
121;18; PARAIBUNA    ;46;0.2
122;18; SANTA BRANCA ;7;0
123;18; FUNIL        ;97;9
124;18; LAJES        ;7;0
125;18; STA CECILIA  ;50;0.8
126;18; PICADA       ;30;0.1
127;18; SOBRAGI      ;24;0.8
129;18; SIMPLICIO    ;134;91.5
130;18; ILHA POMBOS  ;55;-89.2
131;18; NILO PECANHA ;0;0
133;18; P. PASSOS    ;0;0
134;18; SALTO GRANDE ;100;0.3
135;18; P. ESTRELA   ;0;0
139;18; CANDONGA     ;144;1.3
141;18; BAGUARI      ;142;3.9
143;18; AIMORES      ;61;2.9
144;18; MASCARENHAS  ;109;2.7
145;18; SUICA        ;9;0.1
146;18; FONTES C     ;0;5.5
147;18; FONTES AB    ;0;0
148;18; IRAPE        ;128;0.4
153;18; SAO DOMINGOS ;98;0.4
154;18; ITAPEBI      ;147;3.6
155;18; RETIRO BAIXO ;133;3.3
156;18; TRES MARIAS  ;756;8.4
162;18; QUEIMADO     ;65;1.4
169;18; SOBRADINHO   ;3837;89
172;18; ITAPARICA    ;0;77.7
173;18; MOXOTO       ;0;2.7
174;18; P.AFONSO 123 ;0;0.1
175;18; P.AFONSO 4   ;0;0
178;18; XINGO        ;0;0.4
180;18; TOCOS        ;15;0
181;18; SANTANA      ;7;0
182;18; VIGARIO      ;0;0
185;18; BARRA BRAUNA ;151;1.7
189;18; P. CAVALO    ;26;7.9
190;18; B. ESPERANCA ;833;1.9
192;18; GUILMAN-AMOR ;64;0.7
193;18; SA CARVALHO  ;1;0
195;18; JAURU        ;89;0.1
196;18; GUAPORE      ;38;0
203;18; CORUMBA III  ;34;0.5
204;18; CACH.CALDEIR ;1518;0
215;18; SALTO PILAO  ;33;0.2
217;18; ROSAL        ;41;0.2
225;18; SLT APIACAS  ;346;0.3
227;18; SINOP        ;1459;17.2
228;18; COLIDER      ;136;0
229;18; TELES PIRES  ;2418;12.3
230;18; SAO MANOEL   ;22;-10.5
241;18; SLT VERDINHO ;13;0
249;18; OURINHOS     ;2;0
251;18; SERRA MESA   ;919;21.1
252;18; CANA BRAVA   ;117;0.1
253;18; SAO SALVADOR ;115;0.2
257;18; PEIXE ANGIC  ;907;5.6
261;18; LAJEADO      ;950;2.6
262;18; SALTO        ;158;0.4
267;18; ESTREITO TOC ;2638;2.1
272;18; CURUA-UNA    ;245;0.1
275;18; TUCURUI      ;15546;49.7
276;18; RONDON II    ;113;0.3
277;18; BALBINA      ;1111;0
278;18; MANSO        ;178;0.2
279;18; SAMUEL       ;735;0.4
280;18; COARACY NUNE ;5;0
281;18; PONTE PEDRA  ;82;0.7
283;18; STA CLARA MG ;89;1.1
284;18; FERREIRA GOM ;12;0
285;18; JIRAU        ;34600;64.6
286;18; STO ANT JARI ;1737;0.9
287;18; STO ANTONIO  ;543;0
288;18; BELO MONTE   ;0;0
290;18; ESPORA       ;68;0.1
304;18; ITIQUIRA I   ;88;0.3
305;18; ITIQUIRA II  ;0;0
309;18; JURUENA      ;142;2.3
310;18; DARDANELOS   ;693;0.2
311;18; CACU         ;208;0.4
312;18; B. COQUEIROS ;9;0
314;18; PIMENTAL     ;18427;7.5
315;18; FOZ R. CLARO ;16;0.1
1;19; CAMARGOS     ;92;0.6
2;19; ITUTINGA     ;0;0
4;19; FUNIL-GRANDE ;175;3.8
6;19; FURNAS       ;523;11
7;19; M. DE MORAES ;146;1.1
8;19; ESTREITO     ;34;0.2
9;19; JAGUARA      ;14;0.2
10;19; IGARAPAVA    ;40;0.3
11;19; VOLTA GRANDE ;89;2.4
12;19; P. COLOMBIA  ;221;9.4
14;19; CACONDE      ;66;1.2
15;19; E. DA CUNHA  ;42;2.1
16;19; A.S.OLIVEIRA ;1;0.1
17;19; MARIMBONDO   ;507;55.7
18;19; A. VERMELHA  ;271;9.8
20;19; BATALHA      ;167;4.6
21;19; SERRA FACAO  ;105;0.9
24;19; EMBORCACAO   ;381;13.1
25;19; NOVA PONTE   ;367;2.2
26;19; MIRANDA      ;14;1.5
27;19; CAPIM BRANC1 ;2;0.6
28;19; CAPIM BRANC2 ;4;1.5
29;19; CORUMBA IV   ;107;3.1
30;19; CORUMBA I    ;306;5.8
31;19; ITUMBIARA    ;323;13.6
32;19; CACH.DOURADA ;57;1.6
33;19; SAO SIMAO    ;1020;26
34;19; I. SOLTEIRA  ;304;4.1
37;19; BARRA BONITA ;254;55.3
38;19; A.S. LIMA    ;69;7.9
39;19; IBITINGA     ;134;5.5
40;19; PROMISSAO    ;47;3.7
42;19; NAVANHANDAVA ;18;4.4
43;19; TRES IRMAOS  ;19;4.4
45;19; JUPIA        ;347;1.8
46;19; P. PRIMAVERA ;533;17.8
47;19; A.A. LAYDNER ;76;6.9
48;19; PIRAJU       ;2;0.1
49;19; CHAVANTES    ;42;0.8
50;19; L.N. GARCEZ  ;58;2.8
51;19; CANOAS II    ;5;0.2
52;19; CANOAS I     ;10;0.3
53;19; PARANAPANEMA ;0;0
57;19; MAUA         ;66;1
61;19; CAPIVARA     ;188;3.3
62;19; TAQUARUCU    ;38;0.3
63;19; ROSANA       ;88;2.1
66;19; ITAIPU       ;1077;17
71;19; STA CLARA PR ;30;0.4
72;19; FUNDAO       ;2;0
73;19; JORDAO       ;8;0
74;19; G.B. MUNHOZ  ;170;6.9
76;19; SEGREDO      ;39;0.1
77;19; SLT.SANTIAGO ;21;0.3
78;19; SALTO OSORIO ;8;0.1
82;19; SALTO CAXIAS ;52;1.1
83;19; BAIXO IGUACU ;21;1.2
86;19; BARRA GRANDE ;51;0.4
87;19; CANASTRA     ;2;0.5
88;19; SAO ROQUE    ;57;0.5
89;19; GARIBALDI    ;13;0.4
90;19; CAMPOS NOVOS ;7;0.1
91;19; MACHADINHO   ;29;0.2
92;19; ITA          ;52;1.6
93;19; PASSO FUNDO  ;6;0.3
94;19; MONJOLINHO   ;4;0.1
95;19; QUEBRA QUEIX ;20;0.1
97;19; CASTRO ALVES ;28;0.4
98;19; MONTE CLARO  ;9;0.9
99;19; 14 DE JULHO  ;1;0.5
101;19; SAO JOSE     ;57;0.5
102;19; PASSO S JOAO ;2;0
103;19; FOZ CHAPECO  ;41;0.8
107;19; EDGARD SOUZA ;61;-21.9
108;19; TRAICAO      ;0;0
109;19; PEDREIRA     ;0;0
110;19; ERNESTINA    ;8;0
111;19; PASSO REAL   ;66;0.3
112;19; JACUI        ;0;0
113;19; ITAUBA       ;3;0
114;19; D. FRANCISCA ;3;0
115;19; G.P. SOUZA   ;14;0.1
117;19; GUARAPIRANGA ;10;10.3
118;19; BILLINGS     ;13;7.9
119;19; HENRY BORDEN ;0;0
120;19; JAGUARI      ;20;5.2
121;19; PARAIBUNA    ;46;0.2
122;19; SANTA BRANCA ;7;0
123;19; FUNIL        ;97;9
124;19; LAJES        ;7;0
125;19; STA CECILIA  ;50;0.8
126;19; PICADA       ;30;0.1
127;19; SOBRAGI      ;24;0.8
129;19; SIMPLICIO    ;134;91.5
130;19; ILHA POMBOS  ;55;-89.2
131;19; NILO PECANHA ;0;0
133;19; P. PASSOS    ;0;0
134;19; SALTO GRANDE ;100;0.3
135;19; P. ESTRELA   ;0;0
139;19; CANDONGA     ;144;1.3
141;19; BAGUARI      ;142;3.9
143;19; AIMORES      ;61;2.9
144;19; MASCARENHAS  ;109;2.7
145;19; SUICA        ;9;0.1
146;19; FONTES C     ;0;5.5
147;19; FONTES AB    ;0;0
148;19; IRAPE        ;128;0.4
153;19; SAO DOMINGOS ;98;0.4
154;19; ITAPEBI      ;147;3.6
155;19; RETIRO BAIXO ;133;3.3
156;19; TRES MARIAS  ;756;8.4
162;19; QUEIMADO     ;65;1.4
169;19; SOBRADINHO   ;3837;89
172;19; ITAPARICA    ;0;77.7
173;19; MOXOTO       ;0;2.7
174;19; P.AFONSO 123 ;0;0.1
175;19; P.AFONSO 4   ;0;0
178;19; XINGO        ;0;0.4
180;19; TOCOS        ;15;0
181;19; SANTANA      ;7;0
182;19; VIGARIO      ;0;0
185;19; BARRA BRAUNA ;151;1.7
189;19; P. CAVALO    ;26;7.9
190;19; B. ESPERANCA ;833;1.9
192;19; GUILMAN-AMOR ;64;0.7
193;19; SA CARVALHO  ;1;0
195;19; JAURU        ;89;0.1
196;19; GUAPORE      ;38;0
203;19; CORUMBA III  ;34;0.5
204;19; CACH.CALDEIR ;1518;0
215;19; SALTO PILAO  ;33;0.2
217;19; ROSAL        ;41;0.2
225;19; SLT APIACAS  ;346;0.3
227;19; SINOP        ;1459;17.2
228;19; COLIDER      ;136;0
229;19; TELES PIRES  ;2418;12.3
230;19; SAO MANOEL   ;22;-10.5
241;19; SLT VERDINHO ;13;0
249;19; OURINHOS     ;2;0
251;19; SERRA MESA   ;919;21.1
252;19; CANA BRAVA   ;117;0.1
253;19; SAO SALVADOR ;115;0.2
257;19; PEIXE ANGIC  ;907;5.6
261;19; LAJEADO      ;950;2.6
262;19; SALTO        ;158;0.4
267;19; ESTREITO TOC ;2638;2.1
272;19; CURUA-UNA    ;245;0.1
275;19; TUCURUI      ;15546;49.7
276;19; RONDON II    ;113;0.3
277;19; BALBINA      ;1111;0
278;19; MANSO        ;178;0.2
279;19; SAMUEL       ;735;0.4
280;19; COARACY NUNE ;5;0
281;19; PONTE PEDRA  ;82;0.7
283;19; STA CLARA MG ;89;1.1
284;19; FERREIRA GOM ;12;0
285;19; JIRAU        ;34600;64.6
286;19; STO ANT JARI ;1737;0.9
287;19; STO ANTONIO  ;543;0
288;19; BELO MONTE   ;0;0
290;19; ESPORA       ;68;0.1
304;19; ITIQUIRA I   ;88;0.3
305;19; ITIQUIRA II  ;0;0
309;19; JURUENA      ;142;2.3
310;19; DARDANELOS   ;693;0.2
311;19; CACU         ;208;0.4
312;19; B. COQUEIROS ;9;0
314;19; PIMENTAL     ;18427;7.5
315;19; FOZ R. CLARO ;16;0.1
1;20; CAMARGOS     ;92;0.6
2;20; ITUTINGA     ;0;0
4;20; FUNIL-GRANDE ;175;3.8
6;20; FURNAS       ;523;11
7;20; M. DE MORAES ;146;1.1
8;20; ESTREITO     ;34;0.2
9;20; JAGUARA      ;14;0.2
10;20; IGARAPAVA    ;40;0.3
11;20; VOLTA GRANDE ;89;2.4
12;20; P. COLOMBIA  ;221;9.4
14;20; CACONDE      ;66;1.2
15;20; E. DA CUNHA  ;42;2.1
16;20; A.S.OLIVEIRA ;1;0.1
17;20; MARIMBONDO   ;507;55.7
18;20; A. VERMELHA  ;271;9.8
20;20; BATALHA      ;167;4.6
21;20; SERRA FACAO  ;105;0.9
24;20; EMBORCACAO   ;381;13.1
25;20; NOVA PONTE   ;367;2.2
26;20; MIRANDA      ;14;1.5
27;20; CAPIM BRANC1 ;2;0.6
28;20; CAPIM BRANC2 ;4;1.5
29;20; CORUMBA IV   ;107;3.1
30;20; CORUMBA I    ;306;5.8
31;20; ITUMBIARA    ;323;13.6
32;20; CACH.DOURADA ;57;1.6
33;20; SAO SIMAO    ;1020;26
34;20; I. SOLTEIRA  ;304;4.1
37;20; BARRA BONITA ;254;55.3
38;20; A.S. LIMA    ;69;7.9
39;20; IBITINGA     ;134;5.5
40;20; PROMISSAO    ;47;3.7
42;20; NAVANHANDAVA ;18;4.4
43;20; TRES IRMAOS  ;19;4.4
45;20; JUPIA        ;347;1.8
46;20; P. PRIMAVERA ;533;17.8
47;20; A.A. LAYDNER ;76;6.9
48;20; PIRAJU       ;2;0.1
49;20; CHAVANTES    ;42;0.8
50;20; L.N. GARCEZ  ;58;2.8
51;20; CANOAS II    ;5;0.2
52;20; CANOAS I     ;10;0.3
53;20; PARANAPANEMA ;0;0
57;20; MAUA         ;66;1
61;20; CAPIVARA     ;188;3.3
62;20; TAQUARUCU    ;38;0.3
63;20; ROSANA       ;88;2.1
66;20; ITAIPU       ;1077;17
71;20; STA CLARA PR ;30;0.4
72;20; FUNDAO       ;2;0
73;20; JORDAO       ;8;0
74;20; G.B. MUNHOZ  ;170;6.9
76;20; SEGREDO      ;39;0.1
77;20; SLT.SANTIAGO ;21;0.3
78;20; SALTO OSORIO ;8;0.1
82;20; SALTO CAXIAS ;52;1.1
83;20; BAIXO IGUACU ;21;1.2
86;20; BARRA GRANDE ;51;0.4
87;20; CANASTRA     ;2;0.5
88;20; SAO ROQUE    ;57;0.5
89;20; GARIBALDI    ;13;0.4
90;20; CAMPOS NOVOS ;7;0.1
91;20; MACHADINHO   ;29;0.2
92;20; ITA          ;52;1.6
93;20; PASSO FUNDO  ;6;0.3
94;20; MONJOLINHO   ;4;0.1
95;20; QUEBRA QUEIX ;20;0.1
97;20; CASTRO ALVES ;28;0.4
98;20; MONTE CLARO  ;9;0.9
99;20; 14 DE JULHO  ;1;0.5
101;20; SAO JOSE     ;57;0.5
102;20; PASSO S JOAO ;2;0
103;20; FOZ CHAPECO  ;41;0.8
107;20; EDGARD SOUZA ;61;-21.9
108;20; TRAICAO      ;0;0
109;20; PEDREIRA     ;0;0
110;20; ERNESTINA    ;8;0
111;20; PASSO REAL   ;66;0.3
112;20; JACUI        ;0;0
113;20; ITAUBA       ;3;0
114;20; D. FRANCISCA ;3;0
115;20; G.P. SOUZA   ;14;0.1
117;20; GUARAPIRANGA ;10;10.3
118;20; BILLINGS     ;13;7.9
119;20; HENRY BORDEN ;0;0
120;20; JAGUARI      ;20;5.2
121;20; PARAIBUNA    ;46;0.2
122;20; SANTA BRANCA ;7;0
123;20; FUNIL        ;97;9
124;20; LAJES        ;7;0
125;20; STA CECILIA  ;50;0.8
126;20; PICADA       ;30;0.1
127;20; SOBRAGI      ;24;0.8
129;20; SIMPLICIO    ;134;91.5
130;20; ILHA POMBOS  ;55;-89.2
131;20; NILO PECANHA ;0;0
133;20; P. PASSOS    ;0;0
134;20; SALTO GRANDE ;100;0.3
135;20; P. ESTRELA   ;0;0
139;20; CANDONGA     ;144;1.3
141;20; BAGUARI      ;142;3.9
143;20; AIMORES      ;61;2.9
144;20; MASCARENHAS  ;109;2.7
145;20; SUICA        ;9;0.1
146;20; FONTES C     ;0;5.5
147;20; FONTES AB    ;0;0
148;20; IRAPE        ;128;0.4
153;20; SAO DOMINGOS ;98;0.4
154;20; ITAPEBI      ;147;3.6
155;20; RETIRO BAIXO ;133;3.3
156;20; TRES MARIAS  ;756;8.4
162;20; QUEIMADO     ;65;1.4
169;20; SOBRADINHO   ;3837;89
172;20; ITAPARICA    ;0;77.7
173;20; MOXOTO       ;0;2.7
174;20; P.AFONSO 123 ;0;0.1
175;20; P.AFONSO 4   ;0;0
178;20; XINGO        ;0;0.4
180;20; TOCOS        ;15;0
181;20; SANTANA      ;7;0
182;20; VIGARIO      ;0;0
185;20; BARRA BRAUNA ;151;1.7
189;20; P. CAVALO    ;26;7.9
190;20; B. ESPERANCA ;833;1.9
192;20; GUILMAN-AMOR ;64;0.7
193;20; SA CARVALHO  ;1;0
195;20; JAURU        ;89;0.1
196;20; GUAPORE      ;38;0
203;20; CORUMBA III  ;34;0.5
204;20; CACH.CALDEIR ;1518;0
215;20; SALTO PILAO  ;33;0.2
217;20; ROSAL        ;41;0.2
225;20; SLT APIACAS  ;346;0.3
227;20; SINOP        ;1459;17.2
228;20; COLIDER      ;136;0
229;20; TELES PIRES  ;2418;12.3
230;20; SAO MANOEL   ;22;-10.5
241;20; SLT VERDINHO ;13;0
249;20; OURINHOS     ;2;0
251;20; SERRA MESA   ;919;21.1
252;20; CANA BRAVA   ;117;0.1
253;20; SAO SALVADOR ;115;0.2
257;20; PEIXE ANGIC  ;907;5.6
261;20; LAJEADO      ;950;2.6
262;20; SALTO        ;158;0.4
267;20; ESTREITO TOC ;2638;2.1
272;20; CURUA-UNA    ;245;0.1
275;20; TUCURUI      ;15546;49.7
276;20; RONDON II    ;113;0.3
277;20; BALBINA      ;1111;0
278;20; MANSO        ;178;0.2
279;20; SAMUEL       ;735;0.4
280;20; COARACY NUNE ;5;0
281;20; PONTE PEDRA  ;82;0.7
283;20; STA CLARA MG ;89;1.1
284;20; FERREIRA GOM ;12;0
285;20; JIRAU        ;34600;64.6
286;20; STO ANT JARI ;1737;0.9
287;20; STO ANTONIO  ;543;0
288;20; BELO MONTE   ;0;0
290;20; ESPORA       ;68;0.1
304;20; ITIQUIRA I   ;88;0.3
305;20; ITIQUIRA II  ;0;0
309;20; JURUENA      ;142;2.3
310;20; DARDANELOS   ;693;0.2
311;20; CACU         ;208;0.4
312;20; B. COQUEIROS ;9;0
314;20; PIMENTAL     ;18427;7.5
315;20; FOZ R. CLARO ;16;0.1
1;21; CAMARGOS     ;92;0.6
2;21; ITUTINGA     ;0;0
4;21; FUNIL-GRANDE ;175;3.8
6;21; FURNAS       ;523;11
7;21; M. DE MORAES ;146;1.1
8;21; ESTREITO     ;34;0.2
9;21; JAGUARA      ;14;0.2
10;21; IGARAPAVA    ;40;0.3
11;21; VOLTA GRANDE ;89;2.4
12;21; P. COLOMBIA  ;221;9.4
14;21; CACONDE      ;66;1.2
15;21; E. DA CUNHA  ;42;2.1
16;21; A.S.OLIVEIRA ;1;0.1
17;21; MARIMBONDO   ;507;55.7
18;21; A. VERMELHA  ;271;9.8
20;21; BATALHA      ;167;4.6
21;21; SERRA FACAO  ;105;0.9
24;21; EMBORCACAO   ;381;13.1
25;21; NOVA PONTE   ;367;2.2
26;21; MIRANDA      ;14;1.5
27;21; CAPIM BRANC1 ;2;0.6
28;21; CAPIM BRANC2 ;4;1.5
29;21; CORUMBA IV   ;107;3.1
30;21; CORUMBA I    ;306;5.8
31;21; ITUMBIARA    ;323;13.6
32;21; CACH.DOURADA ;57;1.6
33;21; SAO SIMAO    ;1020;26
34;21; I. SOLTEIRA  ;304;4.1
37;21; BARRA BONITA ;254;55.3
38;21; A.S. LIMA    ;69;7.9
39;21; IBITINGA     ;134;5.5
40;21; PROMISSAO    ;47;3.7
42;21; NAVANHANDAVA ;18;4.4
43;21; TRES IRMAOS  ;19;4.4
45;21; JUPIA        ;347;1.8
46;21; P. PRIMAVERA ;533;17.8
47;21; A.A. LAYDNER ;76;6.9
48;21; PIRAJU       ;2;0.1
49;21; CHAVANTES    ;42;0.8
50;21; L.N. GARCEZ  ;58;2.8
51;21; CANOAS II    ;5;0.2
52;21; CANOAS I     ;10;0.3
53;21; PARANAPANEMA ;0;0
57;21; MAUA         ;66;1
61;21; CAPIVARA     ;188;3.3
62;21; TAQUARUCU    ;38;0.3
63;21; ROSANA       ;88;2.1
66;21; ITAIPU       ;1077;17
71;21; STA CLARA PR ;30;0.4
72;21; FUNDAO       ;2;0
73;21; JORDAO       ;8;0
74;21; G.B. MUNHOZ  ;170;6.9
76;21; SEGREDO      ;39;0.1
77;21; SLT.SANTIAGO ;21;0.3
78;21; SALTO OSORIO ;8;0.1
82;21; SALTO CAXIAS ;52;1.1
83;21; BAIXO IGUACU ;21;1.2
86;21; BARRA GRANDE ;51;0.4
87;21; CANASTRA     ;2;0.5
88;21; SAO ROQUE    ;57;0.5
89;21; GARIBALDI    ;13;0.4
90;21; CAMPOS NOVOS ;7;0.1
91;21; MACHADINHO   ;29;0.2
92;21; ITA          ;52;1.6
93;21; PASSO FUNDO  ;6;0.3
94;21; MONJOLINHO   ;4;0.1
95;21; QUEBRA QUEIX ;20;0.1
97;21; CASTRO ALVES ;28;0.4
98;21; MONTE CLARO  ;9;0.9
99;21; 14 DE JULHO  ;1;0.5
101;21; SAO JOSE     ;57;0.5
102;21; PASSO S JOAO ;2;0
103;21; FOZ CHAPECO  ;41;0.8
107;21; EDGARD SOUZA ;61;-21.9
108;21; TRAICAO      ;0;0
109;21; PEDREIRA     ;0;0
110;21; ERNESTINA    ;8;0
111;21; PASSO REAL   ;66;0.3
112;21; JACUI        ;0;0
113;21; ITAUBA       ;3;0
114;21; D. FRANCISCA ;3;0
115;21; G.P. SOUZA   ;14;0.1
117;21; GUARAPIRANGA ;10;10.3
118;21; BILLINGS     ;13;7.9
119;21; HENRY BORDEN ;0;0
120;21; JAGUARI      ;20;5.2
121;21; PARAIBUNA    ;46;0.2
122;21; SANTA BRANCA ;7;0
123;21; FUNIL        ;97;9
124;21; LAJES        ;7;0
125;21; STA CECILIA  ;50;0.8
126;21; PICADA       ;30;0.1
127;21; SOBRAGI      ;24;0.8
129;21; SIMPLICIO    ;134;91.5
130;21; ILHA POMBOS  ;55;-89.2
131;21; NILO PECANHA ;0;0
133;21; P. PASSOS    ;0;0
134;21; SALTO GRANDE ;100;0.3
135;21; P. ESTRELA   ;0;0
139;21; CANDONGA     ;144;1.3
141;21; BAGUARI      ;142;3.9
143;21; AIMORES      ;61;2.9
144;21; MASCARENHAS  ;109;2.7
145;21; SUICA        ;9;0.1
146;21; FONTES C     ;0;5.5
147;21; FONTES AB    ;0;0
148;21; IRAPE        ;128;0.4
153;21; SAO DOMINGOS ;98;0.4
154;21; ITAPEBI      ;147;3.6
155;21; RETIRO BAIXO ;133;3.3
156;21; TRES MARIAS  ;756;8.4
162;21; QUEIMADO     ;65;1.4
169;21; SOBRADINHO   ;3837;89
172;21; ITAPARICA    ;0;77.7
173;21; MOXOTO       ;0;2.7
174;21; P.AFONSO 123 ;0;0.1
175;21; P.AFONSO 4   ;0;0
178;21; XINGO        ;0;0.4
180;21; TOCOS        ;15;0
181;21; SANTANA      ;7;0
182;21; VIGARIO      ;0;0
185;21; BARRA BRAUNA ;151;1.7
189;21; P. CAVALO    ;26;7.9
190;21; B. ESPERANCA ;833;1.9
192;21; GUILMAN-AMOR ;64;0.7
193;21; SA CARVALHO  ;1;0
195;21; JAURU        ;89;0.1
196;21; GUAPORE      ;38;0
203;21; CORUMBA III  ;34;0.5
204;21; CACH.CALDEIR ;1518;0
215;21; SALTO PILAO  ;33;0.2
217;21; ROSAL        ;41;0.2
225;21; SLT APIACAS  ;346;0.3
227;21; SINOP        ;1459;17.2
228;21; COLIDER      ;136;0
229;21; TELES PIRES  ;2418;12.3
230;21; SAO MANOEL   ;22;-10.5
241;21; SLT VERDINHO ;13;0
249;21; OURINHOS     ;2;0
251;21; SERRA MESA   ;919;21.1
252;21; CANA BRAVA   ;117;0.1
253;21; SAO SALVADOR ;115;0.2
257;21; PEIXE ANGIC  ;907;5.6
261;21; LAJEADO      ;950;2.6
262;21; SALTO        ;158;0.4
267;21; ESTREITO TOC ;2638;2.1
272;21; CURUA-UNA    ;245;0.1
275;21; TUCURUI      ;15546;49.7
276;21; RONDON II    ;113;0.3
277;21; BALBINA      ;1111;0
278;21; MANSO        ;178;0.2
279;21; SAMUEL       ;735;0.4
280;21; COARACY NUNE ;5;0
281;21; PONTE PEDRA  ;82;0.7
283;21; STA CLARA MG ;89;1.1
284;21; FERREIRA GOM ;12;0
285;21; JIRAU        ;34600;64.6
286;21; STO ANT JARI ;1737;0.9
287;21; STO ANTONIO  ;543;0
288;21; BELO MONTE   ;0;0
290;21; ESPORA       ;68;0.1
304;21; ITIQUIRA I   ;88;0.3
305;21; ITIQUIRA II  ;0;0
309;21; JURUENA      ;142;2.3
310;21; DARDANELOS   ;693;0.2
311;21; CACU         ;208;0.4
312;21; B. COQUEIROS ;9;0
314;21; PIMENTAL     ;18427;7.5
315;21; FOZ R. CLARO ;16;0.1
1;22; CAMARGOS     ;92;0.6
2;22; ITUTINGA     ;0;0
4;22; FUNIL-GRANDE ;175;3.8
6;22; FURNAS       ;523;11
7;22; M. DE MORAES ;146;1.1
8;22; ESTREITO     ;34;0.2
9;22; JAGUARA      ;14;0.2
10;22; IGARAPAVA    ;40;0.3
11;22; VOLTA GRANDE ;89;2.4
12;22; P. COLOMBIA  ;221;9.4
14;22; CACONDE      ;66;1.2
15;22; E. DA CUNHA  ;42;2.1
16;22; A.S.OLIVEIRA ;1;0.1
17;22; MARIMBONDO   ;507;55.7
18;22; A. VERMELHA  ;271;9.8
20;22; BATALHA      ;167;4.6
21;22; SERRA FACAO  ;105;0.9
24;22; EMBORCACAO   ;381;13.1
25;22; NOVA PONTE   ;367;2.2
26;22; MIRANDA      ;14;1.5
27;22; CAPIM BRANC1 ;2;0.6
28;22; CAPIM BRANC2 ;4;1.5
29;22; CORUMBA IV   ;107;3.1
30;22; CORUMBA I    ;306;5.8
31;22; ITUMBIARA    ;323;13.6
32;22; CACH.DOURADA ;57;1.6
33;22; SAO SIMAO    ;1020;26
34;22; I. SOLTEIRA  ;304;4.1
37;22; BARRA BONITA ;254;55.3
38;22; A.S. LIMA    ;69;7.9
39;22; IBITINGA     ;134;5.5
40;22; PROMISSAO    ;47;3.7
42;22; NAVANHANDAVA ;18;4.4
43;22; TRES IRMAOS  ;19;4.4
45;22; JUPIA        ;347;1.8
46;22; P. PRIMAVERA ;533;17.8
47;22; A.A. LAYDNER ;76;6.9
48;22; PIRAJU       ;2;0.1
49;22; CHAVANTES    ;42;0.8
50;22; L.N. GARCEZ  ;58;2.8
51;22; CANOAS II    ;5;0.2
52;22; CANOAS I     ;10;0.3
53;22; PARANAPANEMA ;0;0
57;22; MAUA         ;66;1
61;22; CAPIVARA     ;188;3.3
62;22; TAQUARUCU    ;38;0.3
63;22; ROSANA       ;88;2.1
66;22; ITAIPU       ;1077;17
71;22; STA CLARA PR ;30;0.4
72;22; FUNDAO       ;2;0
73;22; JORDAO       ;8;0
74;22; G.B. MUNHOZ  ;170;6.9
76;22; SEGREDO      ;39;0.1
77;22; SLT.SANTIAGO ;21;0.3
78;22; SALTO OSORIO ;8;0.1
82;22; SALTO CAXIAS ;52;1.1
83;22; BAIXO IGUACU ;21;1.2
86;22; BARRA GRANDE ;51;0.4
87;22; CANASTRA     ;2;0.5
88;22; SAO ROQUE    ;57;0.5
89;22; GARIBALDI    ;13;0.4
90;22; CAMPOS NOVOS ;7;0.1
91;22; MACHADINHO   ;29;0.2
92;22; ITA          ;52;1.6
93;22; PASSO FUNDO  ;6;0.3
94;22; MONJOLINHO   ;4;0.1
95;22; QUEBRA QUEIX ;20;0.1
97;22; CASTRO ALVES ;28;0.4
98;22; MONTE CLARO  ;9;0.9
99;22; 14 DE JULHO  ;1;0.5
101;22; SAO JOSE     ;57;0.5
102;22; PASSO S JOAO ;2;0
103;22; FOZ CHAPECO  ;41;0.8
107;22; EDGARD SOUZA ;61;-21.9
108;22; TRAICAO      ;0;0
109;22; PEDREIRA     ;0;0
110;22; ERNESTINA    ;8;0
111;22; PASSO REAL   ;66;0.3
112;22; JACUI        ;0;0
113;22; ITAUBA       ;3;0
114;22; D. FRANCISCA ;3;0
115;22; G.P. SOUZA   ;14;0.1
117;22; GUARAPIRANGA ;10;10.3
118;22; BILLINGS     ;13;7.9
119;22; HENRY BORDEN ;0;0
120;22; JAGUARI      ;20;5.2
121;22; PARAIBUNA    ;46;0.2
122;22; SANTA BRANCA ;7;0
123;22; FUNIL        ;97;9
124;22; LAJES        ;7;0
125;22; STA CECILIA  ;50;0.8
126;22; PICADA       ;30;0.1
127;22; SOBRAGI      ;24;0.8
129;22; SIMPLICIO    ;134;91.5
130;22; ILHA POMBOS  ;55;-89.2
131;22; NILO PECANHA ;0;0
133;22; P. PASSOS    ;0;0
134;22; SALTO GRANDE ;100;0.3
135;22; P. ESTRELA   ;0;0
139;22; CANDONGA     ;144;1.3
141;22; BAGUARI      ;142;3.9
143;22; AIMORES      ;61;2.9
144;22; MASCARENHAS  ;109;2.7
145;22; SUICA        ;9;0.1
146;22; FONTES C     ;0;5.5
147;22; FONTES AB    ;0;0
148;22; IRAPE        ;128;0.4
153;22; SAO DOMINGOS ;98;0.4
154;22; ITAPEBI      ;147;3.6
155;22; RETIRO BAIXO ;133;3.3
156;22; TRES MARIAS  ;756;8.4
162;22; QUEIMADO     ;65;1.4
169;22; SOBRADINHO   ;3837;89
172;22; ITAPARICA    ;0;77.7
173;22; MOXOTO       ;0;2.7
174;22; P.AFONSO 123 ;0;0.1
175;22; P.AFONSO 4   ;0;0
178;22; XINGO        ;0;0.4
180;22; TOCOS        ;15;0
181;22; SANTANA      ;7;0
182;22; VIGARIO      ;0;0
185;22; BARRA BRAUNA ;151;1.7
189;22; P. CAVALO    ;26;7.9
190;22; B. ESPERANCA ;833;1.9
192;22; GUILMAN-AMOR ;64;0.7
193;22; SA CARVALHO  ;1;0
195;22; JAURU        ;89;0.1
196;22; GUAPORE      ;38;0
203;22; CORUMBA III  ;34;0.5
204;22; CACH.CALDEIR ;1518;0
215;22; SALTO PILAO  ;33;0.2
217;22; ROSAL        ;41;0.2
225;22; SLT APIACAS  ;346;0.3
227;22; SINOP        ;1459;17.2
228;22; COLIDER      ;136;0
229;22; TELES PIRES  ;2418;12.3
230;22; SAO MANOEL   ;22;-10.5
241;22; SLT VERDINHO ;13;0
249;22; OURINHOS     ;2;0
251;22; SERRA MESA   ;919;21.1
252;22; CANA BRAVA   ;117;0.1
253;22; SAO SALVADOR ;115;0.2
257;22; PEIXE ANGIC  ;907;5.6
261;22; LAJEADO      ;950;2.6
262;22; SALTO        ;158;0.4
267;22; ESTREITO TOC ;2638;2.1
272;22; CURUA-UNA    ;245;0.1
275;22; TUCURUI      ;15546;49.7
276;22; RONDON II    ;113;0.3
277;22; BALBINA      ;1111;0
278;22; MANSO        ;178;0.2
279;22; SAMUEL       ;735;0.4
280;22; COARACY NUNE ;5;0
281;22; PONTE PEDRA  ;82;0.7
283;22; STA CLARA MG ;89;1.1
284;22; FERREIRA GOM ;12;0
285;22; JIRAU        ;34600;64.6
286;22; STO ANT JARI ;1737;0.9
287;22; STO ANTONIO  ;543;0
288;22; BELO MONTE   ;0;0
290;22; ESPORA       ;68;0.1
304;22; ITIQUIRA I   ;88;0.3
305;22; ITIQUIRA II  ;0;0
309;22; JURUENA      ;142;2.3
310;22; DARDANELOS   ;693;0.2
311;22; CACU         ;208;0.4
312;22; B. COQUEIROS ;9;0
314;22; PIMENTAL     ;18427;7.5
315;22; FOZ R. CLARO ;16;0.1
1;23; CAMARGOS     ;92;0.6
2;23; ITUTINGA     ;0;0
4;23; FUNIL-GRANDE ;175;3.8
6;23; FURNAS       ;523;11
7;23; M. DE MORAES ;146;1.1
8;23; ESTREITO     ;34;0.2
9;23; JAGUARA      ;14;0.2
10;23; IGARAPAVA    ;40;0.3
11;23; VOLTA GRANDE ;89;2.4
12;23; P. COLOMBIA  ;221;9.4
14;23; CACONDE      ;66;1.2
15;23; E. DA CUNHA  ;42;2.1
16;23; A.S.OLIVEIRA ;1;0.1
17;23; MARIMBONDO   ;507;55.7
18;23; A. VERMELHA  ;271;9.8
20;23; BATALHA      ;167;4.6
21;23; SERRA FACAO  ;105;0.9
24;23; EMBORCACAO   ;381;13.1
25;23; NOVA PONTE   ;367;2.2
26;23; MIRANDA      ;14;1.5
27;23; CAPIM BRANC1 ;2;0.6
28;23; CAPIM BRANC2 ;4;1.5
29;23; CORUMBA IV   ;107;3.1
30;23; CORUMBA I    ;306;5.8
31;23; ITUMBIARA    ;323;13.6
32;23; CACH.DOURADA ;57;1.6
33;23; SAO SIMAO    ;1020;26
34;23; I. SOLTEIRA  ;304;4.1
37;23; BARRA BONITA ;254;55.3
38;23; A.S. LIMA    ;69;7.9
39;23; IBITINGA     ;134;5.5
40;23; PROMISSAO    ;47;3.7
42;23; NAVANHANDAVA ;18;4.4
43;23; TRES IRMAOS  ;19;4.4
45;23; JUPIA        ;347;1.8
46;23; P. PRIMAVERA ;533;17.8
47;23; A.A. LAYDNER ;76;6.9
48;23; PIRAJU       ;2;0.1
49;23; CHAVANTES    ;42;0.8
50;23; L.N. GARCEZ  ;58;2.8
51;23; CANOAS II    ;5;0.2
52;23; CANOAS I     ;10;0.3
53;23; PARANAPANEMA ;0;0
57;23; MAUA         ;66;1
61;23; CAPIVARA     ;188;3.3
62;23; TAQUARUCU    ;38;0.3
63;23; ROSANA       ;88;2.1
66;23; ITAIPU       ;1077;17
71;23; STA CLARA PR ;30;0.4
72;23; FUNDAO       ;2;0
73;23; JORDAO       ;8;0
74;23; G.B. MUNHOZ  ;170;6.9
76;23; SEGREDO      ;39;0.1
77;23; SLT.SANTIAGO ;21;0.3
78;23; SALTO OSORIO ;8;0.1
82;23; SALTO CAXIAS ;52;1.1
83;23; BAIXO IGUACU ;21;1.2
86;23; BARRA GRANDE ;51;0.4
87;23; CANASTRA     ;2;0.5
88;23; SAO ROQUE    ;57;0.5
89;23; GARIBALDI    ;13;0.4
90;23; CAMPOS NOVOS ;7;0.1
91;23; MACHADINHO   ;29;0.2
92;23; ITA          ;52;1.6
93;23; PASSO FUNDO  ;6;0.3
94;23; MONJOLINHO   ;4;0.1
95;23; QUEBRA QUEIX ;20;0.1
97;23; CASTRO ALVES ;28;0.4
98;23; MONTE CLARO  ;9;0.9
99;23; 14 DE JULHO  ;1;0.5
101;23; SAO JOSE     ;57;0.5
102;23; PASSO S JOAO ;2;0
103;23; FOZ CHAPECO  ;41;0.8
107;23; EDGARD SOUZA ;61;-21.9
108;23; TRAICAO      ;0;0
109;23; PEDREIRA     ;0;0
110;23; ERNESTINA    ;8;0
111;23; PASSO REAL   ;66;0.3
112;23; JACUI        ;0;0
113;23; ITAUBA       ;3;0
114;23; D. FRANCISCA ;3;0
115;23; G.P. SOUZA   ;14;0.1
117;23; GUARAPIRANGA ;10;10.3
118;23; BILLINGS     ;13;7.9
119;23; HENRY BORDEN ;0;0
120;23; JAGUARI      ;20;5.2
121;23; PARAIBUNA    ;46;0.2
122;23; SANTA BRANCA ;7;0
123;23; FUNIL        ;97;9
124;23; LAJES        ;7;0
125;23; STA CECILIA  ;50;0.8
126;23; PICADA       ;30;0.1
127;23; SOBRAGI      ;24;0.8
129;23; SIMPLICIO    ;134;91.5
130;23; ILHA POMBOS  ;55;-89.2
131;23; NILO PECANHA ;0;0
133;23; P. PASSOS    ;0;0
134;23; SALTO GRANDE ;100;0.3
135;23; P. ESTRELA   ;0;0
139;23; CANDONGA     ;144;1.3
141;23; BAGUARI      ;142;3.9
143;23; AIMORES      ;61;2.9
144;23; MASCARENHAS  ;109;2.7
145;23; SUICA        ;9;0.1
146;23; FONTES C     ;0;5.5
147;23; FONTES AB    ;0;0
148;23; IRAPE        ;128;0.4
153;23; SAO DOMINGOS ;98;0.4
154;23; ITAPEBI      ;147;3.6
155;23; RETIRO BAIXO ;133;3.3
156;23; TRES MARIAS  ;756;8.4
162;23; QUEIMADO     ;65;1.4
169;23; SOBRADINHO   ;3837;89
172;23; ITAPARICA    ;0;77.7
173;23; MOXOTO       ;0;2.7
174;23; P.AFONSO 123 ;0;0.1
175;23; P.AFONSO 4   ;0;0
178;23; XINGO        ;0;0.4
180;23; TOCOS        ;15;0
181;23; SANTANA      ;7;0
182;23; VIGARIO      ;0;0
185;23; BARRA BRAUNA ;151;1.7
189;23; P. CAVALO    ;26;7.9
190;23; B. ESPERANCA ;833;1.9
192;23; GUILMAN-AMOR ;64;0.7
193;23; SA CARVALHO  ;1;0
195;23; JAURU        ;89;0.1
196;23; GUAPORE      ;38;0
203;23; CORUMBA III  ;34;0.5
204;23; CACH.CALDEIR ;1518;0
215;23; SALTO PILAO  ;33;0.2
217;23; ROSAL        ;41;0.2
225;23; SLT APIACAS  ;346;0.3
227;23; SINOP        ;1459;17.2
228;23; COLIDER      ;136;0
229;23; TELES PIRES  ;2418;12.3
230;23; SAO MANOEL   ;22;-10.5
241;23; SLT VERDINHO ;13;0
249;23; OURINHOS     ;2;0
251;23; SERRA MESA   ;919;21.1
252;23; CANA BRAVA   ;117;0.1
253;23; SAO SALVADOR ;115;0.2
257;23; PEIXE ANGIC  ;907;5.6
261;23; LAJEADO      ;950;2.6
262;23; SALTO        ;158;0.4
267;23; ESTREITO TOC ;2638;2.1
272;23; CURUA-UNA    ;245;0.1
275;23; TUCURUI      ;15546;49.7
276;23; RONDON II    ;113;0.3
277;23; BALBINA      ;1111;0
278;23; MANSO        ;178;0.2
279;23; SAMUEL       ;735;0.4
280;23; COARACY NUNE ;5;0
281;23; PONTE PEDRA  ;82;0.7
283;23; STA CLARA MG ;89;1.1
284;23; FERREIRA GOM ;12;0
285;23; JIRAU        ;34600;64.6
286;23; STO ANT JARI ;1737;0.9
287;23; STO ANTONIO  ;543;0
288;23; BELO MONTE   ;0;0
290;23; ESPORA       ;68;0.1
304;23; ITIQUIRA I   ;88;0.3
305;23; ITIQUIRA II  ;0;0
309;23; JURUENA      ;142;2.3
310;23; DARDANELOS   ;693;0.2
311;23; CACU         ;208;0.4
312;23; B. COQUEIROS ;9;0
314;23; PIMENTAL     ;18427;7.5
315;23; FOZ R. CLARO ;16;0.1
1;24; CAMARGOS     ;92;0.6
2;24; ITUTINGA     ;0;0
4;24; FUNIL-GRANDE ;175;3.8
6;24; FURNAS       ;523;11
7;24; M. DE MORAES ;146;1.1
8;24; ESTREITO     ;34;0.2
9;24; JAGUARA      ;14;0.2
10;24; IGARAPAVA    ;40;0.3
11;24; VOLTA GRANDE ;89;2.4
12;24; P. COLOMBIA  ;221;9.4
14;24; CACONDE      ;66;1.2
15;24; E. DA CUNHA  ;42;2.1
16;24; A.S.OLIVEIRA ;1;0.1
17;24; MARIMBONDO   ;507;55.7
18;24; A. VERMELHA  ;271;9.8
20;24; BATALHA      ;167;4.6
21;24; SERRA FACAO  ;105;0.9
24;24; EMBORCACAO   ;381;13.1
25;24; NOVA PONTE   ;367;2.2
26;24; MIRANDA      ;14;1.5
27;24; CAPIM BRANC1 ;2;0.6
28;24; CAPIM BRANC2 ;4;1.5
29;24; CORUMBA IV   ;107;3.1
30;24; CORUMBA I    ;306;5.8
31;24; ITUMBIARA    ;323;13.6
32;24; CACH.DOURADA ;57;1.6
33;24; SAO SIMAO    ;1020;26
34;24; I. SOLTEIRA  ;304;4.1
37;24; BARRA BONITA ;254;55.3
38;24; A.S. LIMA    ;69;7.9
39;24; IBITINGA     ;134;5.5
40;24; PROMISSAO    ;47;3.7
42;24; NAVANHANDAVA ;18;4.4
43;24; TRES IRMAOS  ;19;4.4
45;24; JUPIA        ;347;1.8
46;24; P. PRIMAVERA ;533;17.8
47;24; A.A. LAYDNER ;76;6.9
48;24; PIRAJU       ;2;0.1
49;24; CHAVANTES    ;42;0.8
50;24; L.N. GARCEZ  ;58;2.8
51;24; CANOAS II    ;5;0.2
52;24; CANOAS I     ;10;0.3
53;24; PARANAPANEMA ;0;0
57;24; MAUA         ;66;1
61;24; CAPIVARA     ;188;3.3
62;24; TAQUARUCU    ;38;0.3
63;24; ROSANA       ;88;2.1
66;24; ITAIPU       ;1077;17
71;24; STA CLARA PR ;30;0.4
72;24; FUNDAO       ;2;0
73;24; JORDAO       ;8;0
74;24; G.B. MUNHOZ  ;170;6.9
76;24; SEGREDO      ;39;0.1
77;24; SLT.SANTIAGO ;21;0.3
78;24; SALTO OSORIO ;8;0.1
82;24; SALTO CAXIAS ;52;1.1
83;24; BAIXO IGUACU ;21;1.2
86;24; BARRA GRANDE ;51;0.4
87;24; CANASTRA     ;2;0.5
88;24; SAO ROQUE    ;57;0.5
89;24; GARIBALDI    ;13;0.4
90;24; CAMPOS NOVOS ;7;0.1
91;24; MACHADINHO   ;29;0.2
92;24; ITA          ;52;1.6
93;24; PASSO FUNDO  ;6;0.3
94;24; MONJOLINHO   ;4;0.1
95;24; QUEBRA QUEIX ;20;0.1
97;24; CASTRO ALVES ;28;0.4
98;24; MONTE CLARO  ;9;0.9
99;24; 14 DE JULHO  ;1;0.5
101;24; SAO JOSE     ;57;0.5
102;24; PASSO S JOAO ;2;0
103;24; FOZ CHAPECO  ;41;0.8
107;24; EDGARD SOUZA ;61;-21.9
108;24; TRAICAO      ;0;0
109;24; PEDREIRA     ;0;0
110;24; ERNESTINA    ;8;0
111;24; PASSO REAL   ;66;0.3
112;24; JACUI        ;0;0
113;24; ITAUBA       ;3;0
114;24; D. FRANCISCA ;3;0
115;24; G.P. SOUZA   ;14;0.1
117;24; GUARAPIRANGA ;10;10.3
118;24; BILLINGS     ;13;7.9
119;24; HENRY BORDEN ;0;0
120;24; JAGUARI      ;20;5.2
121;24; PARAIBUNA    ;46;0.2
122;24; SANTA BRANCA ;7;0
123;24; FUNIL        ;97;9
124;24; LAJES        ;7;0
125;24; STA CECILIA  ;50;0.8
126;24; PICADA       ;30;0.1
127;24; SOBRAGI      ;24;0.8
129;24; SIMPLICIO    ;134;91.5
130;24; ILHA POMBOS  ;55;-89.2
131;24; NILO PECANHA ;0;0
133;24; P. PASSOS    ;0;0
134;24; SALTO GRANDE ;100;0.3
135;24; P. ESTRELA   ;0;0
139;24; CANDONGA     ;144;1.3
141;24; BAGUARI      ;142;3.9
143;24; AIMORES      ;61;2.9
144;24; MASCARENHAS  ;109;2.7
145;24; SUICA        ;9;0.1
146;24; FONTES C     ;0;5.5
147;24; FONTES AB    ;0;0
148;24; IRAPE        ;128;0.4
153;24; SAO DOMINGOS ;98;0.4
154;24; ITAPEBI      ;147;3.6
155;24; RETIRO BAIXO ;133;3.3
156;24; TRES MARIAS  ;756;8.4
162;24; QUEIMADO     ;65;1.4
169;24; SOBRADINHO   ;3837;89
172;24; ITAPARICA    ;0;77.7
173;24; MOXOTO       ;0;2.7
174;24; P.AFONSO 123 ;0;0.1
175;24; P.AFONSO 4   ;0;0
178;24; XINGO        ;0;0.4
180;24; TOCOS        ;15;0
181;24; SANTANA      ;7;0
182;24; VIGARIO      ;0;0
185;24; BARRA BRAUNA ;151;1.7
189;24; P. CAVALO    ;26;7.9
190;24; B. ESPERANCA ;833;1.9
192;24; GUILMAN-AMOR ;64;0.7
193;24; SA CARVALHO  ;1;0
195;24; JAURU        ;89;0.1
196;24; GUAPORE      ;38;0
203;24; CORUMBA III  ;34;0.5
204;24; CACH.CALDEIR ;1518;0
215;24; SALTO PILAO  ;33;0.2
217;24; ROSAL        ;41;0.2
225;24; SLT APIACAS  ;346;0.3
227;24; SINOP        ;1459;17.2
228;24; COLIDER      ;136;0
229;24; TELES PIRES  ;2418;12.3
230;24; SAO MANOEL   ;22;-10.5
241;24; SLT VERDINHO ;13;0
249;24; OURINHOS     ;2;0
251;24; SERRA MESA   ;919;21.1
252;24; CANA BRAVA   ;117;0.1
253;24; SAO SALVADOR ;115;0.2
257;24; PEIXE ANGIC  ;907;5.6
261;24; LAJEADO      ;950;2.6
262;24; SALTO        ;158;0.4
267;24; ESTREITO TOC ;2638;2.1
272;24; CURUA-UNA    ;245;0.1
275;24; TUCURUI      ;15546;49.7
276;24; RONDON II    ;113;0.3
277;24; BALBINA      ;1111;0
278;24; MANSO        ;178;0.2
279;24; SAMUEL       ;735;0.4
280;24; COARACY NUNE ;5;0
281;24; PONTE PEDRA  ;82;0.7
283;24; STA CLARA MG ;89;1.1
284;24; FERREIRA GOM ;12;0
285;24; JIRAU        ;34600;64.6
286;24; STO ANT JARI ;1737;0.9
287;24; STO ANTONIO  ;543;0
288;24; BELO MONTE   ;0;0
290;24; ESPORA       ;68;0.1
304;24; ITIQUIRA I   ;88;0.3
305;24; ITIQUIRA II  ;0;0
309;24; JURUENA      ;142;2.3
310;24; DARDANELOS   ;693;0.2
311;24; CACU         ;208;0.4
312;24; B. COQUEIROS ;9;0
314;24; PIMENTAL     ;18427;7.5
315;24; FOZ R. CLARO ;16;0.1
1;25; CAMARGOS     ;92;0.6
2;25; ITUTINGA     ;0;0
4;25; FUNIL-GRANDE ;175;3.8
6;25; FURNAS       ;523;11
7;25; M. DE MORAES ;146;1.1
8;25; ESTREITO     ;34;0.2
9;25; JAGUARA      ;14;0.2
10;25; IGARAPAVA    ;40;0.3
11;25; VOLTA GRANDE ;89;2.4
12;25; P. COLOMBIA  ;221;9.4
14;25; CACONDE      ;66;1.2
15;25; E. DA CUNHA  ;42;2.1
16;25; A.S.OLIVEIRA ;1;0.1
17;25; MARIMBONDO   ;507;55.7
18;25; A. VERMELHA  ;271;9.8
20;25; BATALHA      ;167;4.6
21;25; SERRA FACAO  ;105;0.9
24;25; EMBORCACAO   ;381;13.1
25;25; NOVA PONTE   ;367;2.2
26;25; MIRANDA      ;14;1.5
27;25; CAPIM BRANC1 ;2;0.6
28;25; CAPIM BRANC2 ;4;1.5
29;25; CORUMBA IV   ;107;3.1
30;25; CORUMBA I    ;306;5.8
31;25; ITUMBIARA    ;323;13.6
32;25; CACH.DOURADA ;57;1.6
33;25; SAO SIMAO    ;1020;26
34;25; I. SOLTEIRA  ;304;4.1
37;25; BARRA BONITA ;254;55.3
38;25; A.S. LIMA    ;69;7.9
39;25; IBITINGA     ;134;5.5
40;25; PROMISSAO    ;47;3.7
42;25; NAVANHANDAVA ;18;4.4
43;25; TRES IRMAOS  ;19;4.4
45;25; JUPIA        ;347;1.8
46;25; P. PRIMAVERA ;533;17.8
47;25; A.A. LAYDNER ;76;6.9
48;25; PIRAJU       ;2;0.1
49;25; CHAVANTES    ;42;0.8
50;25; L.N. GARCEZ  ;58;2.8
51;25; CANOAS II    ;5;0.2
52;25; CANOAS I     ;10;0.3
53;25; PARANAPANEMA ;0;0
57;25; MAUA         ;66;1
61;25; CAPIVARA     ;188;3.3
62;25; TAQUARUCU    ;38;0.3
63;25; ROSANA       ;88;2.1
66;25; ITAIPU       ;1077;17
71;25; STA CLARA PR ;30;0.4
72;25; FUNDAO       ;2;0
73;25; JORDAO       ;8;0
74;25; G.B. MUNHOZ  ;170;6.9
76;25; SEGREDO      ;39;0.1
77;25; SLT.SANTIAGO ;21;0.3
78;25; SALTO OSORIO ;8;0.1
82;25; SALTO CAXIAS ;52;1.1
83;25; BAIXO IGUACU ;21;1.2
86;25; BARRA GRANDE ;51;0.4
87;25; CANASTRA     ;2;0.5
88;25; SAO ROQUE    ;57;0.5
89;25; GARIBALDI    ;13;0.4
90;25; CAMPOS NOVOS ;7;0.1
91;25; MACHADINHO   ;29;0.2
92;25; ITA          ;52;1.6
93;25; PASSO FUNDO  ;6;0.3
94;25; MONJOLINHO   ;4;0.1
95;25; QUEBRA QUEIX ;20;0.1
97;25; CASTRO ALVES ;28;0.4
98;25; MONTE CLARO  ;9;0.9
99;25; 14 DE JULHO  ;1;0.5
101;25; SAO JOSE     ;57;0.5
102;25; PASSO S JOAO ;2;0
103;25; FOZ CHAPECO  ;41;0.8
107;25; EDGARD SOUZA ;61;-21.9
108;25; TRAICAO      ;0;0
109;25; PEDREIRA     ;0;0
110;25; ERNESTINA    ;8;0
111;25; PASSO REAL   ;66;0.3
112;25; JACUI        ;0;0
113;25; ITAUBA       ;3;0
114;25; D. FRANCISCA ;3;0
115;25; G.P. SOUZA   ;14;0.1
117;25; GUARAPIRANGA ;10;10.3
118;25; BILLINGS     ;13;7.9
119;25; HENRY BORDEN ;0;0
120;25; JAGUARI      ;20;5.2
121;25; PARAIBUNA    ;46;0.2
122;25; SANTA BRANCA ;7;0
123;25; FUNIL        ;97;9
124;25; LAJES        ;7;0
125;25; STA CECILIA  ;50;0.8
126;25; PICADA       ;30;0.1
127;25; SOBRAGI      ;24;0.8
129;25; SIMPLICIO    ;134;91.5
130;25; ILHA POMBOS  ;55;-89.2
131;25; NILO PECANHA ;0;0
133;25; P. PASSOS    ;0;0
134;25; SALTO GRANDE ;100;0.3
135;25; P. ESTRELA   ;0;0
139;25; CANDONGA     ;144;1.3
141;25; BAGUARI      ;142;3.9
143;25; AIMORES      ;61;2.9
144;25; MASCARENHAS  ;109;2.7
145;25; SUICA        ;9;0.1
146;25; FONTES C     ;0;5.5
147;25; FONTES AB    ;0;0
148;25; IRAPE        ;128;0.4
153;25; SAO DOMINGOS ;98;0.4
154;25; ITAPEBI      ;147;3.6
155;25; RETIRO BAIXO ;133;3.3
156;25; TRES MARIAS  ;756;8.4
162;25; QUEIMADO     ;65;1.4
169;25; SOBRADINHO   ;3837;89
172;25; ITAPARICA    ;0;77.7
173;25; MOXOTO       ;0;2.7
174;25; P.AFONSO 123 ;0;0.1
175;25; P.AFONSO 4   ;0;0
178;25; XINGO        ;0;0.4
180;25; TOCOS        ;15;0
181;25; SANTANA      ;7;0
182;25; VIGARIO      ;0;0
185;25; BARRA BRAUNA ;151;1.7
189;25; P. CAVALO    ;26;7.9
190;25; B. ESPERANCA ;833;1.9
192;25; GUILMAN-AMOR ;64;0.7
193;25; SA CARVALHO  ;1;0
195;25; JAURU        ;89;0.1
196;25; GUAPORE      ;38;0
203;25; CORUMBA III  ;34;0.5
204;25; CACH.CALDEIR ;1518;0
215;25; SALTO PILAO  ;33;0.2
217;25; ROSAL        ;41;0.2
225;25; SLT APIACAS  ;346;0.3
227;25; SINOP        ;1459;17.2
228;25; COLIDER      ;136;0
229;25; TELES PIRES  ;2418;12.3
230;25; SAO MANOEL   ;22;-10.5
241;25; SLT VERDINHO ;13;0
249;25; OURINHOS     ;2;0
251;25; SERRA MESA   ;919;21.1
252;25; CANA BRAVA   ;117;0.1
253;25; SAO SALVADOR ;115;0.2
257;25; PEIXE ANGIC  ;907;5.6
261;25; LAJEADO      ;950;2.6
262;25; SALTO        ;158;0.4
267;25; ESTREITO TOC ;2638;2.1
272;25; CURUA-UNA    ;245;0.1
275;25; TUCURUI      ;15546;49.7
276;25; RONDON II    ;113;0.3
277;25; BALBINA      ;1111;0
278;25; MANSO        ;178;0.2
279;25; SAMUEL       ;735;0.4
280;25; COARACY NUNE ;5;0
281;25; PONTE PEDRA  ;82;0.7
283;25; STA CLARA MG ;89;1.1
284;25; FERREIRA GOM ;12;0
285;25; JIRAU        ;34600;64.6
286;25; STO ANT JARI ;1737;0.9
287;25; STO ANTONIO  ;543;0
288;25; BELO MONTE   ;0;0
290;25; ESPORA       ;68;0.1
304;25; ITIQUIRA I   ;88;0.3
305;25; ITIQUIRA II  ;0;0
309;25; JURUENA      ;142;2.3
310;25; DARDANELOS   ;693;0.2
311;25; CACU         ;208;0.4
312;25; B. COQUEIROS ;9;0
314;25; PIMENTAL     ;18427;7.5
315;25; FOZ R. CLARO ;16;0.1
1;26; CAMARGOS     ;92;0.6
2;26; ITUTINGA     ;0;0
4;26; FUNIL-GRANDE ;175;3.8
6;26; FURNAS       ;523;11
7;26; M. DE MORAES ;146;1.1
8;26; ESTREITO     ;34;0.2
9;26; JAGUARA      ;14;0.2
10;26; IGARAPAVA    ;40;0.3
11;26; VOLTA GRANDE ;89;2.4
12;26; P. COLOMBIA  ;221;9.4
14;26; CACONDE      ;66;1.2
15;26; E. DA CUNHA  ;42;2.1
16;26; A.S.OLIVEIRA ;1;0.1
17;26; MARIMBONDO   ;507;55.7
18;26; A. VERMELHA  ;271;9.8
20;26; BATALHA      ;167;4.6
21;26; SERRA FACAO  ;105;0.9
24;26; EMBORCACAO   ;381;13.1
25;26; NOVA PONTE   ;367;2.2
26;26; MIRANDA      ;14;1.5
27;26; CAPIM BRANC1 ;2;0.6
28;26; CAPIM BRANC2 ;4;1.5
29;26; CORUMBA IV   ;107;3.1
30;26; CORUMBA I    ;306;5.8
31;26; ITUMBIARA    ;323;13.6
32;26; CACH.DOURADA ;57;1.6
33;26; SAO SIMAO    ;1020;26
34;26; I. SOLTEIRA  ;304;4.1
37;26; BARRA BONITA ;254;55.3
38;26; A.S. LIMA    ;69;7.9
39;26; IBITINGA     ;134;5.5
40;26; PROMISSAO    ;47;3.7
42;26; NAVANHANDAVA ;18;4.4
43;26; TRES IRMAOS  ;19;4.4
45;26; JUPIA        ;347;1.8
46;26; P. PRIMAVERA ;533;17.8
47;26; A.A. LAYDNER ;76;6.9
48;26; PIRAJU       ;2;0.1
49;26; CHAVANTES    ;42;0.8
50;26; L.N. GARCEZ  ;58;2.8
51;26; CANOAS II    ;5;0.2
52;26; CANOAS I     ;10;0.3
53;26; PARANAPANEMA ;0;0
57;26; MAUA         ;66;1
61;26; CAPIVARA     ;188;3.3
62;26; TAQUARUCU    ;38;0.3
63;26; ROSANA       ;88;2.1
66;26; ITAIPU       ;1077;17
71;26; STA CLARA PR ;30;0.4
72;26; FUNDAO       ;2;0
73;26; JORDAO       ;8;0
74;26; G.B. MUNHOZ  ;170;6.9
76;26; SEGREDO      ;39;0.1
77;26; SLT.SANTIAGO ;21;0.3
78;26; SALTO OSORIO ;8;0.1
82;26; SALTO CAXIAS ;52;1.1
83;26; BAIXO IGUACU ;21;1.2
86;26; BARRA GRANDE ;51;0.4
87;26; CANASTRA     ;2;0.5
88;26; SAO ROQUE    ;57;0.5
89;26; GARIBALDI    ;13;0.4
90;26; CAMPOS NOVOS ;7;0.1
91;26; MACHADINHO   ;29;0.2
92;26; ITA          ;52;1.6
93;26; PASSO FUNDO  ;6;0.3
94;26; MONJOLINHO   ;4;0.1
95;26; QUEBRA QUEIX ;20;0.1
97;26; CASTRO ALVES ;28;0.4
98;26; MONTE CLARO  ;9;0.9
99;26; 14 DE JULHO  ;1;0.5
101;26; SAO JOSE     ;57;0.5
102;26; PASSO S JOAO ;2;0
103;26; FOZ CHAPECO  ;41;0.8
107;26; EDGARD SOUZA ;61;-21.9
108;26; TRAICAO      ;0;0
109;26; PEDREIRA     ;0;0
110;26; ERNESTINA    ;8;0
111;26; PASSO REAL   ;66;0.3
112;26; JACUI        ;0;0
113;26; ITAUBA       ;3;0
114;26; D. FRANCISCA ;3;0
115;26; G.P. SOUZA   ;14;0.1
117;26; GUARAPIRANGA ;10;10.3
118;26; BILLINGS     ;13;7.9
119;26; HENRY BORDEN ;0;0
120;26; JAGUARI      ;20;5.2
121;26; PARAIBUNA    ;46;0.2
122;26; SANTA BRANCA ;7;0
123;26; FUNIL        ;97;9
124;26; LAJES        ;7;0
125;26; STA CECILIA  ;50;0.8
126;26; PICADA       ;30;0.1
127;26; SOBRAGI      ;24;0.8
129;26; SIMPLICIO    ;134;91.5
130;26; ILHA POMBOS  ;55;-89.2
131;26; NILO PECANHA ;0;0
133;26; P. PASSOS    ;0;0
134;26; SALTO GRANDE ;100;0.3
135;26; P. ESTRELA   ;0;0
139;26; CANDONGA     ;144;1.3
141;26; BAGUARI      ;142;3.9
143;26; AIMORES      ;61;2.9
144;26; MASCARENHAS  ;109;2.7
145;26; SUICA        ;9;0.1
146;26; FONTES C     ;0;5.5
147;26; FONTES AB    ;0;0
148;26; IRAPE        ;128;0.4
153;26; SAO DOMINGOS ;98;0.4
154;26; ITAPEBI      ;147;3.6
155;26; RETIRO BAIXO ;133;3.3
156;26; TRES MARIAS  ;756;8.4
162;26; QUEIMADO     ;65;1.4
169;26; SOBRADINHO   ;3837;89
172;26; ITAPARICA    ;0;77.7
173;26; MOXOTO       ;0;2.7
174;26; P.AFONSO 123 ;0;0.1
175;26; P.AFONSO 4   ;0;0
178;26; XINGO        ;0;0.4
180;26; TOCOS        ;15;0
181;26; SANTANA      ;7;0
182;26; VIGARIO      ;0;0
185;26; BARRA BRAUNA ;151;1.7
189;26; P. CAVALO    ;26;7.9
190;26; B. ESPERANCA ;833;1.9
192;26; GUILMAN-AMOR ;64;0.7
193;26; SA CARVALHO  ;1;0
195;26; JAURU        ;89;0.1
196;26; GUAPORE      ;38;0
203;26; CORUMBA III  ;34;0.5
204;26; CACH.CALDEIR ;1518;0
215;26; SALTO PILAO  ;33;0.2
217;26; ROSAL        ;41;0.2
225;26; SLT APIACAS  ;346;0.3
227;26; SINOP        ;1459;17.2
228;26; COLIDER      ;136;0
229;26; TELES PIRES  ;2418;12.3
230;26; SAO MANOEL   ;22;-10.5
241;26; SLT VERDINHO ;13;0
249;26; OURINHOS     ;2;0
251;26; SERRA MESA   ;919;21.1
252;26; CANA BRAVA   ;117;0.1
253;26; SAO SALVADOR ;115;0.2
257;26; PEIXE ANGIC  ;907;5.6
261;26; LAJEADO      ;950;2.6
262;26; SALTO        ;158;0.4
267;26; ESTREITO TOC ;2638;2.1
272;26; CURUA-UNA    ;245;0.1
275;26; TUCURUI      ;15546;49.7
276;26; RONDON II    ;113;0.3
277;26; BALBINA      ;1111;0
278;26; MANSO        ;178;0.2
279;26; SAMUEL       ;735;0.4
280;26; COARACY NUNE ;5;0
281;26; PONTE PEDRA  ;82;0.7
283;26; STA CLARA MG ;89;1.1
284;26; FERREIRA GOM ;12;0
285;26; JIRAU        ;34600;64.6
286;26; STO ANT JARI ;1737;0.9
287;26; STO ANTONIO  ;543;0
288;26; BELO MONTE   ;0;0
290;26; ESPORA       ;68;0.1
304;26; ITIQUIRA I   ;88;0.3
305;26; ITIQUIRA II  ;0;0
309;26; JURUENA      ;142;2.3
310;26; DARDANELOS   ;693;0.2
311;26; CACU         ;208;0.4
312;26; B. COQUEIROS ;9;0
314;26; PIMENTAL     ;18427;7.5
315;26; FOZ R. CLARO ;16;0.1
1;27; CAMARGOS     ;92;0.6
2;27; ITUTINGA     ;0;0
4;27; FUNIL-GRANDE ;175;3.8
6;27; FURNAS       ;523;11
7;27; M. DE MORAES ;146;1.1
8;27; ESTREITO     ;34;0.2
9;27; JAGUARA      ;14;0.2
10;27; IGARAPAVA    ;40;0.3
11;27; VOLTA GRANDE ;89;2.4
12;27; P. COLOMBIA  ;221;9.4
14;27; CACONDE      ;66;1.2
15;27; E. DA CUNHA  ;42;2.1
16;27; A.S.OLIVEIRA ;1;0.1
17;27; MARIMBONDO   ;507;55.7
18;27; A. VERMELHA  ;271;9.8
20;27; BATALHA      ;167;4.6
21;27; SERRA FACAO  ;105;0.9
24;27; EMBORCACAO   ;381;13.1
25;27; NOVA PONTE   ;367;2.2
26;27; MIRANDA      ;14;1.5
27;27; CAPIM BRANC1 ;2;0.6
28;27; CAPIM BRANC2 ;4;1.5
29;27; CORUMBA IV   ;107;3.1
30;27; CORUMBA I    ;306;5.8
31;27; ITUMBIARA    ;323;13.6
32;27; CACH.DOURADA ;57;1.6
33;27; SAO SIMAO    ;1020;26
34;27; I. SOLTEIRA  ;304;4.1
37;27; BARRA BONITA ;254;55.3
38;27; A.S. LIMA    ;69;7.9
39;27; IBITINGA     ;134;5.5
40;27; PROMISSAO    ;47;3.7
42;27; NAVANHANDAVA ;18;4.4
43;27; TRES IRMAOS  ;19;4.4
45;27; JUPIA        ;347;1.8
46;27; P. PRIMAVERA ;533;17.8
47;27; A.A. LAYDNER ;76;6.9
48;27; PIRAJU       ;2;0.1
49;27; CHAVANTES    ;42;0.8
50;27; L.N. GARCEZ  ;58;2.8
51;27; CANOAS II    ;5;0.2
52;27; CANOAS I     ;10;0.3
53;27; PARANAPANEMA ;0;0
57;27; MAUA         ;66;1
61;27; CAPIVARA     ;188;3.3
62;27; TAQUARUCU    ;38;0.3
63;27; ROSANA       ;88;2.1
66;27; ITAIPU       ;1077;17
71;27; STA CLARA PR ;30;0.4
72;27; FUNDAO       ;2;0
73;27; JORDAO       ;8;0
74;27; G.B. MUNHOZ  ;170;6.9
76;27; SEGREDO      ;39;0.1
77;27; SLT.SANTIAGO ;21;0.3
78;27; SALTO OSORIO ;8;0.1
82;27; SALTO CAXIAS ;52;1.1
83;27; BAIXO IGUACU ;21;1.2
86;27; BARRA GRANDE ;51;0.4
87;27; CANASTRA     ;2;0.5
88;27; SAO ROQUE    ;57;0.5
89;27; GARIBALDI    ;13;0.4
90;27; CAMPOS NOVOS ;7;0.1
91;27; MACHADINHO   ;29;0.2
92;27; ITA          ;52;1.6
93;27; PASSO FUNDO  ;6;0.3
94;27; MONJOLINHO   ;4;0.1
95;27; QUEBRA QUEIX ;20;0.1
97;27; CASTRO ALVES ;28;0.4
98;27; MONTE CLARO  ;9;0.9
99;27; 14 DE JULHO  ;1;0.5
101;27; SAO JOSE     ;57;0.5
102;27; PASSO S JOAO ;2;0
103;27; FOZ CHAPECO  ;41;0.8
107;27; EDGARD SOUZA ;61;-21.9
108;27; TRAICAO      ;0;0
109;27; PEDREIRA     ;0;0
110;27; ERNESTINA    ;8;0
111;27; PASSO REAL   ;66;0.3
112;27; JACUI        ;0;0
113;27; ITAUBA       ;3;0
114;27; D. FRANCISCA ;3;0
115;27; G.P. SOUZA   ;14;0.1
117;27; GUARAPIRANGA ;10;10.3
118;27; BILLINGS     ;13;7.9
119;27; HENRY BORDEN ;0;0
120;27; JAGUARI      ;20;5.2
121;27; PARAIBUNA    ;46;0.2
122;27; SANTA BRANCA ;7;0
123;27; FUNIL        ;97;9
124;27; LAJES        ;7;0
125;27; STA CECILIA  ;50;0.8
126;27; PICADA       ;30;0.1
127;27; SOBRAGI      ;24;0.8
129;27; SIMPLICIO    ;134;91.5
130;27; ILHA POMBOS  ;55;-89.2
131;27; NILO PECANHA ;0;0
133;27; P. PASSOS    ;0;0
134;27; SALTO GRANDE ;100;0.3
135;27; P. ESTRELA   ;0;0
139;27; CANDONGA     ;144;1.3
141;27; BAGUARI      ;142;3.9
143;27; AIMORES      ;61;2.9
144;27; MASCARENHAS  ;109;2.7
145;27; SUICA        ;9;0.1
146;27; FONTES C     ;0;5.5
147;27; FONTES AB    ;0;0
148;27; IRAPE        ;128;0.4
153;27; SAO DOMINGOS ;98;0.4
154;27; ITAPEBI      ;147;3.6
155;27; RETIRO BAIXO ;133;3.3
156;27; TRES MARIAS  ;756;8.4
162;27; QUEIMADO     ;65;1.4
169;27; SOBRADINHO   ;3837;89
172;27; ITAPARICA    ;0;77.7
173;27; MOXOTO       ;0;2.7
174;27; P.AFONSO 123 ;0;0.1
175;27; P.AFONSO 4   ;0;0
178;27; XINGO        ;0;0.4
180;27; TOCOS        ;15;0
181;27; SANTANA      ;7;0
182;27; VIGARIO      ;0;0
185;27; BARRA BRAUNA ;151;1.7
189;27; P. CAVALO    ;26;7.9
190;27; B. ESPERANCA ;833;1.9
192;27; GUILMAN-AMOR ;64;0.7
193;27; SA CARVALHO  ;1;0
195;27; JAURU        ;89;0.1
196;27; GUAPORE      ;38;0
203;27; CORUMBA III  ;34;0.5
204;27; CACH.CALDEIR ;1518;0
215;27; SALTO PILAO  ;33;0.2
217;27; ROSAL        ;41;0.2
225;27; SLT APIACAS  ;346;0.3
227;27; SINOP        ;1459;17.2
228;27; COLIDER      ;136;0
229;27; TELES PIRES  ;2418;12.3
230;27; SAO MANOEL   ;22;-10.5
241;27; SLT VERDINHO ;13;0
249;27; OURINHOS     ;2;0
251;27; SERRA MESA   ;919;21.1
252;27; CANA BRAVA   ;117;0.1
253;27; SAO SALVADOR ;115;0.2
257;27; PEIXE ANGIC  ;907;5.6
261;27; LAJEADO      ;950;2.6
262;27; SALTO        ;158;0.4
267;27; ESTREITO TOC ;2638;2.1
272;27; CURUA-UNA    ;245;0.1
275;27; TUCURUI      ;15546;49.7
276;27; RONDON II    ;113;0.3
277;27; BALBINA      ;1111;0
278;27; MANSO        ;178;0.2
279;27; SAMUEL       ;735;0.4
280;27; COARACY NUNE ;5;0
281;27; PONTE PEDRA  ;82;0.7
283;27; STA CLARA MG ;89;1.1
284;27; FERREIRA GOM ;12;0
285;27; JIRAU        ;34600;64.6
286;27; STO ANT JARI ;1737;0.9
287;27; STO ANTONIO  ;543;0
288;27; BELO MONTE   ;0;0
290;27; ESPORA       ;68;0.1
304;27; ITIQUIRA I   ;88;0.3
305;27; ITIQUIRA II  ;0;0
309;27; JURUENA      ;142;2.3
310;27; DARDANELOS   ;693;0.2
311;27; CACU         ;208;0.4
312;27; B. COQUEIROS ;9;0
314;27; PIMENTAL     ;18427;7.5
315;27; FOZ R. CLARO ;16;0.1
1;28; CAMARGOS     ;92;0.6
2;28; ITUTINGA     ;0;0
4;28; FUNIL-GRANDE ;175;3.8
6;28; FURNAS       ;523;11
7;28; M. DE MORAES ;146;1.1
8;28; ESTREITO     ;34;0.2
9;28; JAGUARA      ;14;0.2
10;28; IGARAPAVA    ;40;0.3
11;28; VOLTA GRANDE ;89;2.4
12;28; P. COLOMBIA  ;221;9.4
14;28; CACONDE      ;66;1.2
15;28; E. DA CUNHA  ;42;2.1
16;28; A.S.OLIVEIRA ;1;0.1
17;28; MARIMBONDO   ;507;55.7
18;28; A. VERMELHA  ;271;9.8
20;28; BATALHA      ;167;4.6
21;28; SERRA FACAO  ;105;0.9
24;28; EMBORCACAO   ;381;13.1
25;28; NOVA PONTE   ;367;2.2
26;28; MIRANDA      ;14;1.5
27;28; CAPIM BRANC1 ;2;0.6
28;28; CAPIM BRANC2 ;4;1.5
29;28; CORUMBA IV   ;107;3.1
30;28; CORUMBA I    ;306;5.8
31;28; ITUMBIARA    ;323;13.6
32;28; CACH.DOURADA ;57;1.6
33;28; SAO SIMAO    ;1020;26
34;28; I. SOLTEIRA  ;304;4.1
37;28; BARRA BONITA ;254;55.3
38;28; A.S. LIMA    ;69;7.9
39;28; IBITINGA     ;134;5.5
40;28; PROMISSAO    ;47;3.7
42;28; NAVANHANDAVA ;18;4.4
43;28; TRES IRMAOS  ;19;4.4
45;28; JUPIA        ;347;1.8
46;28; P. PRIMAVERA ;533;17.8
47;28; A.A. LAYDNER ;76;6.9
48;28; PIRAJU       ;2;0.1
49;28; CHAVANTES    ;42;0.8
50;28; L.N. GARCEZ  ;58;2.8
51;28; CANOAS II    ;5;0.2
52;28; CANOAS I     ;10;0.3
53;28; PARANAPANEMA ;0;0
57;28; MAUA         ;66;1
61;28; CAPIVARA     ;188;3.3
62;28; TAQUARUCU    ;38;0.3
63;28; ROSANA       ;88;2.1
66;28; ITAIPU       ;1077;17
71;28; STA CLARA PR ;30;0.4
72;28; FUNDAO       ;2;0
73;28; JORDAO       ;8;0
74;28; G.B. MUNHOZ  ;170;6.9
76;28; SEGREDO      ;39;0.1
77;28; SLT.SANTIAGO ;21;0.3
78;28; SALTO OSORIO ;8;0.1
82;28; SALTO CAXIAS ;52;1.1
83;28; BAIXO IGUACU ;21;1.2
86;28; BARRA GRANDE ;51;0.4
87;28; CANASTRA     ;2;0.5
88;28; SAO ROQUE    ;57;0.5
89;28; GARIBALDI    ;13;0.4
90;28; CAMPOS NOVOS ;7;0.1
91;28; MACHADINHO   ;29;0.2
92;28; ITA          ;52;1.6
93;28; PASSO FUNDO  ;6;0.3
94;28; MONJOLINHO   ;4;0.1
95;28; QUEBRA QUEIX ;20;0.1
97;28; CASTRO ALVES ;28;0.4
98;28; MONTE CLARO  ;9;0.9
99;28; 14 DE JULHO  ;1;0.5
101;28; SAO JOSE     ;57;0.5
102;28; PASSO S JOAO ;2;0
103;28; FOZ CHAPECO  ;41;0.8
107;28; EDGARD SOUZA ;61;-21.9
108;28; TRAICAO      ;0;0
109;28; PEDREIRA     ;0;0
110;28; ERNESTINA    ;8;0
111;28; PASSO REAL   ;66;0.3
112;28; JACUI        ;0;0
113;28; ITAUBA       ;3;0
114;28; D. FRANCISCA ;3;0
115;28; G.P. SOUZA   ;14;0.1
117;28; GUARAPIRANGA ;10;10.3
118;28; BILLINGS     ;13;7.9
119;28; HENRY BORDEN ;0;0
120;28; JAGUARI      ;20;5.2
121;28; PARAIBUNA    ;46;0.2
122;28; SANTA BRANCA ;7;0
123;28; FUNIL        ;97;9
124;28; LAJES        ;7;0
125;28; STA CECILIA  ;50;0.8
126;28; PICADA       ;30;0.1
127;28; SOBRAGI      ;24;0.8
129;28; SIMPLICIO    ;134;91.5
130;28; ILHA POMBOS  ;55;-89.2
131;28; NILO PECANHA ;0;0
133;28; P. PASSOS    ;0;0
134;28; SALTO GRANDE ;100;0.3
135;28; P. ESTRELA   ;0;0
139;28; CANDONGA     ;144;1.3
141;28; BAGUARI      ;142;3.9
143;28; AIMORES      ;61;2.9
144;28; MASCARENHAS  ;109;2.7
145;28; SUICA        ;9;0.1
146;28; FONTES C     ;0;5.5
147;28; FONTES AB    ;0;0
148;28; IRAPE        ;128;0.4
153;28; SAO DOMINGOS ;98;0.4
154;28; ITAPEBI      ;147;3.6
155;28; RETIRO BAIXO ;133;3.3
156;28; TRES MARIAS  ;756;8.4
162;28; QUEIMADO     ;65;1.4
169;28; SOBRADINHO   ;3837;89
172;28; ITAPARICA    ;0;77.7
173;28; MOXOTO       ;0;2.7
174;28; P.AFONSO 123 ;0;0.1
175;28; P.AFONSO 4   ;0;0
178;28; XINGO        ;0;0.4
180;28; TOCOS        ;15;0
181;28; SANTANA      ;7;0
182;28; VIGARIO      ;0;0
185;28; BARRA BRAUNA ;151;1.7
189;28; P. CAVALO    ;26;7.9
190;28; B. ESPERANCA ;833;1.9
192;28; GUILMAN-AMOR ;64;0.7
193;28; SA CARVALHO  ;1;0
195;28; JAURU        ;89;0.1
196;28; GUAPORE      ;38;0
203;28; CORUMBA III  ;34;0.5
204;28; CACH.CALDEIR ;1518;0
215;28; SALTO PILAO  ;33;0.2
217;28; ROSAL        ;41;0.2
225;28; SLT APIACAS  ;346;0.3
227;28; SINOP        ;1459;17.2
228;28; COLIDER      ;136;0
229;28; TELES PIRES  ;2418;12.3
230;28; SAO MANOEL   ;22;-10.5
241;28; SLT VERDINHO ;13;0
249;28; OURINHOS     ;2;0
251;28; SERRA MESA   ;919;21.1
252;28; CANA BRAVA   ;117;0.1
253;28; SAO SALVADOR ;115;0.2
257;28; PEIXE ANGIC  ;907;5.6
261;28; LAJEADO      ;950;2.6
262;28; SALTO        ;158;0.4
267;28; ESTREITO TOC ;2638;2.1
272;28; CURUA-UNA    ;245;0.1
275;28; TUCURUI      ;15546;49.7
276;28; RONDON II    ;113;0.3
277;28; BALBINA      ;1111;0
278;28; MANSO        ;178;0.2
279;28; SAMUEL       ;735;0.4
280;28; COARACY NUNE ;5;0
281;28; PONTE PEDRA  ;82;0.7
283;28; STA CLARA MG ;89;1.1
284;28; FERREIRA GOM ;12;0
285;28; JIRAU        ;34600;64.6
286;28; STO ANT JARI ;1737;0.9
287;28; STO ANTONIO  ;543;0
288;28; BELO MONTE   ;0;0
290;28; ESPORA       ;68;0.1
304;28; ITIQUIRA I   ;88;0.3
305;28; ITIQUIRA II  ;0;0
309;28; JURUENA      ;142;2.3
310;28; DARDANELOS   ;693;0.2
311;28; CACU         ;208;0.4
312;28; B. COQUEIROS ;9;0
314;28; PIMENTAL     ;18427;7.5
315;28; FOZ R. CLARO ;16;0.1
1;29; CAMARGOS     ;92;0.6
2;29; ITUTINGA     ;0;0
4;29; FUNIL-GRANDE ;175;3.8
6;29; FURNAS       ;523;11
7;29; M. DE MORAES ;146;1.1
8;29; ESTREITO     ;34;0.2
9;29; JAGUARA      ;14;0.2
10;29; IGARAPAVA    ;40;0.3
11;29; VOLTA GRANDE ;89;2.4
12;29; P. COLOMBIA  ;221;9.4
14;29; CACONDE      ;66;1.2
15;29; E. DA CUNHA  ;42;2.1
16;29; A.S.OLIVEIRA ;1;0.1
17;29; MARIMBONDO   ;507;55.7
18;29; A. VERMELHA  ;271;9.8
20;29; BATALHA      ;167;4.6
21;29; SERRA FACAO  ;105;0.9
24;29; EMBORCACAO   ;381;13.1
25;29; NOVA PONTE   ;367;2.2
26;29; MIRANDA      ;14;1.5
27;29; CAPIM BRANC1 ;2;0.6
28;29; CAPIM BRANC2 ;4;1.5
29;29; CORUMBA IV   ;107;3.1
30;29; CORUMBA I    ;306;5.8
31;29; ITUMBIARA    ;323;13.6
32;29; CACH.DOURADA ;57;1.6
33;29; SAO SIMAO    ;1020;26
34;29; I. SOLTEIRA  ;304;4.1
37;29; BARRA BONITA ;254;55.3
38;29; A.S. LIMA    ;69;7.9
39;29; IBITINGA     ;134;5.5
40;29; PROMISSAO    ;47;3.7
42;29; NAVANHANDAVA ;18;4.4
43;29; TRES IRMAOS  ;19;4.4
45;29; JUPIA        ;347;1.8
46;29; P. PRIMAVERA ;533;17.8
47;29; A.A. LAYDNER ;76;6.9
48;29; PIRAJU       ;2;0.1
49;29; CHAVANTES    ;42;0.8
50;29; L.N. GARCEZ  ;58;2.8
51;29; CANOAS II    ;5;0.2
52;29; CANOAS I     ;10;0.3
53;29; PARANAPANEMA ;0;0
57;29; MAUA         ;66;1
61;29; CAPIVARA     ;188;3.3
62;29; TAQUARUCU    ;38;0.3
63;29; ROSANA       ;88;2.1
66;29; ITAIPU       ;1077;17
71;29; STA CLARA PR ;30;0.4
72;29; FUNDAO       ;2;0
73;29; JORDAO       ;8;0
74;29; G.B. MUNHOZ  ;170;6.9
76;29; SEGREDO      ;39;0.1
77;29; SLT.SANTIAGO ;21;0.3
78;29; SALTO OSORIO ;8;0.1
82;29; SALTO CAXIAS ;52;1.1
83;29; BAIXO IGUACU ;21;1.2
86;29; BARRA GRANDE ;51;0.4
87;29; CANASTRA     ;2;0.5
88;29; SAO ROQUE    ;57;0.5
89;29; GARIBALDI    ;13;0.4
90;29; CAMPOS NOVOS ;7;0.1
91;29; MACHADINHO   ;29;0.2
92;29; ITA          ;52;1.6
93;29; PASSO FUNDO  ;6;0.3
94;29; MONJOLINHO   ;4;0.1
95;29; QUEBRA QUEIX ;20;0.1
97;29; CASTRO ALVES ;28;0.4
98;29; MONTE CLARO  ;9;0.9
99;29; 14 DE JULHO  ;1;0.5
101;29; SAO JOSE     ;57;0.5
102;29; PASSO S JOAO ;2;0
103;29; FOZ CHAPECO  ;41;0.8
107;29; EDGARD SOUZA ;61;-21.9
108;29; TRAICAO      ;0;0
109;29; PEDREIRA     ;0;0
110;29; ERNESTINA    ;8;0
111;29; PASSO REAL   ;66;0.3
112;29; JACUI        ;0;0
113;29; ITAUBA       ;3;0
114;29; D. FRANCISCA ;3;0
115;29; G.P. SOUZA   ;14;0.1
117;29; GUARAPIRANGA ;10;10.3
118;29; BILLINGS     ;13;7.9
119;29; HENRY BORDEN ;0;0
120;29; JAGUARI      ;20;5.2
121;29; PARAIBUNA    ;46;0.2
122;29; SANTA BRANCA ;7;0
123;29; FUNIL        ;97;9
124;29; LAJES        ;7;0
125;29; STA CECILIA  ;50;0.8
126;29; PICADA       ;30;0.1
127;29; SOBRAGI      ;24;0.8
129;29; SIMPLICIO    ;134;91.5
130;29; ILHA POMBOS  ;55;-89.2
131;29; NILO PECANHA ;0;0
133;29; P. PASSOS    ;0;0
134;29; SALTO GRANDE ;100;0.3
135;29; P. ESTRELA   ;0;0
139;29; CANDONGA     ;144;1.3
141;29; BAGUARI      ;142;3.9
143;29; AIMORES      ;61;2.9
144;29; MASCARENHAS  ;109;2.7
145;29; SUICA        ;9;0.1
146;29; FONTES C     ;0;5.5
147;29; FONTES AB    ;0;0
148;29; IRAPE        ;128;0.4
153;29; SAO DOMINGOS ;98;0.4
154;29; ITAPEBI      ;147;3.6
155;29; RETIRO BAIXO ;133;3.3
156;29; TRES MARIAS  ;756;8.4
162;29; QUEIMADO     ;65;1.4
169;29; SOBRADINHO   ;3837;89
172;29; ITAPARICA    ;0;77.7
173;29; MOXOTO       ;0;2.7
174;29; P.AFONSO 123 ;0;0.1
175;29; P.AFONSO 4   ;0;0
178;29; XINGO        ;0;0.4
180;29; TOCOS        ;15;0
181;29; SANTANA      ;7;0
182;29; VIGARIO      ;0;0
185;29; BARRA BRAUNA ;151;1.7
189;29; P. CAVALO    ;26;7.9
190;29; B. ESPERANCA ;833;1.9
192;29; GUILMAN-AMOR ;64;0.7
193;29; SA CARVALHO  ;1;0
195;29; JAURU        ;89;0.1
196;29; GUAPORE      ;38;0
203;29; CORUMBA III  ;34;0.5
204;29; CACH.CALDEIR ;1518;0
215;29; SALTO PILAO  ;33;0.2
217;29; ROSAL        ;41;0.2
225;29; SLT APIACAS  ;346;0.3
227;29; SINOP        ;1459;17.2
228;29; COLIDER      ;136;0
229;29; TELES PIRES  ;2418;12.3
230;29; SAO MANOEL   ;22;-10.5
241;29; SLT VERDINHO ;13;0
249;29; OURINHOS     ;2;0
251;29; SERRA MESA   ;919;21.1
252;29; CANA BRAVA   ;117;0.1
253;29; SAO SALVADOR ;115;0.2
257;29; PEIXE ANGIC  ;907;5.6
261;29; LAJEADO      ;950;2.6
262;29; SALTO        ;158;0.4
267;29; ESTREITO TOC ;2638;2.1
272;29; CURUA-UNA    ;245;0.1
275;29; TUCURUI      ;15546;49.7
276;29; RONDON II    ;113;0.3
277;29; BALBINA      ;1111;0
278;29; MANSO        ;178;0.2
279;29; SAMUEL       ;735;0.4
280;29; COARACY NUNE ;5;0
281;29; PONTE PEDRA  ;82;0.7
283;29; STA CLARA MG ;89;1.1
284;29; FERREIRA GOM ;12;0
285;29; JIRAU        ;34600;64.6
286;29; STO ANT JARI ;1737;0.9
287;29; STO ANTONIO  ;543;0
288;29; BELO MONTE   ;0;0
290;29; ESPORA       ;68;0.1
304;29; ITIQUIRA I   ;88;0.3
305;29; ITIQUIRA II  ;0;0
309;29; JURUENA      ;142;2.3
310;29; DARDANELOS   ;693;0.2
311;29; CACU         ;208;0.4
312;29; B. COQUEIROS ;9;0
314;29; PIMENTAL     ;18427;7.5
315;29; FOZ R. CLARO ;16;0.1
1;30; CAMARGOS     ;92;0.6
2;30; ITUTINGA     ;0;0
4;30; FUNIL-GRANDE ;175;3.8
6;30; FURNAS       ;523;11
7;30; M. DE MORAES ;146;1.1
8;30; ESTREITO     ;34;0.2
9;30; JAGUARA      ;14;0.2
10;30; IGARAPAVA    ;40;0.3
11;30; VOLTA GRANDE ;89;2.4
12;30; P. COLOMBIA  ;221;9.4
14;30; CACONDE      ;66;1.2
15;30; E. DA CUNHA  ;42;2.1
16;30; A.S.OLIVEIRA ;1;0.1
17;30; MARIMBONDO   ;507;55.7
18;30; A. VERMELHA  ;271;9.8
20;30; BATALHA      ;167;4.6
21;30; SERRA FACAO  ;105;0.9
24;30; EMBORCACAO   ;381;13.1
25;30; NOVA PONTE   ;367;2.2
26;30; MIRANDA      ;14;1.5
27;30; CAPIM BRANC1 ;2;0.6
28;30; CAPIM BRANC2 ;4;1.5
29;30; CORUMBA IV   ;107;3.1
30;30; CORUMBA I    ;306;5.8
31;30; ITUMBIARA    ;323;13.6
32;30; CACH.DOURADA ;57;1.6
33;30; SAO SIMAO    ;1020;26
34;30; I. SOLTEIRA  ;304;4.1
37;30; BARRA BONITA ;254;55.3
38;30; A.S. LIMA    ;69;7.9
39;30; IBITINGA     ;134;5.5
40;30; PROMISSAO    ;47;3.7
42;30; NAVANHANDAVA ;18;4.4
43;30; TRES IRMAOS  ;19;4.4
45;30; JUPIA        ;347;1.8
46;30; P. PRIMAVERA ;533;17.8
47;30; A.A. LAYDNER ;76;6.9
48;30; PIRAJU       ;2;0.1
49;30; CHAVANTES    ;42;0.8
50;30; L.N. GARCEZ  ;58;2.8
51;30; CANOAS II    ;5;0.2
52;30; CANOAS I     ;10;0.3
53;30; PARANAPANEMA ;0;0
57;30; MAUA         ;66;1
61;30; CAPIVARA     ;188;3.3
62;30; TAQUARUCU    ;38;0.3
63;30; ROSANA       ;88;2.1
66;30; ITAIPU       ;1077;17
71;30; STA CLARA PR ;30;0.4
72;30; FUNDAO       ;2;0
73;30; JORDAO       ;8;0
74;30; G.B. MUNHOZ  ;170;6.9
76;30; SEGREDO      ;39;0.1
77;30; SLT.SANTIAGO ;21;0.3
78;30; SALTO OSORIO ;8;0.1
82;30; SALTO CAXIAS ;52;1.1
83;30; BAIXO IGUACU ;21;1.2
86;30; BARRA GRANDE ;51;0.4
87;30; CANASTRA     ;2;0.5
88;30; SAO ROQUE    ;57;0.5
89;30; GARIBALDI    ;13;0.4
90;30; CAMPOS NOVOS ;7;0.1
91;30; MACHADINHO   ;29;0.2
92;30; ITA          ;52;1.6
93;30; PASSO FUNDO  ;6;0.3
94;30; MONJOLINHO   ;4;0.1
95;30; QUEBRA QUEIX ;20;0.1
97;30; CASTRO ALVES ;28;0.4
98;30; MONTE CLARO  ;9;0.9
99;30; 14 DE JULHO  ;1;0.5
101;30; SAO JOSE     ;57;0.5
102;30; PASSO S JOAO ;2;0
103;30; FOZ CHAPECO  ;41;0.8
107;30; EDGARD SOUZA ;61;-21.9
108;30; TRAICAO      ;0;0
109;30; PEDREIRA     ;0;0
110;30; ERNESTINA    ;8;0
111;30; PASSO REAL   ;66;0.3
112;30; JACUI        ;0;0
113;30; ITAUBA       ;3;0
114;30; D. FRANCISCA ;3;0
115;30; G.P. SOUZA   ;14;0.1
117;30; GUARAPIRANGA ;10;10.3
118;30; BILLINGS     ;13;7.9
119;30; HENRY BORDEN ;0;0
120;30; JAGUARI      ;20;5.2
121;30; PARAIBUNA    ;46;0.2
122;30; SANTA BRANCA ;7;0
123;30; FUNIL        ;97;9
124;30; LAJES        ;7;0
125;30; STA CECILIA  ;50;0.8
126;30; PICADA       ;30;0.1
127;30; SOBRAGI      ;24;0.8
129;30; SIMPLICIO    ;134;91.5
130;30; ILHA POMBOS  ;55;-89.2
131;30; NILO PECANHA ;0;0
133;30; P. PASSOS    ;0;0
134;30; SALTO GRANDE ;100;0.3
135;30; P. ESTRELA   ;0;0
139;30; CANDONGA     ;144;1.3
141;30; BAGUARI      ;142;3.9
143;30; AIMORES      ;61;2.9
144;30; MASCARENHAS  ;109;2.7
145;30; SUICA        ;9;0.1
146;30; FONTES C     ;0;5.5
147;30; FONTES AB    ;0;0
148;30; IRAPE        ;128;0.4
153;30; SAO DOMINGOS ;98;0.4
154;30; ITAPEBI      ;147;3.6
155;30; RETIRO BAIXO ;133;3.3
156;30; TRES MARIAS  ;756;8.4
162;30; QUEIMADO     ;65;1.4
169;30; SOBRADINHO   ;3837;89
172;30; ITAPARICA    ;0;77.7
173;30; MOXOTO       ;0;2.7
174;30; P.AFONSO 123 ;0;0.1
175;30; P.AFONSO 4   ;0;0
178;30; XINGO        ;0;0.4
180;30; TOCOS        ;15;0
181;30; SANTANA      ;7;0
182;30; VIGARIO      ;0;0
185;30; BARRA BRAUNA ;151;1.7
189;30; P. CAVALO    ;26;7.9
190;30; B. ESPERANCA ;833;1.9
192;30; GUILMAN-AMOR ;64;0.7
193;30; SA CARVALHO  ;1;0
195;30; JAURU        ;89;0.1
196;30; GUAPORE      ;38;0
203;30; CORUMBA III  ;34;0.5
204;30; CACH.CALDEIR ;1518;0
215;30; SALTO PILAO  ;33;0.2
217;30; ROSAL        ;41;0.2
225;30; SLT APIACAS  ;346;0.3
227;30; SINOP        ;1459;17.2
228;30; COLIDER      ;136;0
229;30; TELES PIRES  ;2418;12.3
230;30; SAO MANOEL   ;22;-10.5
241;30; SLT VERDINHO ;13;0
249;30; OURINHOS     ;2;0
251;30; SERRA MESA   ;919;21.1
252;30; CANA BRAVA   ;117;0.1
253;30; SAO SALVADOR ;115;0.2
257;30; PEIXE ANGIC  ;907;5.6
261;30; LAJEADO      ;950;2.6
262;30; SALTO        ;158;0.4
267;30; ESTREITO TOC ;2638;2.1
272;30; CURUA-UNA    ;245;0.1
275;30; TUCURUI      ;15546;49.7
276;30; RONDON II    ;113;0.3
277;30; BALBINA      ;1111;0
278;30; MANSO        ;178;0.2
279;30; SAMUEL       ;735;0.4
280;30; COARACY NUNE ;5;0
281;30; PONTE PEDRA  ;82;0.7
283;30; STA CLARA MG ;89;1.1
284;30; FERREIRA GOM ;12;0
285;30; JIRAU        ;34600;64.6
286;30; STO ANT JARI ;1737;0.9
287;30; STO ANTONIO  ;543;0
288;30; BELO MONTE   ;0;0
290;30; ESPORA       ;68;0.1
304;30; ITIQUIRA I   ;88;0.3
305;30; ITIQUIRA II  ;0;0
309;30; JURUENA      ;142;2.3
310;30; DARDANELOS   ;693;0.2
311;30; CACU         ;208;0.4
312;30; B. COQUEIROS ;9;0
314;30; PIMENTAL     ;18427;7.5
315;30; FOZ R. CLARO ;16;0.1
1;31; CAMARGOS     ;92;0.6
2;31; ITUTINGA     ;0;0
4;31; FUNIL-GRANDE ;175;3.8
6;31; FURNAS       ;523;11
7;31; M. DE MORAES ;146;1.1
8;31; ESTREITO     ;34;0.2
9;31; JAGUARA      ;14;0.2
10;31; IGARAPAVA    ;40;0.3
11;31; VOLTA GRANDE ;89;2.4
12;31; P. COLOMBIA  ;221;9.4
14;31; CACONDE      ;66;1.2
15;31; E. DA CUNHA  ;42;2.1
16;31; A.S.OLIVEIRA ;1;0.1
17;31; MARIMBONDO   ;507;55.7
18;31; A. VERMELHA  ;271;9.8
20;31; BATALHA      ;167;4.6
21;31; SERRA FACAO  ;105;0.9
24;31; EMBORCACAO   ;381;13.1
25;31; NOVA PONTE   ;367;2.2
26;31; MIRANDA      ;14;1.5
27;31; CAPIM BRANC1 ;2;0.6
28;31; CAPIM BRANC2 ;4;1.5
29;31; CORUMBA IV   ;107;3.1
30;31; CORUMBA I    ;306;5.8
31;31; ITUMBIARA    ;323;13.6
32;31; CACH.DOURADA ;57;1.6
33;31; SAO SIMAO    ;1020;26
34;31; I. SOLTEIRA  ;304;4.1
37;31; BARRA BONITA ;254;55.3
38;31; A.S. LIMA    ;69;7.9
39;31; IBITINGA     ;134;5.5
40;31; PROMISSAO    ;47;3.7
42;31; NAVANHANDAVA ;18;4.4
43;31; TRES IRMAOS  ;19;4.4
45;31; JUPIA        ;347;1.8
46;31; P. PRIMAVERA ;533;17.8
47;31; A.A. LAYDNER ;76;6.9
48;31; PIRAJU       ;2;0.1
49;31; CHAVANTES    ;42;0.8
50;31; L.N. GARCEZ  ;58;2.8
51;31; CANOAS II    ;5;0.2
52;31; CANOAS I     ;10;0.3
53;31; PARANAPANEMA ;0;0
57;31; MAUA         ;66;1
61;31; CAPIVARA     ;188;3.3
62;31; TAQUARUCU    ;38;0.3
63;31; ROSANA       ;88;2.1
66;31; ITAIPU       ;1077;17
71;31; STA CLARA PR ;30;0.4
72;31; FUNDAO       ;2;0
73;31; JORDAO       ;8;0
74;31; G.B. MUNHOZ  ;170;6.9
76;31; SEGREDO      ;39;0.1
77;31; SLT.SANTIAGO ;21;0.3
78;31; SALTO OSORIO ;8;0.1
82;31; SALTO CAXIAS ;52;1.1
83;31; BAIXO IGUACU ;21;1.2
86;31; BARRA GRANDE ;51;0.4
87;31; CANASTRA     ;2;0.5
88;31; SAO ROQUE    ;57;0.5
89;31; GARIBALDI    ;13;0.4
90;31; CAMPOS NOVOS ;7;0.1
91;31; MACHADINHO   ;29;0.2
92;31; ITA          ;52;1.6
93;31; PASSO FUNDO  ;6;0.3
94;31; MONJOLINHO   ;4;0.1
95;31; QUEBRA QUEIX ;20;0.1
97;31; CASTRO ALVES ;28;0.4
98;31; MONTE CLARO  ;9;0.9
99;31; 14 DE JULHO  ;1;0.5
101;31; SAO JOSE     ;57;0.5
102;31; PASSO S JOAO ;2;0
103;31; FOZ CHAPECO  ;41;0.8
107;31; EDGARD SOUZA ;61;-21.9
108;31; TRAICAO      ;0;0
109;31; PEDREIRA     ;0;0
110;31; ERNESTINA    ;8;0
111;31; PASSO REAL   ;66;0.3
112;31; JACUI        ;0;0
113;31; ITAUBA       ;3;0
114;31; D. FRANCISCA ;3;0
115;31; G.P. SOUZA   ;14;0.1
117;31; GUARAPIRANGA ;10;10.3
118;31; BILLINGS     ;13;7.9
119;31; HENRY BORDEN ;0;0
120;31; JAGUARI      ;20;5.2
121;31; PARAIBUNA    ;46;0.2
122;31; SANTA BRANCA ;7;0
123;31; FUNIL        ;97;9
124;31; LAJES        ;7;0
125;31; STA CECILIA  ;50;0.8
126;31; PICADA       ;30;0.1
127;31; SOBRAGI      ;24;0.8
129;31; SIMPLICIO    ;134;91.5
130;31; ILHA POMBOS  ;55;-89.2
131;31; NILO PECANHA ;0;0
133;31; P. PASSOS    ;0;0
134;31; SALTO GRANDE ;100;0.3
135;31; P. ESTRELA   ;0;0
139;31; CANDONGA     ;144;1.3
141;31; BAGUARI      ;142;3.9
143;31; AIMORES      ;61;2.9
144;31; MASCARENHAS  ;109;2.7
145;31; SUICA        ;9;0.1
146;31; FONTES C     ;0;5.5
147;31; FONTES AB    ;0;0
148;31; IRAPE        ;128;0.4
153;31; SAO DOMINGOS ;98;0.4
154;31; ITAPEBI      ;147;3.6
155;31; RETIRO BAIXO ;133;3.3
156;31; TRES MARIAS  ;756;8.4
162;31; QUEIMADO     ;65;1.4
169;31; SOBRADINHO   ;3837;89
172;31; ITAPARICA    ;0;77.7
173;31; MOXOTO       ;0;2.7
174;31; P.AFONSO 123 ;0;0.1
175;31; P.AFONSO 4   ;0;0
178;31; XINGO        ;0;0.4
180;31; TOCOS        ;15;0
181;31; SANTANA      ;7;0
182;31; VIGARIO      ;0;0
185;31; BARRA BRAUNA ;151;1.7
189;31; P. CAVALO    ;26;7.9
190;31; B. ESPERANCA ;833;1.9
192;31; GUILMAN-AMOR ;64;0.7
193;31; SA CARVALHO  ;1;0
195;31; JAURU        ;89;0.1
196;31; GUAPORE      ;38;0
203;31; CORUMBA III  ;34;0.5
204;31; CACH.CALDEIR ;1518;0
215;31; SALTO PILAO  ;33;0.2
217;31; ROSAL        ;41;0.2
225;31; SLT APIACAS  ;346;0.3
227;31; SINOP        ;1459;17.2
228;31; COLIDER      ;136;0
229;31; TELES PIRES  ;2418;12.3
230;31; SAO MANOEL   ;22;-10.5
241;31; SLT VERDINHO ;13;0
249;31; OURINHOS     ;2;0
251;31; SERRA MESA   ;919;21.1
252;31; CANA BRAVA   ;117;0.1
253;31; SAO SALVADOR ;115;0.2
257;31; PEIXE ANGIC  ;907;5.6
261;31; LAJEADO      ;950;2.6
262;31; SALTO        ;158;0.4
267;31; ESTREITO TOC ;2638;2.1
272;31; CURUA-UNA    ;245;0.1
275;31; TUCURUI      ;15546;49.7
276;31; RONDON II    ;113;0.3
277;31; BALBINA      ;1111;0
278;31; MANSO        ;178;0.2
279;31; SAMUEL       ;735;0.4
280;31; COARACY NUNE ;5;0
281;31; PONTE PEDRA  ;82;0.7
283;31; STA CLARA MG ;89;1.1
284;31; FERREIRA GOM ;12;0
285;31; JIRAU        ;34600;64.6
286;31; STO ANT JARI ;1737;0.9
287;31; STO ANTONIO  ;543;0
288;31; BELO MONTE   ;0;0
290;31; ESPORA       ;68;0.1
304;31; ITIQUIRA I   ;88;0.3
305;31; ITIQUIRA II  ;0;0
309;31; JURUENA      ;142;2.3
310;31; DARDANELOS   ;693;0.2
311;31; CACU         ;208;0.4
312;31; B. COQUEIROS ;9;0
314;31; PIMENTAL     ;18427;7.5
315;31; FOZ R. CLARO ;16;0.1
1;32; CAMARGOS     ;92;0.6
2;32; ITUTINGA     ;0;0
4;32; FUNIL-GRANDE ;175;3.8
6;32; FURNAS       ;523;11
7;32; M. DE MORAES ;146;1.1
8;32; ESTREITO     ;34;0.2
9;32; JAGUARA      ;14;0.2
10;32; IGARAPAVA    ;40;0.3
11;32; VOLTA GRANDE ;89;2.4
12;32; P. COLOMBIA  ;221;9.4
14;32; CACONDE      ;66;1.2
15;32; E. DA CUNHA  ;42;2.1
16;32; A.S.OLIVEIRA ;1;0.1
17;32; MARIMBONDO   ;507;55.7
18;32; A. VERMELHA  ;271;9.8
20;32; BATALHA      ;167;4.6
21;32; SERRA FACAO  ;105;0.9
24;32; EMBORCACAO   ;381;13.1
25;32; NOVA PONTE   ;367;2.2
26;32; MIRANDA      ;14;1.5
27;32; CAPIM BRANC1 ;2;0.6
28;32; CAPIM BRANC2 ;4;1.5
29;32; CORUMBA IV   ;107;3.1
30;32; CORUMBA I    ;306;5.8
31;32; ITUMBIARA    ;323;13.6
32;32; CACH.DOURADA ;57;1.6
33;32; SAO SIMAO    ;1020;26
34;32; I. SOLTEIRA  ;304;4.1
37;32; BARRA BONITA ;254;55.3
38;32; A.S. LIMA    ;69;7.9
39;32; IBITINGA     ;134;5.5
40;32; PROMISSAO    ;47;3.7
42;32; NAVANHANDAVA ;18;4.4
43;32; TRES IRMAOS  ;19;4.4
45;32; JUPIA        ;347;1.8
46;32; P. PRIMAVERA ;533;17.8
47;32; A.A. LAYDNER ;76;6.9
48;32; PIRAJU       ;2;0.1
49;32; CHAVANTES    ;42;0.8
50;32; L.N. GARCEZ  ;58;2.8
51;32; CANOAS II    ;5;0.2
52;32; CANOAS I     ;10;0.3
53;32; PARANAPANEMA ;0;0
57;32; MAUA         ;66;1
61;32; CAPIVARA     ;188;3.3
62;32; TAQUARUCU    ;38;0.3
63;32; ROSANA       ;88;2.1
66;32; ITAIPU       ;1077;17
71;32; STA CLARA PR ;30;0.4
72;32; FUNDAO       ;2;0
73;32; JORDAO       ;8;0
74;32; G.B. MUNHOZ  ;170;6.9
76;32; SEGREDO      ;39;0.1
77;32; SLT.SANTIAGO ;21;0.3
78;32; SALTO OSORIO ;8;0.1
82;32; SALTO CAXIAS ;52;1.1
83;32; BAIXO IGUACU ;21;1.2
86;32; BARRA GRANDE ;51;0.4
87;32; CANASTRA     ;2;0.5
88;32; SAO ROQUE    ;57;0.5
89;32; GARIBALDI    ;13;0.4
90;32; CAMPOS NOVOS ;7;0.1
91;32; MACHADINHO   ;29;0.2
92;32; ITA          ;52;1.6
93;32; PASSO FUNDO  ;6;0.3
94;32; MONJOLINHO   ;4;0.1
95;32; QUEBRA QUEIX ;20;0.1
97;32; CASTRO ALVES ;28;0.4
98;32; MONTE CLARO  ;9;0.9
99;32; 14 DE JULHO  ;1;0.5
101;32; SAO JOSE     ;57;0.5
102;32; PASSO S JOAO ;2;0
103;32; FOZ CHAPECO  ;41;0.8
107;32; EDGARD SOUZA ;61;-21.9
108;32; TRAICAO      ;0;0
109;32; PEDREIRA     ;0;0
110;32; ERNESTINA    ;8;0
111;32; PASSO REAL   ;66;0.3
112;32; JACUI        ;0;0
113;32; ITAUBA       ;3;0
114;32; D. FRANCISCA ;3;0
115;32; G.P. SOUZA   ;14;0.1
117;32; GUARAPIRANGA ;10;10.3
118;32; BILLINGS     ;13;7.9
119;32; HENRY BORDEN ;0;0
120;32; JAGUARI      ;20;5.2
121;32; PARAIBUNA    ;46;0.2
122;32; SANTA BRANCA ;7;0
123;32; FUNIL        ;97;9
124;32; LAJES        ;7;0
125;32; STA CECILIA  ;50;0.8
126;32; PICADA       ;30;0.1
127;32; SOBRAGI      ;24;0.8
129;32; SIMPLICIO    ;134;91.5
130;32; ILHA POMBOS  ;55;-89.2
131;32; NILO PECANHA ;0;0
133;32; P. PASSOS    ;0;0
134;32; SALTO GRANDE ;100;0.3
135;32; P. ESTRELA   ;0;0
139;32; CANDONGA     ;144;1.3
141;32; BAGUARI      ;142;3.9
143;32; AIMORES      ;61;2.9
144;32; MASCARENHAS  ;109;2.7
145;32; SUICA        ;9;0.1
146;32; FONTES C     ;0;5.5
147;32; FONTES AB    ;0;0
148;32; IRAPE        ;128;0.4
153;32; SAO DOMINGOS ;98;0.4
154;32; ITAPEBI      ;147;3.6
155;32; RETIRO BAIXO ;133;3.3
156;32; TRES MARIAS  ;756;8.4
162;32; QUEIMADO     ;65;1.4
169;32; SOBRADINHO   ;3837;89
172;32; ITAPARICA    ;0;77.7
173;32; MOXOTO       ;0;2.7
174;32; P.AFONSO 123 ;0;0.1
175;32; P.AFONSO 4   ;0;0
178;32; XINGO        ;0;0.4
180;32; TOCOS        ;15;0
181;32; SANTANA      ;7;0
182;32; VIGARIO      ;0;0
185;32; BARRA BRAUNA ;151;1.7
189;32; P. CAVALO    ;26;7.9
190;32; B. ESPERANCA ;833;1.9
192;32; GUILMAN-AMOR ;64;0.7
193;32; SA CARVALHO  ;1;0
195;32; JAURU        ;89;0.1
196;32; GUAPORE      ;38;0
203;32; CORUMBA III  ;34;0.5
204;32; CACH.CALDEIR ;1518;0
215;32; SALTO PILAO  ;33;0.2
217;32; ROSAL        ;41;0.2
225;32; SLT APIACAS  ;346;0.3
227;32; SINOP        ;1459;17.2
228;32; COLIDER      ;136;0
229;32; TELES PIRES  ;2418;12.3
230;32; SAO MANOEL   ;22;-10.5
241;32; SLT VERDINHO ;13;0
249;32; OURINHOS     ;2;0
251;32; SERRA MESA   ;919;21.1
252;32; CANA BRAVA   ;117;0.1
253;32; SAO SALVADOR ;115;0.2
257;32; PEIXE ANGIC  ;907;5.6
261;32; LAJEADO      ;950;2.6
262;32; SALTO        ;158;0.4
267;32; ESTREITO TOC ;2638;2.1
272;32; CURUA-UNA    ;245;0.1
275;32; TUCURUI      ;15546;49.7
276;32; RONDON II    ;113;0.3
277;32; BALBINA      ;1111;0
278;32; MANSO        ;178;0.2
279;32; SAMUEL       ;735;0.4
280;32; COARACY NUNE ;5;0
281;32; PONTE PEDRA  ;82;0.7
283;32; STA CLARA MG ;89;1.1
284;32; FERREIRA GOM ;12;0
285;32; JIRAU        ;34600;64.6
286;32; STO ANT JARI ;1737;0.9
287;32; STO ANTONIO  ;543;0
288;32; BELO MONTE   ;0;0
290;32; ESPORA       ;68;0.1
304;32; ITIQUIRA I   ;88;0.3
305;32; ITIQUIRA II  ;0;0
309;32; JURUENA      ;142;2.3
310;32; DARDANELOS   ;693;0.2
311;32; CACU         ;208;0.4
312;32; B. COQUEIROS ;9;0
314;32; PIMENTAL     ;18427;7.5
315;32; FOZ R. CLARO ;16;0.1
1;33; CAMARGOS     ;92;0.6
2;33; ITUTINGA     ;0;0
4;33; FUNIL-GRANDE ;175;3.8
6;33; FURNAS       ;523;11
7;33; M. DE MORAES ;146;1.1
8;33; ESTREITO     ;34;0.2
9;33; JAGUARA      ;14;0.2
10;33; IGARAPAVA    ;40;0.3
11;33; VOLTA GRANDE ;89;2.4
12;33; P. COLOMBIA  ;221;9.4
14;33; CACONDE      ;66;1.2
15;33; E. DA CUNHA  ;42;2.1
16;33; A.S.OLIVEIRA ;1;0.1
17;33; MARIMBONDO   ;507;55.7
18;33; A. VERMELHA  ;271;9.8
20;33; BATALHA      ;167;4.6
21;33; SERRA FACAO  ;105;0.9
24;33; EMBORCACAO   ;381;13.1
25;33; NOVA PONTE   ;367;2.2
26;33; MIRANDA      ;14;1.5
27;33; CAPIM BRANC1 ;2;0.6
28;33; CAPIM BRANC2 ;4;1.5
29;33; CORUMBA IV   ;107;3.1
30;33; CORUMBA I    ;306;5.8
31;33; ITUMBIARA    ;323;13.6
32;33; CACH.DOURADA ;57;1.6
33;33; SAO SIMAO    ;1020;26
34;33; I. SOLTEIRA  ;304;4.1
37;33; BARRA BONITA ;254;55.3
38;33; A.S. LIMA    ;69;7.9
39;33; IBITINGA     ;134;5.5
40;33; PROMISSAO    ;47;3.7
42;33; NAVANHANDAVA ;18;4.4
43;33; TRES IRMAOS  ;19;4.4
45;33; JUPIA        ;347;1.8
46;33; P. PRIMAVERA ;533;17.8
47;33; A.A. LAYDNER ;76;6.9
48;33; PIRAJU       ;2;0.1
49;33; CHAVANTES    ;42;0.8
50;33; L.N. GARCEZ  ;58;2.8
51;33; CANOAS II    ;5;0.2
52;33; CANOAS I     ;10;0.3
53;33; PARANAPANEMA ;0;0
57;33; MAUA         ;66;1
61;33; CAPIVARA     ;188;3.3
62;33; TAQUARUCU    ;38;0.3
63;33; ROSANA       ;88;2.1
66;33; ITAIPU       ;1077;17
71;33; STA CLARA PR ;30;0.4
72;33; FUNDAO       ;2;0
73;33; JORDAO       ;8;0
74;33; G.B. MUNHOZ  ;170;6.9
76;33; SEGREDO      ;39;0.1
77;33; SLT.SANTIAGO ;21;0.3
78;33; SALTO OSORIO ;8;0.1
82;33; SALTO CAXIAS ;52;1.1
83;33; BAIXO IGUACU ;21;1.2
86;33; BARRA GRANDE ;51;0.4
87;33; CANASTRA     ;2;0.5
88;33; SAO ROQUE    ;57;0.5
89;33; GARIBALDI    ;13;0.4
90;33; CAMPOS NOVOS ;7;0.1
91;33; MACHADINHO   ;29;0.2
92;33; ITA          ;52;1.6
93;33; PASSO FUNDO  ;6;0.3
94;33; MONJOLINHO   ;4;0.1
95;33; QUEBRA QUEIX ;20;0.1
97;33; CASTRO ALVES ;28;0.4
98;33; MONTE CLARO  ;9;0.9
99;33; 14 DE JULHO  ;1;0.5
101;33; SAO JOSE     ;57;0.5
102;33; PASSO S JOAO ;2;0
103;33; FOZ CHAPECO  ;41;0.8
107;33; EDGARD SOUZA ;61;-21.9
108;33; TRAICAO      ;0;0
109;33; PEDREIRA     ;0;0
110;33; ERNESTINA    ;8;0
111;33; PASSO REAL   ;66;0.3
112;33; JACUI        ;0;0
113;33; ITAUBA       ;3;0
114;33; D. FRANCISCA ;3;0
115;33; G.P. SOUZA   ;14;0.1
117;33; GUARAPIRANGA ;10;10.3
118;33; BILLINGS     ;13;7.9
119;33; HENRY BORDEN ;0;0
120;33; JAGUARI      ;20;5.2
121;33; PARAIBUNA    ;46;0.2
122;33; SANTA BRANCA ;7;0
123;33; FUNIL        ;97;9
124;33; LAJES        ;7;0
125;33; STA CECILIA  ;50;0.8
126;33; PICADA       ;30;0.1
127;33; SOBRAGI      ;24;0.8
129;33; SIMPLICIO    ;134;91.5
130;33; ILHA POMBOS  ;55;-89.2
131;33; NILO PECANHA ;0;0
133;33; P. PASSOS    ;0;0
134;33; SALTO GRANDE ;100;0.3
135;33; P. ESTRELA   ;0;0
139;33; CANDONGA     ;144;1.3
141;33; BAGUARI      ;142;3.9
143;33; AIMORES      ;61;2.9
144;33; MASCARENHAS  ;109;2.7
145;33; SUICA        ;9;0.1
146;33; FONTES C     ;0;5.5
147;33; FONTES AB    ;0;0
148;33; IRAPE        ;128;0.4
153;33; SAO DOMINGOS ;98;0.4
154;33; ITAPEBI      ;147;3.6
155;33; RETIRO BAIXO ;133;3.3
156;33; TRES MARIAS  ;756;8.4
162;33; QUEIMADO     ;65;1.4
169;33; SOBRADINHO   ;3837;89
172;33; ITAPARICA    ;0;77.7
173;33; MOXOTO       ;0;2.7
174;33; P.AFONSO 123 ;0;0.1
175;33; P.AFONSO 4   ;0;0
178;33; XINGO        ;0;0.4
180;33; TOCOS        ;15;0
181;33; SANTANA      ;7;0
182;33; VIGARIO      ;0;0
185;33; BARRA BRAUNA ;151;1.7
189;33; P. CAVALO    ;26;7.9
190;33; B. ESPERANCA ;833;1.9
192;33; GUILMAN-AMOR ;64;0.7
193;33; SA CARVALHO  ;1;0
195;33; JAURU        ;89;0.1
196;33; GUAPORE      ;38;0
203;33; CORUMBA III  ;34;0.5
204;33; CACH.CALDEIR ;1518;0
215;33; SALTO PILAO  ;33;0.2
217;33; ROSAL        ;41;0.2
225;33; SLT APIACAS  ;346;0.3
227;33; SINOP        ;1459;17.2
228;33; COLIDER      ;136;0
229;33; TELES PIRES  ;2418;12.3
230;33; SAO MANOEL   ;22;-10.5
241;33; SLT VERDINHO ;13;0
249;33; OURINHOS     ;2;0
251;33; SERRA MESA   ;919;21.1
252;33; CANA BRAVA   ;117;0.1
253;33; SAO SALVADOR ;115;0.2
257;33; PEIXE ANGIC  ;907;5.6
261;33; LAJEADO      ;950;2.6
262;33; SALTO        ;158;0.4
267;33; ESTREITO TOC ;2638;2.1
272;33; CURUA-UNA    ;245;0.1
275;33; TUCURUI      ;15546;49.7
276;33; RONDON II    ;113;0.3
277;33; BALBINA      ;1111;0
278;33; MANSO        ;178;0.2
279;33; SAMUEL       ;735;0.4
280;33; COARACY NUNE ;5;0
281;33; PONTE PEDRA  ;82;0.7
283;33; STA CLARA MG ;89;1.1
284;33; FERREIRA GOM ;12;0
285;33; JIRAU        ;34600;64.6
286;33; STO ANT JARI ;1737;0.9
287;33; STO ANTONIO  ;543;0
288;33; BELO MONTE   ;0;0
290;33; ESPORA       ;68;0.1
304;33; ITIQUIRA I   ;88;0.3
305;33; ITIQUIRA II  ;0;0
309;33; JURUENA      ;142;2.3
310;33; DARDANELOS   ;693;0.2
311;33; CACU         ;208;0.4
312;33; B. COQUEIROS ;9;0
314;33; PIMENTAL     ;18427;7.5
315;33; FOZ R. CLARO ;16;0.1
1;34; CAMARGOS     ;92;0.6
2;34; ITUTINGA     ;0;0
4;34; FUNIL-GRANDE ;175;3.8
6;34; FURNAS       ;523;11
7;34; M. DE MORAES ;146;1.1
8;34; ESTREITO     ;34;0.2
9;34; JAGUARA      ;14;0.2
10;34; IGARAPAVA    ;40;0.3
11;34; VOLTA GRANDE ;89;2.4
12;34; P. COLOMBIA  ;221;9.4
14;34; CACONDE      ;66;1.2
15;34; E. DA CUNHA  ;42;2.1
16;34; A.S.OLIVEIRA ;1;0.1
17;34; MARIMBONDO   ;507;55.7
18;34; A. VERMELHA  ;271;9.8
20;34; BATALHA      ;167;4.6
21;34; SERRA FACAO  ;105;0.9
24;34; EMBORCACAO   ;381;13.1
25;34; NOVA PONTE   ;367;2.2
26;34; MIRANDA      ;14;1.5
27;34; CAPIM BRANC1 ;2;0.6
28;34; CAPIM BRANC2 ;4;1.5
29;34; CORUMBA IV   ;107;3.1
30;34; CORUMBA I    ;306;5.8
31;34; ITUMBIARA    ;323;13.6
32;34; CACH.DOURADA ;57;1.6
33;34; SAO SIMAO    ;1020;26
34;34; I. SOLTEIRA  ;304;4.1
37;34; BARRA BONITA ;254;55.3
38;34; A.S. LIMA    ;69;7.9
39;34; IBITINGA     ;134;5.5
40;34; PROMISSAO    ;47;3.7
42;34; NAVANHANDAVA ;18;4.4
43;34; TRES IRMAOS  ;19;4.4
45;34; JUPIA        ;347;1.8
46;34; P. PRIMAVERA ;533;17.8
47;34; A.A. LAYDNER ;76;6.9
48;34; PIRAJU       ;2;0.1
49;34; CHAVANTES    ;42;0.8
50;34; L.N. GARCEZ  ;58;2.8
51;34; CANOAS II    ;5;0.2
52;34; CANOAS I     ;10;0.3
53;34; PARANAPANEMA ;0;0
57;34; MAUA         ;66;1
61;34; CAPIVARA     ;188;3.3
62;34; TAQUARUCU    ;38;0.3
63;34; ROSANA       ;88;2.1
66;34; ITAIPU       ;1077;17
71;34; STA CLARA PR ;30;0.4
72;34; FUNDAO       ;2;0
73;34; JORDAO       ;8;0
74;34; G.B. MUNHOZ  ;170;6.9
76;34; SEGREDO      ;39;0.1
77;34; SLT.SANTIAGO ;21;0.3
78;34; SALTO OSORIO ;8;0.1
82;34; SALTO CAXIAS ;52;1.1
83;34; BAIXO IGUACU ;21;1.2
86;34; BARRA GRANDE ;51;0.4
87;34; CANASTRA     ;2;0.5
88;34; SAO ROQUE    ;57;0.5
89;34; GARIBALDI    ;13;0.4
90;34; CAMPOS NOVOS ;7;0.1
91;34; MACHADINHO   ;29;0.2
92;34; ITA          ;52;1.6
93;34; PASSO FUNDO  ;6;0.3
94;34; MONJOLINHO   ;4;0.1
95;34; QUEBRA QUEIX ;20;0.1
97;34; CASTRO ALVES ;28;0.4
98;34; MONTE CLARO  ;9;0.9
99;34; 14 DE JULHO  ;1;0.5
101;34; SAO JOSE     ;57;0.5
102;34; PASSO S JOAO ;2;0
103;34; FOZ CHAPECO  ;41;0.8
107;34; EDGARD SOUZA ;61;-21.9
108;34; TRAICAO      ;0;0
109;34; PEDREIRA     ;0;0
110;34; ERNESTINA    ;8;0
111;34; PASSO REAL   ;66;0.3
112;34; JACUI        ;0;0
113;34; ITAUBA       ;3;0
114;34; D. FRANCISCA ;3;0
115;34; G.P. SOUZA   ;14;0.1
117;34; GUARAPIRANGA ;10;10.3
118;34; BILLINGS     ;13;7.9
119;34; HENRY BORDEN ;0;0
120;34; JAGUARI      ;20;5.2
121;34; PARAIBUNA    ;46;0.2
122;34; SANTA BRANCA ;7;0
123;34; FUNIL        ;97;9
124;34; LAJES        ;7;0
125;34; STA CECILIA  ;50;0.8
126;34; PICADA       ;30;0.1
127;34; SOBRAGI      ;24;0.8
129;34; SIMPLICIO    ;134;91.5
130;34; ILHA POMBOS  ;55;-89.2
131;34; NILO PECANHA ;0;0
133;34; P. PASSOS    ;0;0
134;34; SALTO GRANDE ;100;0.3
135;34; P. ESTRELA   ;0;0
139;34; CANDONGA     ;144;1.3
141;34; BAGUARI      ;142;3.9
143;34; AIMORES      ;61;2.9
144;34; MASCARENHAS  ;109;2.7
145;34; SUICA        ;9;0.1
146;34; FONTES C     ;0;5.5
147;34; FONTES AB    ;0;0
148;34; IRAPE        ;128;0.4
153;34; SAO DOMINGOS ;98;0.4
154;34; ITAPEBI      ;147;3.6
155;34; RETIRO BAIXO ;133;3.3
156;34; TRES MARIAS  ;756;8.4
162;34; QUEIMADO     ;65;1.4
169;34; SOBRADINHO   ;3837;89
172;34; ITAPARICA    ;0;77.7
173;34; MOXOTO       ;0;2.7
174;34; P.AFONSO 123 ;0;0.1
175;34; P.AFONSO 4   ;0;0
178;34; XINGO        ;0;0.4
180;34; TOCOS        ;15;0
181;34; SANTANA      ;7;0
182;34; VIGARIO      ;0;0
185;34; BARRA BRAUNA ;151;1.7
189;34; P. CAVALO    ;26;7.9
190;34; B. ESPERANCA ;833;1.9
192;34; GUILMAN-AMOR ;64;0.7
193;34; SA CARVALHO  ;1;0
195;34; JAURU        ;89;0.1
196;34; GUAPORE      ;38;0
203;34; CORUMBA III  ;34;0.5
204;34; CACH.CALDEIR ;1518;0
215;34; SALTO PILAO  ;33;0.2
217;34; ROSAL        ;41;0.2
225;34; SLT APIACAS  ;346;0.3
227;34; SINOP        ;1459;17.2
228;34; COLIDER      ;136;0
229;34; TELES PIRES  ;2418;12.3
230;34; SAO MANOEL   ;22;-10.5
241;34; SLT VERDINHO ;13;0
249;34; OURINHOS     ;2;0
251;34; SERRA MESA   ;919;21.1
252;34; CANA BRAVA   ;117;0.1
253;34; SAO SALVADOR ;115;0.2
257;34; PEIXE ANGIC  ;907;5.6
261;34; LAJEADO      ;950;2.6
262;34; SALTO        ;158;0.4
267;34; ESTREITO TOC ;2638;2.1
272;34; CURUA-UNA    ;245;0.1
275;34; TUCURUI      ;15546;49.7
276;34; RONDON II    ;113;0.3
277;34; BALBINA      ;1111;0
278;34; MANSO        ;178;0.2
279;34; SAMUEL       ;735;0.4
280;34; COARACY NUNE ;5;0
281;34; PONTE PEDRA  ;82;0.7
283;34; STA CLARA MG ;89;1.1
284;34; FERREIRA GOM ;12;0
285;34; JIRAU        ;34600;64.6
286;34; STO ANT JARI ;1737;0.9
287;34; STO ANTONIO  ;543;0
288;34; BELO MONTE   ;0;0
290;34; ESPORA       ;68;0.1
304;34; ITIQUIRA I   ;88;0.3
305;34; ITIQUIRA II  ;0;0
309;34; JURUENA      ;142;2.3
310;34; DARDANELOS   ;693;0.2
311;34; CACU         ;208;0.4
312;34; B. COQUEIROS ;9;0
314;34; PIMENTAL     ;18427;7.5
315;34; FOZ R. CLARO ;16;0.1
1;35; CAMARGOS     ;92;0.6
2;35; ITUTINGA     ;0;0
4;35; FUNIL-GRANDE ;175;3.8
6;35; FURNAS       ;523;11
7;35; M. DE MORAES ;146;1.1
8;35; ESTREITO     ;34;0.2
9;35; JAGUARA      ;14;0.2
10;35; IGARAPAVA    ;40;0.3
11;35; VOLTA GRANDE ;89;2.4
12;35; P. COLOMBIA  ;221;9.4
14;35; CACONDE      ;66;1.2
15;35; E. DA CUNHA  ;42;2.1
16;35; A.S.OLIVEIRA ;1;0.1
17;35; MARIMBONDO   ;507;55.7
18;35; A. VERMELHA  ;271;9.8
20;35; BATALHA      ;167;4.6
21;35; SERRA FACAO  ;105;0.9
24;35; EMBORCACAO   ;381;13.1
25;35; NOVA PONTE   ;367;2.2
26;35; MIRANDA      ;14;1.5
27;35; CAPIM BRANC1 ;2;0.6
28;35; CAPIM BRANC2 ;4;1.5
29;35; CORUMBA IV   ;107;3.1
30;35; CORUMBA I    ;306;5.8
31;35; ITUMBIARA    ;323;13.6
32;35; CACH.DOURADA ;57;1.6
33;35; SAO SIMAO    ;1020;26
34;35; I. SOLTEIRA  ;304;4.1
37;35; BARRA BONITA ;254;55.3
38;35; A.S. LIMA    ;69;7.9
39;35; IBITINGA     ;134;5.5
40;35; PROMISSAO    ;47;3.7
42;35; NAVANHANDAVA ;18;4.4
43;35; TRES IRMAOS  ;19;4.4
45;35; JUPIA        ;347;1.8
46;35; P. PRIMAVERA ;533;17.8
47;35; A.A. LAYDNER ;76;6.9
48;35; PIRAJU       ;2;0.1
49;35; CHAVANTES    ;42;0.8
50;35; L.N. GARCEZ  ;58;2.8
51;35; CANOAS II    ;5;0.2
52;35; CANOAS I     ;10;0.3
53;35; PARANAPANEMA ;0;0
57;35; MAUA         ;66;1
61;35; CAPIVARA     ;188;3.3
62;35; TAQUARUCU    ;38;0.3
63;35; ROSANA       ;88;2.1
66;35; ITAIPU       ;1077;17
71;35; STA CLARA PR ;30;0.4
72;35; FUNDAO       ;2;0
73;35; JORDAO       ;8;0
74;35; G.B. MUNHOZ  ;170;6.9
76;35; SEGREDO      ;39;0.1
77;35; SLT.SANTIAGO ;21;0.3
78;35; SALTO OSORIO ;8;0.1
82;35; SALTO CAXIAS ;52;1.1
83;35; BAIXO IGUACU ;21;1.2
86;35; BARRA GRANDE ;51;0.4
87;35; CANASTRA     ;2;0.5
88;35; SAO ROQUE    ;57;0.5
89;35; GARIBALDI    ;13;0.4
90;35; CAMPOS NOVOS ;7;0.1
91;35; MACHADINHO   ;29;0.2
92;35; ITA          ;52;1.6
93;35; PASSO FUNDO  ;6;0.3
94;35; MONJOLINHO   ;4;0.1
95;35; QUEBRA QUEIX ;20;0.1
97;35; CASTRO ALVES ;28;0.4
98;35; MONTE CLARO  ;9;0.9
99;35; 14 DE JULHO  ;1;0.5
101;35; SAO JOSE     ;57;0.5
102;35; PASSO S JOAO ;2;0
103;35; FOZ CHAPECO  ;41;0.8
107;35; EDGARD SOUZA ;61;-21.9
108;35; TRAICAO      ;0;0
109;35; PEDREIRA     ;0;0
110;35; ERNESTINA    ;8;0
111;35; PASSO REAL   ;66;0.3
112;35; JACUI        ;0;0
113;35; ITAUBA       ;3;0
114;35; D. FRANCISCA ;3;0
115;35; G.P. SOUZA   ;14;0.1
117;35; GUARAPIRANGA ;10;10.3
118;35; BILLINGS     ;13;7.9
119;35; HENRY BORDEN ;0;0
120;35; JAGUARI      ;20;5.2
121;35; PARAIBUNA    ;46;0.2
122;35; SANTA BRANCA ;7;0
123;35; FUNIL        ;97;9
124;35; LAJES        ;7;0
125;35; STA CECILIA  ;50;0.8
126;35; PICADA       ;30;0.1
127;35; SOBRAGI      ;24;0.8
129;35; SIMPLICIO    ;134;91.5
130;35; ILHA POMBOS  ;55;-89.2
131;35; NILO PECANHA ;0;0
133;35; P. PASSOS    ;0;0
134;35; SALTO GRANDE ;100;0.3
135;35; P. ESTRELA   ;0;0
139;35; CANDONGA     ;144;1.3
141;35; BAGUARI      ;142;3.9
143;35; AIMORES      ;61;2.9
144;35; MASCARENHAS  ;109;2.7
145;35; SUICA        ;9;0.1
146;35; FONTES C     ;0;5.5
147;35; FONTES AB    ;0;0
148;35; IRAPE        ;128;0.4
153;35; SAO DOMINGOS ;98;0.4
154;35; ITAPEBI      ;147;3.6
155;35; RETIRO BAIXO ;133;3.3
156;35; TRES MARIAS  ;756;8.4
162;35; QUEIMADO     ;65;1.4
169;35; SOBRADINHO   ;3837;89
172;35; ITAPARICA    ;0;77.7
173;35; MOXOTO       ;0;2.7
174;35; P.AFONSO 123 ;0;0.1
175;35; P.AFONSO 4   ;0;0
178;35; XINGO        ;0;0.4
180;35; TOCOS        ;15;0
181;35; SANTANA      ;7;0
182;35; VIGARIO      ;0;0
185;35; BARRA BRAUNA ;151;1.7
189;35; P. CAVALO    ;26;7.9
190;35; B. ESPERANCA ;833;1.9
192;35; GUILMAN-AMOR ;64;0.7
193;35; SA CARVALHO  ;1;0
195;35; JAURU        ;89;0.1
196;35; GUAPORE      ;38;0
203;35; CORUMBA III  ;34;0.5
204;35; CACH.CALDEIR ;1518;0
215;35; SALTO PILAO  ;33;0.2
217;35; ROSAL        ;41;0.2
225;35; SLT APIACAS  ;346;0.3
227;35; SINOP        ;1459;17.2
228;35; COLIDER      ;136;0
229;35; TELES PIRES  ;2418;12.3
230;35; SAO MANOEL   ;22;-10.5
241;35; SLT VERDINHO ;13;0
249;35; OURINHOS     ;2;0
251;35; SERRA MESA   ;919;21.1
252;35; CANA BRAVA   ;117;0.1
253;35; SAO SALVADOR ;115;0.2
257;35; PEIXE ANGIC  ;907;5.6
261;35; LAJEADO      ;950;2.6
262;35; SALTO        ;158;0.4
267;35; ESTREITO TOC ;2638;2.1
272;35; CURUA-UNA    ;245;0.1
275;35; TUCURUI      ;15546;49.7
276;35; RONDON II    ;113;0.3
277;35; BALBINA      ;1111;0
278;35; MANSO        ;178;0.2
279;35; SAMUEL       ;735;0.4
280;35; COARACY NUNE ;5;0
281;35; PONTE PEDRA  ;82;0.7
283;35; STA CLARA MG ;89;1.1
284;35; FERREIRA GOM ;12;0
285;35; JIRAU        ;34600;64.6
286;35; STO ANT JARI ;1737;0.9
287;35; STO ANTONIO  ;543;0
288;35; BELO MONTE   ;0;0
290;35; ESPORA       ;68;0.1
304;35; ITIQUIRA I   ;88;0.3
305;35; ITIQUIRA II  ;0;0
309;35; JURUENA      ;142;2.3
310;35; DARDANELOS   ;693;0.2
311;35; CACU         ;208;0.4
312;35; B. COQUEIROS ;9;0
314;35; PIMENTAL     ;18427;7.5
315;35; FOZ R. CLARO ;16;0.1
1;36; CAMARGOS     ;92;0.6
2;36; ITUTINGA     ;0;0
4;36; FUNIL-GRANDE ;175;3.8
6;36; FURNAS       ;523;11
7;36; M. DE MORAES ;146;1.1
8;36; ESTREITO     ;34;0.2
9;36; JAGUARA      ;14;0.2
10;36; IGARAPAVA    ;40;0.3
11;36; VOLTA GRANDE ;89;2.4
12;36; P. COLOMBIA  ;221;9.4
14;36; CACONDE      ;66;1.2
15;36; E. DA CUNHA  ;42;2.1
16;36; A.S.OLIVEIRA ;1;0.1
17;36; MARIMBONDO   ;507;55.7
18;36; A. VERMELHA  ;271;9.8
20;36; BATALHA      ;167;4.6
21;36; SERRA FACAO  ;105;0.9
24;36; EMBORCACAO   ;381;13.1
25;36; NOVA PONTE   ;367;2.2
26;36; MIRANDA      ;14;1.5
27;36; CAPIM BRANC1 ;2;0.6
28;36; CAPIM BRANC2 ;4;1.5
29;36; CORUMBA IV   ;107;3.1
30;36; CORUMBA I    ;306;5.8
31;36; ITUMBIARA    ;323;13.6
32;36; CACH.DOURADA ;57;1.6
33;36; SAO SIMAO    ;1020;26
34;36; I. SOLTEIRA  ;304;4.1
37;36; BARRA BONITA ;254;55.3
38;36; A.S. LIMA    ;69;7.9
39;36; IBITINGA     ;134;5.5
40;36; PROMISSAO    ;47;3.7
42;36; NAVANHANDAVA ;18;4.4
43;36; TRES IRMAOS  ;19;4.4
45;36; JUPIA        ;347;1.8
46;36; P. PRIMAVERA ;533;17.8
47;36; A.A. LAYDNER ;76;6.9
48;36; PIRAJU       ;2;0.1
49;36; CHAVANTES    ;42;0.8
50;36; L.N. GARCEZ  ;58;2.8
51;36; CANOAS II    ;5;0.2
52;36; CANOAS I     ;10;0.3
53;36; PARANAPANEMA ;0;0
57;36; MAUA         ;66;1
61;36; CAPIVARA     ;188;3.3
62;36; TAQUARUCU    ;38;0.3
63;36; ROSANA       ;88;2.1
66;36; ITAIPU       ;1077;17
71;36; STA CLARA PR ;30;0.4
72;36; FUNDAO       ;2;0
73;36; JORDAO       ;8;0
74;36; G.B. MUNHOZ  ;170;6.9
76;36; SEGREDO      ;39;0.1
77;36; SLT.SANTIAGO ;21;0.3
78;36; SALTO OSORIO ;8;0.1
82;36; SALTO CAXIAS ;52;1.1
83;36; BAIXO IGUACU ;21;1.2
86;36; BARRA GRANDE ;51;0.4
87;36; CANASTRA     ;2;0.5
88;36; SAO ROQUE    ;57;0.5
89;36; GARIBALDI    ;13;0.4
90;36; CAMPOS NOVOS ;7;0.1
91;36; MACHADINHO   ;29;0.2
92;36; ITA          ;52;1.6
93;36; PASSO FUNDO  ;6;0.3
94;36; MONJOLINHO   ;4;0.1
95;36; QUEBRA QUEIX ;20;0.1
97;36; CASTRO ALVES ;28;0.4
98;36; MONTE CLARO  ;9;0.9
99;36; 14 DE JULHO  ;1;0.5
101;36; SAO JOSE     ;57;0.5
102;36; PASSO S JOAO ;2;0
103;36; FOZ CHAPECO  ;41;0.8
107;36; EDGARD SOUZA ;61;-21.9
108;36; TRAICAO      ;0;0
109;36; PEDREIRA     ;0;0
110;36; ERNESTINA    ;8;0
111;36; PASSO REAL   ;66;0.3
112;36; JACUI        ;0;0
113;36; ITAUBA       ;3;0
114;36; D. FRANCISCA ;3;0
115;36; G.P. SOUZA   ;14;0.1
117;36; GUARAPIRANGA ;10;10.3
118;36; BILLINGS     ;13;7.9
119;36; HENRY BORDEN ;0;0
120;36; JAGUARI      ;20;5.2
121;36; PARAIBUNA    ;46;0.2
122;36; SANTA BRANCA ;7;0
123;36; FUNIL        ;97;9
124;36; LAJES        ;7;0
125;36; STA CECILIA  ;50;0.8
126;36; PICADA       ;30;0.1
127;36; SOBRAGI      ;24;0.8
129;36; SIMPLICIO    ;134;91.5
130;36; ILHA POMBOS  ;55;-89.2
131;36; NILO PECANHA ;0;0
133;36; P. PASSOS    ;0;0
134;36; SALTO GRANDE ;100;0.3
135;36; P. ESTRELA   ;0;0
139;36; CANDONGA     ;144;1.3
141;36; BAGUARI      ;142;3.9
143;36; AIMORES      ;61;2.9
144;36; MASCARENHAS  ;109;2.7
145;36; SUICA        ;9;0.1
146;36; FONTES C     ;0;5.5
147;36; FONTES AB    ;0;0
148;36; IRAPE        ;128;0.4
153;36; SAO DOMINGOS ;98;0.4
154;36; ITAPEBI      ;147;3.6
155;36; RETIRO BAIXO ;133;3.3
156;36; TRES MARIAS  ;756;8.4
162;36; QUEIMADO     ;65;1.4
169;36; SOBRADINHO   ;3837;89
172;36; ITAPARICA    ;0;77.7
173;36; MOXOTO       ;0;2.7
174;36; P.AFONSO 123 ;0;0.1
175;36; P.AFONSO 4   ;0;0
178;36; XINGO        ;0;0.4
180;36; TOCOS        ;15;0
181;36; SANTANA      ;7;0
182;36; VIGARIO      ;0;0
185;36; BARRA BRAUNA ;151;1.7
189;36; P. CAVALO    ;26;7.9
190;36; B. ESPERANCA ;833;1.9
192;36; GUILMAN-AMOR ;64;0.7
193;36; SA CARVALHO  ;1;0
195;36; JAURU        ;89;0.1
196;36; GUAPORE      ;38;0
203;36; CORUMBA III  ;34;0.5
204;36; CACH.CALDEIR ;1518;0
215;36; SALTO PILAO  ;33;0.2
217;36; ROSAL        ;41;0.2
225;36; SLT APIACAS  ;346;0.3
227;36; SINOP        ;1459;17.2
228;36; COLIDER      ;136;0
229;36; TELES PIRES  ;2418;12.3
230;36; SAO MANOEL   ;22;-10.5
241;36; SLT VERDINHO ;13;0
249;36; OURINHOS     ;2;0
251;36; SERRA MESA   ;919;21.1
252;36; CANA BRAVA   ;117;0.1
253;36; SAO SALVADOR ;115;0.2
257;36; PEIXE ANGIC  ;907;5.6
261;36; LAJEADO      ;950;2.6
262;36; SALTO        ;158;0.4
267;36; ESTREITO TOC ;2638;2.1
272;36; CURUA-UNA    ;245;0.1
275;36; TUCURUI      ;15546;49.7
276;36; RONDON II    ;113;0.3
277;36; BALBINA      ;1111;0
278;36; MANSO        ;178;0.2
279;36; SAMUEL       ;735;0.4
280;36; COARACY NUNE ;5;0
281;36; PONTE PEDRA  ;82;0.7
283;36; STA CLARA MG ;89;1.1
284;36; FERREIRA GOM ;12;0
285;36; JIRAU        ;34600;64.6
286;36; STO ANT JARI ;1737;0.9
287;36; STO ANTONIO  ;543;0
288;36; BELO MONTE   ;0;0
290;36; ESPORA       ;68;0.1
304;36; ITIQUIRA I   ;88;0.3
305;36; ITIQUIRA II  ;0;0
309;36; JURUENA      ;142;2.3
310;36; DARDANELOS   ;693;0.2
311;36; CACU         ;208;0.4
312;36; B. COQUEIROS ;9;0
314;36; PIMENTAL     ;18427;7.5
315;36; FOZ R. CLARO ;16;0.1
1;37; CAMARGOS     ;92;0.6
2;37; ITUTINGA     ;0;0
4;37; FUNIL-GRANDE ;175;3.8
6;37; FURNAS       ;523;11
7;37; M. DE MORAES ;146;1.1
8;37; ESTREITO     ;34;0.2
9;37; JAGUARA      ;14;0.2
10;37; IGARAPAVA    ;40;0.3
11;37; VOLTA GRANDE ;89;2.4
12;37; P. COLOMBIA  ;221;9.4
14;37; CACONDE      ;66;1.2
15;37; E. DA CUNHA  ;42;2.1
16;37; A.S.OLIVEIRA ;1;0.1
17;37; MARIMBONDO   ;507;55.7
18;37; A. VERMELHA  ;271;9.8
20;37; BATALHA      ;167;4.6
21;37; SERRA FACAO  ;105;0.9
24;37; EMBORCACAO   ;381;13.1
25;37; NOVA PONTE   ;367;2.2
26;37; MIRANDA      ;14;1.5
27;37; CAPIM BRANC1 ;2;0.6
28;37; CAPIM BRANC2 ;4;1.5
29;37; CORUMBA IV   ;107;3.1
30;37; CORUMBA I    ;306;5.8
31;37; ITUMBIARA    ;323;13.6
32;37; CACH.DOURADA ;57;1.6
33;37; SAO SIMAO    ;1020;26
34;37; I. SOLTEIRA  ;304;4.1
37;37; BARRA BONITA ;254;55.3
38;37; A.S. LIMA    ;69;7.9
39;37; IBITINGA     ;134;5.5
40;37; PROMISSAO    ;47;3.7
42;37; NAVANHANDAVA ;18;4.4
43;37; TRES IRMAOS  ;19;4.4
45;37; JUPIA        ;347;1.8
46;37; P. PRIMAVERA ;533;17.8
47;37; A.A. LAYDNER ;76;6.9
48;37; PIRAJU       ;2;0.1
49;37; CHAVANTES    ;42;0.8
50;37; L.N. GARCEZ  ;58;2.8
51;37; CANOAS II    ;5;0.2
52;37; CANOAS I     ;10;0.3
53;37; PARANAPANEMA ;0;0
57;37; MAUA         ;66;1
61;37; CAPIVARA     ;188;3.3
62;37; TAQUARUCU    ;38;0.3
63;37; ROSANA       ;88;2.1
66;37; ITAIPU       ;1077;17
71;37; STA CLARA PR ;30;0.4
72;37; FUNDAO       ;2;0
73;37; JORDAO       ;8;0
74;37; G.B. MUNHOZ  ;170;6.9
76;37; SEGREDO      ;39;0.1
77;37; SLT.SANTIAGO ;21;0.3
78;37; SALTO OSORIO ;8;0.1
82;37; SALTO CAXIAS ;52;1.1
83;37; BAIXO IGUACU ;21;1.2
86;37; BARRA GRANDE ;51;0.4
87;37; CANASTRA     ;2;0.5
88;37; SAO ROQUE    ;57;0.5
89;37; GARIBALDI    ;13;0.4
90;37; CAMPOS NOVOS ;7;0.1
91;37; MACHADINHO   ;29;0.2
92;37; ITA          ;52;1.6
93;37; PASSO FUNDO  ;6;0.3
94;37; MONJOLINHO   ;4;0.1
95;37; QUEBRA QUEIX ;20;0.1
97;37; CASTRO ALVES ;28;0.4
98;37; MONTE CLARO  ;9;0.9
99;37; 14 DE JULHO  ;1;0.5
101;37; SAO JOSE     ;57;0.5
102;37; PASSO S JOAO ;2;0
103;37; FOZ CHAPECO  ;41;0.8
107;37; EDGARD SOUZA ;61;-21.9
108;37; TRAICAO      ;0;0
109;37; PEDREIRA     ;0;0
110;37; ERNESTINA    ;8;0
111;37; PASSO REAL   ;66;0.3
112;37; JACUI        ;0;0
113;37; ITAUBA       ;3;0
114;37; D. FRANCISCA ;3;0
115;37; G.P. SOUZA   ;14;0.1
117;37; GUARAPIRANGA ;10;10.3
118;37; BILLINGS     ;13;7.9
119;37; HENRY BORDEN ;0;0
120;37; JAGUARI      ;20;5.2
121;37; PARAIBUNA    ;46;0.2
122;37; SANTA BRANCA ;7;0
123;37; FUNIL        ;97;9
124;37; LAJES        ;7;0
125;37; STA CECILIA  ;50;0.8
126;37; PICADA       ;30;0.1
127;37; SOBRAGI      ;24;0.8
129;37; SIMPLICIO    ;134;91.5
130;37; ILHA POMBOS  ;55;-89.2
131;37; NILO PECANHA ;0;0
133;37; P. PASSOS    ;0;0
134;37; SALTO GRANDE ;100;0.3
135;37; P. ESTRELA   ;0;0
139;37; CANDONGA     ;144;1.3
141;37; BAGUARI      ;142;3.9
143;37; AIMORES      ;61;2.9
144;37; MASCARENHAS  ;109;2.7
145;37; SUICA        ;9;0.1
146;37; FONTES C     ;0;5.5
147;37; FONTES AB    ;0;0
148;37; IRAPE        ;128;0.4
153;37; SAO DOMINGOS ;98;0.4
154;37; ITAPEBI      ;147;3.6
155;37; RETIRO BAIXO ;133;3.3
156;37; TRES MARIAS  ;756;8.4
162;37; QUEIMADO     ;65;1.4
169;37; SOBRADINHO   ;3837;89
172;37; ITAPARICA    ;0;77.7
173;37; MOXOTO       ;0;2.7
174;37; P.AFONSO 123 ;0;0.1
175;37; P.AFONSO 4   ;0;0
178;37; XINGO        ;0;0.4
180;37; TOCOS        ;15;0
181;37; SANTANA      ;7;0
182;37; VIGARIO      ;0;0
185;37; BARRA BRAUNA ;151;1.7
189;37; P. CAVALO    ;26;7.9
190;37; B. ESPERANCA ;833;1.9
192;37; GUILMAN-AMOR ;64;0.7
193;37; SA CARVALHO  ;1;0
195;37; JAURU        ;89;0.1
196;37; GUAPORE      ;38;0
203;37; CORUMBA III  ;34;0.5
204;37; CACH.CALDEIR ;1518;0
215;37; SALTO PILAO  ;33;0.2
217;37; ROSAL        ;41;0.2
225;37; SLT APIACAS  ;346;0.3
227;37; SINOP        ;1459;17.2
228;37; COLIDER      ;136;0
229;37; TELES PIRES  ;2418;12.3
230;37; SAO MANOEL   ;22;-10.5
241;37; SLT VERDINHO ;13;0
249;37; OURINHOS     ;2;0
251;37; SERRA MESA   ;919;21.1
252;37; CANA BRAVA   ;117;0.1
253;37; SAO SALVADOR ;115;0.2
257;37; PEIXE ANGIC  ;907;5.6
261;37; LAJEADO      ;950;2.6
262;37; SALTO        ;158;0.4
267;37; ESTREITO TOC ;2638;2.1
272;37; CURUA-UNA    ;245;0.1
275;37; TUCURUI      ;15546;49.7
276;37; RONDON II    ;113;0.3
277;37; BALBINA      ;1111;0
278;37; MANSO        ;178;0.2
279;37; SAMUEL       ;735;0.4
280;37; COARACY NUNE ;5;0
281;37; PONTE PEDRA  ;82;0.7
283;37; STA CLARA MG ;89;1.1
284;37; FERREIRA GOM ;12;0
285;37; JIRAU        ;34600;64.6
286;37; STO ANT JARI ;1737;0.9
287;37; STO ANTONIO  ;543;0
288;37; BELO MONTE   ;0;0
290;37; ESPORA       ;68;0.1
304;37; ITIQUIRA I   ;88;0.3
305;37; ITIQUIRA II  ;0;0
309;37; JURUENA      ;142;2.3
310;37; DARDANELOS   ;693;0.2
311;37; CACU         ;208;0.4
312;37; B. COQUEIROS ;9;0
314;37; PIMENTAL     ;18427;7.5
315;37; FOZ R. CLARO ;16;0.1
1;38; CAMARGOS     ;92;0.6
2;38; ITUTINGA     ;0;0
4;38; FUNIL-GRANDE ;175;3.8
6;38; FURNAS       ;523;11
7;38; M. DE MORAES ;146;1.1
8;38; ESTREITO     ;34;0.2
9;38; JAGUARA      ;14;0.2
10;38; IGARAPAVA    ;40;0.3
11;38; VOLTA GRANDE ;89;2.4
12;38; P. COLOMBIA  ;221;9.4
14;38; CACONDE      ;66;1.2
15;38; E. DA CUNHA  ;42;2.1
16;38; A.S.OLIVEIRA ;1;0.1
17;38; MARIMBONDO   ;507;55.7
18;38; A. VERMELHA  ;271;9.8
20;38; BATALHA      ;167;4.6
21;38; SERRA FACAO  ;105;0.9
24;38; EMBORCACAO   ;381;13.1
25;38; NOVA PONTE   ;367;2.2
26;38; MIRANDA      ;14;1.5
27;38; CAPIM BRANC1 ;2;0.6
28;38; CAPIM BRANC2 ;4;1.5
29;38; CORUMBA IV   ;107;3.1
30;38; CORUMBA I    ;306;5.8
31;38; ITUMBIARA    ;323;13.6
32;38; CACH.DOURADA ;57;1.6
33;38; SAO SIMAO    ;1020;26
34;38; I. SOLTEIRA  ;304;4.1
37;38; BARRA BONITA ;254;55.3
38;38; A.S. LIMA    ;69;7.9
39;38; IBITINGA     ;134;5.5
40;38; PROMISSAO    ;47;3.7
42;38; NAVANHANDAVA ;18;4.4
43;38; TRES IRMAOS  ;19;4.4
45;38; JUPIA        ;347;1.8
46;38; P. PRIMAVERA ;533;17.8
47;38; A.A. LAYDNER ;76;6.9
48;38; PIRAJU       ;2;0.1
49;38; CHAVANTES    ;42;0.8
50;38; L.N. GARCEZ  ;58;2.8
51;38; CANOAS II    ;5;0.2
52;38; CANOAS I     ;10;0.3
53;38; PARANAPANEMA ;0;0
57;38; MAUA         ;66;1
61;38; CAPIVARA     ;188;3.3
62;38; TAQUARUCU    ;38;0.3
63;38; ROSANA       ;88;2.1
66;38; ITAIPU       ;1077;17
71;38; STA CLARA PR ;30;0.4
72;38; FUNDAO       ;2;0
73;38; JORDAO       ;8;0
74;38; G.B. MUNHOZ  ;170;6.9
76;38; SEGREDO      ;39;0.1
77;38; SLT.SANTIAGO ;21;0.3
78;38; SALTO OSORIO ;8;0.1
82;38; SALTO CAXIAS ;52;1.1
83;38; BAIXO IGUACU ;21;1.2
86;38; BARRA GRANDE ;51;0.4
87;38; CANASTRA     ;2;0.5
88;38; SAO ROQUE    ;57;0.5
89;38; GARIBALDI    ;13;0.4
90;38; CAMPOS NOVOS ;7;0.1
91;38; MACHADINHO   ;29;0.2
92;38; ITA          ;52;1.6
93;38; PASSO FUNDO  ;6;0.3
94;38; MONJOLINHO   ;4;0.1
95;38; QUEBRA QUEIX ;20;0.1
97;38; CASTRO ALVES ;28;0.4
98;38; MONTE CLARO  ;9;0.9
99;38; 14 DE JULHO  ;1;0.5
101;38; SAO JOSE     ;57;0.5
102;38; PASSO S JOAO ;2;0
103;38; FOZ CHAPECO  ;41;0.8
107;38; EDGARD SOUZA ;61;-21.9
108;38; TRAICAO      ;0;0
109;38; PEDREIRA     ;0;0
110;38; ERNESTINA    ;8;0
111;38; PASSO REAL   ;66;0.3
112;38; JACUI        ;0;0
113;38; ITAUBA       ;3;0
114;38; D. FRANCISCA ;3;0
115;38; G.P. SOUZA   ;14;0.1
117;38; GUARAPIRANGA ;10;10.3
118;38; BILLINGS     ;13;7.9
119;38; HENRY BORDEN ;0;0
120;38; JAGUARI      ;20;5.2
121;38; PARAIBUNA    ;46;0.2
122;38; SANTA BRANCA ;7;0
123;38; FUNIL        ;97;9
124;38; LAJES        ;7;0
125;38; STA CECILIA  ;50;0.8
126;38; PICADA       ;30;0.1
127;38; SOBRAGI      ;24;0.8
129;38; SIMPLICIO    ;134;91.5
130;38; ILHA POMBOS  ;55;-89.2
131;38; NILO PECANHA ;0;0
133;38; P. PASSOS    ;0;0
134;38; SALTO GRANDE ;100;0.3
135;38; P. ESTRELA   ;0;0
139;38; CANDONGA     ;144;1.3
141;38; BAGUARI      ;142;3.9
143;38; AIMORES      ;61;2.9
144;38; MASCARENHAS  ;109;2.7
145;38; SUICA        ;9;0.1
146;38; FONTES C     ;0;5.5
147;38; FONTES AB    ;0;0
148;38; IRAPE        ;128;0.4
153;38; SAO DOMINGOS ;98;0.4
154;38; ITAPEBI      ;147;3.6
155;38; RETIRO BAIXO ;133;3.3
156;38; TRES MARIAS  ;756;8.4
162;38; QUEIMADO     ;65;1.4
169;38; SOBRADINHO   ;3837;89
172;38; ITAPARICA    ;0;77.7
173;38; MOXOTO       ;0;2.7
174;38; P.AFONSO 123 ;0;0.1
175;38; P.AFONSO 4   ;0;0
178;38; XINGO        ;0;0.4
180;38; TOCOS        ;15;0
181;38; SANTANA      ;7;0
182;38; VIGARIO      ;0;0
185;38; BARRA BRAUNA ;151;1.7
189;38; P. CAVALO    ;26;7.9
190;38; B. ESPERANCA ;833;1.9
192;38; GUILMAN-AMOR ;64;0.7
193;38; SA CARVALHO  ;1;0
195;38; JAURU        ;89;0.1
196;38; GUAPORE      ;38;0
203;38; CORUMBA III  ;34;0.5
204;38; CACH.CALDEIR ;1518;0
215;38; SALTO PILAO  ;33;0.2
217;38; ROSAL        ;41;0.2
225;38; SLT APIACAS  ;346;0.3
227;38; SINOP        ;1459;17.2
228;38; COLIDER      ;136;0
229;38; TELES PIRES  ;2418;12.3
230;38; SAO MANOEL   ;22;-10.5
241;38; SLT VERDINHO ;13;0
249;38; OURINHOS     ;2;0
251;38; SERRA MESA   ;919;21.1
252;38; CANA BRAVA   ;117;0.1
253;38; SAO SALVADOR ;115;0.2
257;38; PEIXE ANGIC  ;907;5.6
261;38; LAJEADO      ;950;2.6
262;38; SALTO        ;158;0.4
267;38; ESTREITO TOC ;2638;2.1
272;38; CURUA-UNA    ;245;0.1
275;38; TUCURUI      ;15546;49.7
276;38; RONDON II    ;113;0.3
277;38; BALBINA      ;1111;0
278;38; MANSO        ;178;0.2
279;38; SAMUEL       ;735;0.4
280;38; COARACY NUNE ;5;0
281;38; PONTE PEDRA  ;82;0.7
283;38; STA CLARA MG ;89;1.1
284;38; FERREIRA GOM ;12;0
285;38; JIRAU        ;34600;64.6
286;38; STO ANT JARI ;1737;0.9
287;38; STO ANTONIO  ;543;0
288;38; BELO MONTE   ;0;0
290;38; ESPORA       ;68;0.1
304;38; ITIQUIRA I   ;88;0.3
305;38; ITIQUIRA II  ;0;0
309;38; JURUENA      ;142;2.3
310;38; DARDANELOS   ;693;0.2
311;38; CACU         ;208;0.4
312;38; B. COQUEIROS ;9;0
314;38; PIMENTAL     ;18427;7.5
315;38; FOZ R. CLARO ;16;0.1
1;39; CAMARGOS     ;92;0.6
2;39; ITUTINGA     ;0;0
4;39; FUNIL-GRANDE ;175;3.8
6;39; FURNAS       ;523;11
7;39; M. DE MORAES ;146;1.1
8;39; ESTREITO     ;34;0.2
9;39; JAGUARA      ;14;0.2
10;39; IGARAPAVA    ;40;0.3
11;39; VOLTA GRANDE ;89;2.4
12;39; P. COLOMBIA  ;221;9.4
14;39; CACONDE      ;66;1.2
15;39; E. DA CUNHA  ;42;2.1
16;39; A.S.OLIVEIRA ;1;0.1
17;39; MARIMBONDO   ;507;55.7
18;39; A. VERMELHA  ;271;9.8
20;39; BATALHA      ;167;4.6
21;39; SERRA FACAO  ;105;0.9
24;39; EMBORCACAO   ;381;13.1
25;39; NOVA PONTE   ;367;2.2
26;39; MIRANDA      ;14;1.5
27;39; CAPIM BRANC1 ;2;0.6
28;39; CAPIM BRANC2 ;4;1.5
29;39; CORUMBA IV   ;107;3.1
30;39; CORUMBA I    ;306;5.8
31;39; ITUMBIARA    ;323;13.6
32;39; CACH.DOURADA ;57;1.6
33;39; SAO SIMAO    ;1020;26
34;39; I. SOLTEIRA  ;304;4.1
37;39; BARRA BONITA ;254;55.3
38;39; A.S. LIMA    ;69;7.9
39;39; IBITINGA     ;134;5.5
40;39; PROMISSAO    ;47;3.7
42;39; NAVANHANDAVA ;18;4.4
43;39; TRES IRMAOS  ;19;4.4
45;39; JUPIA        ;347;1.8
46;39; P. PRIMAVERA ;533;17.8
47;39; A.A. LAYDNER ;76;6.9
48;39; PIRAJU       ;2;0.1
49;39; CHAVANTES    ;42;0.8
50;39; L.N. GARCEZ  ;58;2.8
51;39; CANOAS II    ;5;0.2
52;39; CANOAS I     ;10;0.3
53;39; PARANAPANEMA ;0;0
57;39; MAUA         ;66;1
61;39; CAPIVARA     ;188;3.3
62;39; TAQUARUCU    ;38;0.3
63;39; ROSANA       ;88;2.1
66;39; ITAIPU       ;1077;17
71;39; STA CLARA PR ;30;0.4
72;39; FUNDAO       ;2;0
73;39; JORDAO       ;8;0
74;39; G.B. MUNHOZ  ;170;6.9
76;39; SEGREDO      ;39;0.1
77;39; SLT.SANTIAGO ;21;0.3
78;39; SALTO OSORIO ;8;0.1
82;39; SALTO CAXIAS ;52;1.1
83;39; BAIXO IGUACU ;21;1.2
86;39; BARRA GRANDE ;51;0.4
87;39; CANASTRA     ;2;0.5
88;39; SAO ROQUE    ;57;0.5
89;39; GARIBALDI    ;13;0.4
90;39; CAMPOS NOVOS ;7;0.1
91;39; MACHADINHO   ;29;0.2
92;39; ITA          ;52;1.6
93;39; PASSO FUNDO  ;6;0.3
94;39; MONJOLINHO   ;4;0.1
95;39; QUEBRA QUEIX ;20;0.1
97;39; CASTRO ALVES ;28;0.4
98;39; MONTE CLARO  ;9;0.9
99;39; 14 DE JULHO  ;1;0.5
101;39; SAO JOSE     ;57;0.5
102;39; PASSO S JOAO ;2;0
103;39; FOZ CHAPECO  ;41;0.8
107;39; EDGARD SOUZA ;61;-21.9
108;39; TRAICAO      ;0;0
109;39; PEDREIRA     ;0;0
110;39; ERNESTINA    ;8;0
111;39; PASSO REAL   ;66;0.3
112;39; JACUI        ;0;0
113;39; ITAUBA       ;3;0
114;39; D. FRANCISCA ;3;0
115;39; G.P. SOUZA   ;14;0.1
117;39; GUARAPIRANGA ;10;10.3
118;39; BILLINGS     ;13;7.9
119;39; HENRY BORDEN ;0;0
120;39; JAGUARI      ;20;5.2
121;39; PARAIBUNA    ;46;0.2
122;39; SANTA BRANCA ;7;0
123;39; FUNIL        ;97;9
124;39; LAJES        ;7;0
125;39; STA CECILIA  ;50;0.8
126;39; PICADA       ;30;0.1
127;39; SOBRAGI      ;24;0.8
129;39; SIMPLICIO    ;134;91.5
130;39; ILHA POMBOS  ;55;-89.2
131;39; NILO PECANHA ;0;0
133;39; P. PASSOS    ;0;0
134;39; SALTO GRANDE ;100;0.3
135;39; P. ESTRELA   ;0;0
139;39; CANDONGA     ;144;1.3
141;39; BAGUARI      ;142;3.9
143;39; AIMORES      ;61;2.9
144;39; MASCARENHAS  ;109;2.7
145;39; SUICA        ;9;0.1
146;39; FONTES C     ;0;5.5
147;39; FONTES AB    ;0;0
148;39; IRAPE        ;128;0.4
153;39; SAO DOMINGOS ;98;0.4
154;39; ITAPEBI      ;147;3.6
155;39; RETIRO BAIXO ;133;3.3
156;39; TRES MARIAS  ;756;8.4
162;39; QUEIMADO     ;65;1.4
169;39; SOBRADINHO   ;3837;89
172;39; ITAPARICA    ;0;77.7
173;39; MOXOTO       ;0;2.7
174;39; P.AFONSO 123 ;0;0.1
175;39; P.AFONSO 4   ;0;0
178;39; XINGO        ;0;0.4
180;39; TOCOS        ;15;0
181;39; SANTANA      ;7;0
182;39; VIGARIO      ;0;0
185;39; BARRA BRAUNA ;151;1.7
189;39; P. CAVALO    ;26;7.9
190;39; B. ESPERANCA ;833;1.9
192;39; GUILMAN-AMOR ;64;0.7
193;39; SA CARVALHO  ;1;0
195;39; JAURU        ;89;0.1
196;39; GUAPORE      ;38;0
203;39; CORUMBA III  ;34;0.5
204;39; CACH.CALDEIR ;1518;0
215;39; SALTO PILAO  ;33;0.2
217;39; ROSAL        ;41;0.2
225;39; SLT APIACAS  ;346;0.3
227;39; SINOP        ;1459;17.2
228;39; COLIDER      ;136;0
229;39; TELES PIRES  ;2418;12.3
230;39; SAO MANOEL   ;22;-10.5
241;39; SLT VERDINHO ;13;0
249;39; OURINHOS     ;2;0
251;39; SERRA MESA   ;919;21.1
252;39; CANA BRAVA   ;117;0.1
253;39; SAO SALVADOR ;115;0.2
257;39; PEIXE ANGIC  ;907;5.6
261;39; LAJEADO      ;950;2.6
262;39; SALTO        ;158;0.4
267;39; ESTREITO TOC ;2638;2.1
272;39; CURUA-UNA    ;245;0.1
275;39; TUCURUI      ;15546;49.7
276;39; RONDON II    ;113;0.3
277;39; BALBINA      ;1111;0
278;39; MANSO        ;178;0.2
279;39; SAMUEL       ;735;0.4
280;39; COARACY NUNE ;5;0
281;39; PONTE PEDRA  ;82;0.7
283;39; STA CLARA MG ;89;1.1
284;39; FERREIRA GOM ;12;0
285;39; JIRAU        ;34600;64.6
286;39; STO ANT JARI ;1737;0.9
287;39; STO ANTONIO  ;543;0
288;39; BELO MONTE   ;0;0
290;39; ESPORA       ;68;0.1
304;39; ITIQUIRA I   ;88;0.3
305;39; ITIQUIRA II  ;0;0
309;39; JURUENA      ;142;2.3
310;39; DARDANELOS   ;693;0.2
311;39; CACU         ;208;0.4
312;39; B. COQUEIROS ;9;0
314;39; PIMENTAL     ;18427;7.5
315;39; FOZ R. CLARO ;16;0.1
1;40; CAMARGOS     ;92;0.6
2;40; ITUTINGA     ;0;0
4;40; FUNIL-GRANDE ;175;3.8
6;40; FURNAS       ;523;11
7;40; M. DE MORAES ;146;1.1
8;40; ESTREITO     ;34;0.2
9;40; JAGUARA      ;14;0.2
10;40; IGARAPAVA    ;40;0.3
11;40; VOLTA GRANDE ;89;2.4
12;40; P. COLOMBIA  ;221;9.4
14;40; CACONDE      ;66;1.2
15;40; E. DA CUNHA  ;42;2.1
16;40; A.S.OLIVEIRA ;1;0.1
17;40; MARIMBONDO   ;507;55.7
18;40; A. VERMELHA  ;271;9.8
20;40; BATALHA      ;167;4.6
21;40; SERRA FACAO  ;105;0.9
24;40; EMBORCACAO   ;381;13.1
25;40; NOVA PONTE   ;367;2.2
26;40; MIRANDA      ;14;1.5
27;40; CAPIM BRANC1 ;2;0.6
28;40; CAPIM BRANC2 ;4;1.5
29;40; CORUMBA IV   ;107;3.1
30;40; CORUMBA I    ;306;5.8
31;40; ITUMBIARA    ;323;13.6
32;40; CACH.DOURADA ;57;1.6
33;40; SAO SIMAO    ;1020;26
34;40; I. SOLTEIRA  ;304;4.1
37;40; BARRA BONITA ;254;55.3
38;40; A.S. LIMA    ;69;7.9
39;40; IBITINGA     ;134;5.5
40;40; PROMISSAO    ;47;3.7
42;40; NAVANHANDAVA ;18;4.4
43;40; TRES IRMAOS  ;19;4.4
45;40; JUPIA        ;347;1.8
46;40; P. PRIMAVERA ;533;17.8
47;40; A.A. LAYDNER ;76;6.9
48;40; PIRAJU       ;2;0.1
49;40; CHAVANTES    ;42;0.8
50;40; L.N. GARCEZ  ;58;2.8
51;40; CANOAS II    ;5;0.2
52;40; CANOAS I     ;10;0.3
53;40; PARANAPANEMA ;0;0
57;40; MAUA         ;66;1
61;40; CAPIVARA     ;188;3.3
62;40; TAQUARUCU    ;38;0.3
63;40; ROSANA       ;88;2.1
66;40; ITAIPU       ;1077;17
71;40; STA CLARA PR ;30;0.4
72;40; FUNDAO       ;2;0
73;40; JORDAO       ;8;0
74;40; G.B. MUNHOZ  ;170;6.9
76;40; SEGREDO      ;39;0.1
77;40; SLT.SANTIAGO ;21;0.3
78;40; SALTO OSORIO ;8;0.1
82;40; SALTO CAXIAS ;52;1.1
83;40; BAIXO IGUACU ;21;1.2
86;40; BARRA GRANDE ;51;0.4
87;40; CANASTRA     ;2;0.5
88;40; SAO ROQUE    ;57;0.5
89;40; GARIBALDI    ;13;0.4
90;40; CAMPOS NOVOS ;7;0.1
91;40; MACHADINHO   ;29;0.2
92;40; ITA          ;52;1.6
93;40; PASSO FUNDO  ;6;0.3
94;40; MONJOLINHO   ;4;0.1
95;40; QUEBRA QUEIX ;20;0.1
97;40; CASTRO ALVES ;28;0.4
98;40; MONTE CLARO  ;9;0.9
99;40; 14 DE JULHO  ;1;0.5
101;40; SAO JOSE     ;57;0.5
102;40; PASSO S JOAO ;2;0
103;40; FOZ CHAPECO  ;41;0.8
107;40; EDGARD SOUZA ;61;-21.9
108;40; TRAICAO      ;0;0
109;40; PEDREIRA     ;0;0
110;40; ERNESTINA    ;8;0
111;40; PASSO REAL   ;66;0.3
112;40; JACUI        ;0;0
113;40; ITAUBA       ;3;0
114;40; D. FRANCISCA ;3;0
115;40; G.P. SOUZA   ;14;0.1
117;40; GUARAPIRANGA ;10;10.3
118;40; BILLINGS     ;13;7.9
119;40; HENRY BORDEN ;0;0
120;40; JAGUARI      ;20;5.2
121;40; PARAIBUNA    ;46;0.2
122;40; SANTA BRANCA ;7;0
123;40; FUNIL        ;97;9
124;40; LAJES        ;7;0
125;40; STA CECILIA  ;50;0.8
126;40; PICADA       ;30;0.1
127;40; SOBRAGI      ;24;0.8
129;40; SIMPLICIO    ;134;91.5
130;40; ILHA POMBOS  ;55;-89.2
131;40; NILO PECANHA ;0;0
133;40; P. PASSOS    ;0;0
134;40; SALTO GRANDE ;100;0.3
135;40; P. ESTRELA   ;0;0
139;40; CANDONGA     ;144;1.3
141;40; BAGUARI      ;142;3.9
143;40; AIMORES      ;61;2.9
144;40; MASCARENHAS  ;109;2.7
145;40; SUICA        ;9;0.1
146;40; FONTES C     ;0;5.5
147;40; FONTES AB    ;0;0
148;40; IRAPE        ;128;0.4
153;40; SAO DOMINGOS ;98;0.4
154;40; ITAPEBI      ;147;3.6
155;40; RETIRO BAIXO ;133;3.3
156;40; TRES MARIAS  ;756;8.4
162;40; QUEIMADO     ;65;1.4
169;40; SOBRADINHO   ;3837;89
172;40; ITAPARICA    ;0;77.7
173;40; MOXOTO       ;0;2.7
174;40; P.AFONSO 123 ;0;0.1
175;40; P.AFONSO 4   ;0;0
178;40; XINGO        ;0;0.4
180;40; TOCOS        ;15;0
181;40; SANTANA      ;7;0
182;40; VIGARIO      ;0;0
185;40; BARRA BRAUNA ;151;1.7
189;40; P. CAVALO    ;26;7.9
190;40; B. ESPERANCA ;833;1.9
192;40; GUILMAN-AMOR ;64;0.7
193;40; SA CARVALHO  ;1;0
195;40; JAURU        ;89;0.1
196;40; GUAPORE      ;38;0
203;40; CORUMBA III  ;34;0.5
204;40; CACH.CALDEIR ;1518;0
215;40; SALTO PILAO  ;33;0.2
217;40; ROSAL        ;41;0.2
225;40; SLT APIACAS  ;346;0.3
227;40; SINOP        ;1459;17.2
228;40; COLIDER      ;136;0
229;40; TELES PIRES  ;2418;12.3
230;40; SAO MANOEL   ;22;-10.5
241;40; SLT VERDINHO ;13;0
249;40; OURINHOS     ;2;0
251;40; SERRA MESA   ;919;21.1
252;40; CANA BRAVA   ;117;0.1
253;40; SAO SALVADOR ;115;0.2
257;40; PEIXE ANGIC  ;907;5.6
261;40; LAJEADO      ;950;2.6
262;40; SALTO        ;158;0.4
267;40; ESTREITO TOC ;2638;2.1
272;40; CURUA-UNA    ;245;0.1
275;40; TUCURUI      ;15546;49.7
276;40; RONDON II    ;113;0.3
277;40; BALBINA      ;1111;0
278;40; MANSO        ;178;0.2
279;40; SAMUEL       ;735;0.4
280;40; COARACY NUNE ;5;0
281;40; PONTE PEDRA  ;82;0.7
283;40; STA CLARA MG ;89;1.1
284;40; FERREIRA GOM ;12;0
285;40; JIRAU        ;34600;64.6
286;40; STO ANT JARI ;1737;0.9
287;40; STO ANTONIO  ;543;0
288;40; BELO MONTE   ;0;0
290;40; ESPORA       ;68;0.1
304;40; ITIQUIRA I   ;88;0.3
305;40; ITIQUIRA II  ;0;0
309;40; JURUENA      ;142;2.3
310;40; DARDANELOS   ;693;0.2
311;40; CACU         ;208;0.4
312;40; B. COQUEIROS ;9;0
314;40; PIMENTAL     ;18427;7.5
315;40; FOZ R. CLARO ;16;0.1
1;41; CAMARGOS     ;92;0.6
2;41; ITUTINGA     ;0;0
4;41; FUNIL-GRANDE ;175;3.8
6;41; FURNAS       ;523;11
7;41; M. DE MORAES ;146;1.1
8;41; ESTREITO     ;34;0.2
9;41; JAGUARA      ;14;0.2
10;41; IGARAPAVA    ;40;0.3
11;41; VOLTA GRANDE ;89;2.4
12;41; P. COLOMBIA  ;221;9.4
14;41; CACONDE      ;66;1.2
15;41; E. DA CUNHA  ;42;2.1
16;41; A.S.OLIVEIRA ;1;0.1
17;41; MARIMBONDO   ;507;55.7
18;41; A. VERMELHA  ;271;9.8
20;41; BATALHA      ;167;4.6
21;41; SERRA FACAO  ;105;0.9
24;41; EMBORCACAO   ;381;13.1
25;41; NOVA PONTE   ;367;2.2
26;41; MIRANDA      ;14;1.5
27;41; CAPIM BRANC1 ;2;0.6
28;41; CAPIM BRANC2 ;4;1.5
29;41; CORUMBA IV   ;107;3.1
30;41; CORUMBA I    ;306;5.8
31;41; ITUMBIARA    ;323;13.6
32;41; CACH.DOURADA ;57;1.6
33;41; SAO SIMAO    ;1020;26
34;41; I. SOLTEIRA  ;304;4.1
37;41; BARRA BONITA ;254;55.3
38;41; A.S. LIMA    ;69;7.9
39;41; IBITINGA     ;134;5.5
40;41; PROMISSAO    ;47;3.7
42;41; NAVANHANDAVA ;18;4.4
43;41; TRES IRMAOS  ;19;4.4
45;41; JUPIA        ;347;1.8
46;41; P. PRIMAVERA ;533;17.8
47;41; A.A. LAYDNER ;76;6.9
48;41; PIRAJU       ;2;0.1
49;41; CHAVANTES    ;42;0.8
50;41; L.N. GARCEZ  ;58;2.8
51;41; CANOAS II    ;5;0.2
52;41; CANOAS I     ;10;0.3
53;41; PARANAPANEMA ;0;0
57;41; MAUA         ;66;1
61;41; CAPIVARA     ;188;3.3
62;41; TAQUARUCU    ;38;0.3
63;41; ROSANA       ;88;2.1
66;41; ITAIPU       ;1077;17
71;41; STA CLARA PR ;30;0.4
72;41; FUNDAO       ;2;0
73;41; JORDAO       ;8;0
74;41; G.B. MUNHOZ  ;170;6.9
76;41; SEGREDO      ;39;0.1
77;41; SLT.SANTIAGO ;21;0.3
78;41; SALTO OSORIO ;8;0.1
82;41; SALTO CAXIAS ;52;1.1
83;41; BAIXO IGUACU ;21;1.2
86;41; BARRA GRANDE ;51;0.4
87;41; CANASTRA     ;2;0.5
88;41; SAO ROQUE    ;57;0.5
89;41; GARIBALDI    ;13;0.4
90;41; CAMPOS NOVOS ;7;0.1
91;41; MACHADINHO   ;29;0.2
92;41; ITA          ;52;1.6
93;41; PASSO FUNDO  ;6;0.3
94;41; MONJOLINHO   ;4;0.1
95;41; QUEBRA QUEIX ;20;0.1
97;41; CASTRO ALVES ;28;0.4
98;41; MONTE CLARO  ;9;0.9
99;41; 14 DE JULHO  ;1;0.5
101;41; SAO JOSE     ;57;0.5
102;41; PASSO S JOAO ;2;0
103;41; FOZ CHAPECO  ;41;0.8
107;41; EDGARD SOUZA ;61;-21.9
108;41; TRAICAO      ;0;0
109;41; PEDREIRA     ;0;0
110;41; ERNESTINA    ;8;0
111;41; PASSO REAL   ;66;0.3
112;41; JACUI        ;0;0
113;41; ITAUBA       ;3;0
114;41; D. FRANCISCA ;3;0
115;41; G.P. SOUZA   ;14;0.1
117;41; GUARAPIRANGA ;10;10.3
118;41; BILLINGS     ;13;7.9
119;41; HENRY BORDEN ;0;0
120;41; JAGUARI      ;20;5.2
121;41; PARAIBUNA    ;46;0.2
122;41; SANTA BRANCA ;7;0
123;41; FUNIL        ;97;9
124;41; LAJES        ;7;0
125;41; STA CECILIA  ;50;0.8
126;41; PICADA       ;30;0.1
127;41; SOBRAGI      ;24;0.8
129;41; SIMPLICIO    ;134;91.5
130;41; ILHA POMBOS  ;55;-89.2
131;41; NILO PECANHA ;0;0
133;41; P. PASSOS    ;0;0
134;41; SALTO GRANDE ;100;0.3
135;41; P. ESTRELA   ;0;0
139;41; CANDONGA     ;144;1.3
141;41; BAGUARI      ;142;3.9
143;41; AIMORES      ;61;2.9
144;41; MASCARENHAS  ;109;2.7
145;41; SUICA        ;9;0.1
146;41; FONTES C     ;0;5.5
147;41; FONTES AB    ;0;0
148;41; IRAPE        ;128;0.4
153;41; SAO DOMINGOS ;98;0.4
154;41; ITAPEBI      ;147;3.6
155;41; RETIRO BAIXO ;133;3.3
156;41; TRES MARIAS  ;756;8.4
162;41; QUEIMADO     ;65;1.4
169;41; SOBRADINHO   ;3837;89
172;41; ITAPARICA    ;0;77.7
173;41; MOXOTO       ;0;2.7
174;41; P.AFONSO 123 ;0;0.1
175;41; P.AFONSO 4   ;0;0
178;41; XINGO        ;0;0.4
180;41; TOCOS        ;15;0
181;41; SANTANA      ;7;0
182;41; VIGARIO      ;0;0
185;41; BARRA BRAUNA ;151;1.7
189;41; P. CAVALO    ;26;7.9
190;41; B. ESPERANCA ;833;1.9
192;41; GUILMAN-AMOR ;64;0.7
193;41; SA CARVALHO  ;1;0
195;41; JAURU        ;89;0.1
196;41; GUAPORE      ;38;0
203;41; CORUMBA III  ;34;0.5
204;41; CACH.CALDEIR ;1518;0
215;41; SALTO PILAO  ;33;0.2
217;41; ROSAL        ;41;0.2
225;41; SLT APIACAS  ;346;0.3
227;41; SINOP        ;1459;17.2
228;41; COLIDER      ;136;0
229;41; TELES PIRES  ;2418;12.3
230;41; SAO MANOEL   ;22;-10.5
241;41; SLT VERDINHO ;13;0
249;41; OURINHOS     ;2;0
251;41; SERRA MESA   ;919;21.1
252;41; CANA BRAVA   ;117;0.1
253;41; SAO SALVADOR ;115;0.2
257;41; PEIXE ANGIC  ;907;5.6
261;41; LAJEADO      ;950;2.6
262;41; SALTO        ;158;0.4
267;41; ESTREITO TOC ;2638;2.1
272;41; CURUA-UNA    ;245;0.1
275;41; TUCURUI      ;15546;49.7
276;41; RONDON II    ;113;0.3
277;41; BALBINA      ;1111;0
278;41; MANSO        ;178;0.2
279;41; SAMUEL       ;735;0.4
280;41; COARACY NUNE ;5;0
281;41; PONTE PEDRA  ;82;0.7
283;41; STA CLARA MG ;89;1.1
284;41; FERREIRA GOM ;12;0
285;41; JIRAU        ;34600;64.6
286;41; STO ANT JARI ;1737;0.9
287;41; STO ANTONIO  ;543;0
288;41; BELO MONTE   ;0;0
290;41; ESPORA       ;68;0.1
304;41; ITIQUIRA I   ;88;0.3
305;41; ITIQUIRA II  ;0;0
309;41; JURUENA      ;142;2.3
310;41; DARDANELOS   ;693;0.2
311;41; CACU         ;208;0.4
312;41; B. COQUEIROS ;9;0
314;41; PIMENTAL     ;18427;7.5
315;41; FOZ R. CLARO ;16;0.1
1;42; CAMARGOS     ;92;0.6
2;42; ITUTINGA     ;0;0
4;42; FUNIL-GRANDE ;175;3.8
6;42; FURNAS       ;523;11
7;42; M. DE MORAES ;146;1.1
8;42; ESTREITO     ;34;0.2
9;42; JAGUARA      ;14;0.2
10;42; IGARAPAVA    ;40;0.3
11;42; VOLTA GRANDE ;89;2.4
12;42; P. COLOMBIA  ;221;9.4
14;42; CACONDE      ;66;1.2
15;42; E. DA CUNHA  ;42;2.1
16;42; A.S.OLIVEIRA ;1;0.1
17;42; MARIMBONDO   ;507;55.7
18;42; A. VERMELHA  ;271;9.8
20;42; BATALHA      ;167;4.6
21;42; SERRA FACAO  ;105;0.9
24;42; EMBORCACAO   ;381;13.1
25;42; NOVA PONTE   ;367;2.2
26;42; MIRANDA      ;14;1.5
27;42; CAPIM BRANC1 ;2;0.6
28;42; CAPIM BRANC2 ;4;1.5
29;42; CORUMBA IV   ;107;3.1
30;42; CORUMBA I    ;306;5.8
31;42; ITUMBIARA    ;323;13.6
32;42; CACH.DOURADA ;57;1.6
33;42; SAO SIMAO    ;1020;26
34;42; I. SOLTEIRA  ;304;4.1
37;42; BARRA BONITA ;254;55.3
38;42; A.S. LIMA    ;69;7.9
39;42; IBITINGA     ;134;5.5
40;42; PROMISSAO    ;47;3.7
42;42; NAVANHANDAVA ;18;4.4
43;42; TRES IRMAOS  ;19;4.4
45;42; JUPIA        ;347;1.8
46;42; P. PRIMAVERA ;533;17.8
47;42; A.A. LAYDNER ;76;6.9
48;42; PIRAJU       ;2;0.1
49;42; CHAVANTES    ;42;0.8
50;42; L.N. GARCEZ  ;58;2.8
51;42; CANOAS II    ;5;0.2
52;42; CANOAS I     ;10;0.3
53;42; PARANAPANEMA ;0;0
57;42; MAUA         ;66;1
61;42; CAPIVARA     ;188;3.3
62;42; TAQUARUCU    ;38;0.3
63;42; ROSANA       ;88;2.1
66;42; ITAIPU       ;1077;17
71;42; STA CLARA PR ;30;0.4
72;42; FUNDAO       ;2;0
73;42; JORDAO       ;8;0
74;42; G.B. MUNHOZ  ;170;6.9
76;42; SEGREDO      ;39;0.1
77;42; SLT.SANTIAGO ;21;0.3
78;42; SALTO OSORIO ;8;0.1
82;42; SALTO CAXIAS ;52;1.1
83;42; BAIXO IGUACU ;21;1.2
86;42; BARRA GRANDE ;51;0.4
87;42; CANASTRA     ;2;0.5
88;42; SAO ROQUE    ;57;0.5
89;42; GARIBALDI    ;13;0.4
90;42; CAMPOS NOVOS ;7;0.1
91;42; MACHADINHO   ;29;0.2
92;42; ITA          ;52;1.6
93;42; PASSO FUNDO  ;6;0.3
94;42; MONJOLINHO   ;4;0.1
95;42; QUEBRA QUEIX ;20;0.1
97;42; CASTRO ALVES ;28;0.4
98;42; MONTE CLARO  ;9;0.9
99;42; 14 DE JULHO  ;1;0.5
101;42; SAO JOSE     ;57;0.5
102;42; PASSO S JOAO ;2;0
103;42; FOZ CHAPECO  ;41;0.8
107;42; EDGARD SOUZA ;61;-21.9
108;42; TRAICAO      ;0;0
109;42; PEDREIRA     ;0;0
110;42; ERNESTINA    ;8;0
111;42; PASSO REAL   ;66;0.3
112;42; JACUI        ;0;0
113;42; ITAUBA       ;3;0
114;42; D. FRANCISCA ;3;0
115;42; G.P. SOUZA   ;14;0.1
117;42; GUARAPIRANGA ;10;10.3
118;42; BILLINGS     ;13;7.9
119;42; HENRY BORDEN ;0;0
120;42; JAGUARI      ;20;5.2
121;42; PARAIBUNA    ;46;0.2
122;42; SANTA BRANCA ;7;0
123;42; FUNIL        ;97;9
124;42; LAJES        ;7;0
125;42; STA CECILIA  ;50;0.8
126;42; PICADA       ;30;0.1
127;42; SOBRAGI      ;24;0.8
129;42; SIMPLICIO    ;134;91.5
130;42; ILHA POMBOS  ;55;-89.2
131;42; NILO PECANHA ;0;0
133;42; P. PASSOS    ;0;0
134;42; SALTO GRANDE ;100;0.3
135;42; P. ESTRELA   ;0;0
139;42; CANDONGA     ;144;1.3
141;42; BAGUARI      ;142;3.9
143;42; AIMORES      ;61;2.9
144;42; MASCARENHAS  ;109;2.7
145;42; SUICA        ;9;0.1
146;42; FONTES C     ;0;5.5
147;42; FONTES AB    ;0;0
148;42; IRAPE        ;128;0.4
153;42; SAO DOMINGOS ;98;0.4
154;42; ITAPEBI      ;147;3.6
155;42; RETIRO BAIXO ;133;3.3
156;42; TRES MARIAS  ;756;8.4
162;42; QUEIMADO     ;65;1.4
169;42; SOBRADINHO   ;3837;89
172;42; ITAPARICA    ;0;77.7
173;42; MOXOTO       ;0;2.7
174;42; P.AFONSO 123 ;0;0.1
175;42; P.AFONSO 4   ;0;0
178;42; XINGO        ;0;0.4
180;42; TOCOS        ;15;0
181;42; SANTANA      ;7;0
182;42; VIGARIO      ;0;0
185;42; BARRA BRAUNA ;151;1.7
189;42; P. CAVALO    ;26;7.9
190;42; B. ESPERANCA ;833;1.9
192;42; GUILMAN-AMOR ;64;0.7
193;42; SA CARVALHO  ;1;0
195;42; JAURU        ;89;0.1
196;42; GUAPORE      ;38;0
203;42; CORUMBA III  ;34;0.5
204;42; CACH.CALDEIR ;1518;0
215;42; SALTO PILAO  ;33;0.2
217;42; ROSAL        ;41;0.2
225;42; SLT APIACAS  ;346;0.3
227;42; SINOP        ;1459;17.2
228;42; COLIDER      ;136;0
229;42; TELES PIRES  ;2418;12.3
230;42; SAO MANOEL   ;22;-10.5
241;42; SLT VERDINHO ;13;0
249;42; OURINHOS     ;2;0
251;42; SERRA MESA   ;919;21.1
252;42; CANA BRAVA   ;117;0.1
253;42; SAO SALVADOR ;115;0.2
257;42; PEIXE ANGIC  ;907;5.6
261;42; LAJEADO      ;950;2.6
262;42; SALTO        ;158;0.4
267;42; ESTREITO TOC ;2638;2.1
272;42; CURUA-UNA    ;245;0.1
275;42; TUCURUI      ;15546;49.7
276;42; RONDON II    ;113;0.3
277;42; BALBINA      ;1111;0
278;42; MANSO        ;178;0.2
279;42; SAMUEL       ;735;0.4
280;42; COARACY NUNE ;5;0
281;42; PONTE PEDRA  ;82;0.7
283;42; STA CLARA MG ;89;1.1
284;42; FERREIRA GOM ;12;0
285;42; JIRAU        ;34600;64.6
286;42; STO ANT JARI ;1737;0.9
287;42; STO ANTONIO  ;543;0
288;42; BELO MONTE   ;0;0
290;42; ESPORA       ;68;0.1
304;42; ITIQUIRA I   ;88;0.3
305;42; ITIQUIRA II  ;0;0
309;42; JURUENA      ;142;2.3
310;42; DARDANELOS   ;693;0.2
311;42; CACU         ;208;0.4
312;42; B. COQUEIROS ;9;0
314;42; PIMENTAL     ;18427;7.5
315;42; FOZ R. CLARO ;16;0.1
1;43; CAMARGOS     ;92;0.6
2;43; ITUTINGA     ;0;0
4;43; FUNIL-GRANDE ;175;3.8
6;43; FURNAS       ;523;11
7;43; M. DE MORAES ;146;1.1
8;43; ESTREITO     ;34;0.2
9;43; JAGUARA      ;14;0.2
10;43; IGARAPAVA    ;40;0.3
11;43; VOLTA GRANDE ;89;2.4
12;43; P. COLOMBIA  ;221;9.4
14;43; CACONDE      ;66;1.2
15;43; E. DA CUNHA  ;42;2.1
16;43; A.S.OLIVEIRA ;1;0.1
17;43; MARIMBONDO   ;507;55.7
18;43; A. VERMELHA  ;271;9.8
20;43; BATALHA      ;167;4.6
21;43; SERRA FACAO  ;105;0.9
24;43; EMBORCACAO   ;381;13.1
25;43; NOVA PONTE   ;367;2.2
26;43; MIRANDA      ;14;1.5
27;43; CAPIM BRANC1 ;2;0.6
28;43; CAPIM BRANC2 ;4;1.5
29;43; CORUMBA IV   ;107;3.1
30;43; CORUMBA I    ;306;5.8
31;43; ITUMBIARA    ;323;13.6
32;43; CACH.DOURADA ;57;1.6
33;43; SAO SIMAO    ;1020;26
34;43; I. SOLTEIRA  ;304;4.1
37;43; BARRA BONITA ;254;55.3
38;43; A.S. LIMA    ;69;7.9
39;43; IBITINGA     ;134;5.5
40;43; PROMISSAO    ;47;3.7
42;43; NAVANHANDAVA ;18;4.4
43;43; TRES IRMAOS  ;19;4.4
45;43; JUPIA        ;347;1.8
46;43; P. PRIMAVERA ;533;17.8
47;43; A.A. LAYDNER ;76;6.9
48;43; PIRAJU       ;2;0.1
49;43; CHAVANTES    ;42;0.8
50;43; L.N. GARCEZ  ;58;2.8
51;43; CANOAS II    ;5;0.2
52;43; CANOAS I     ;10;0.3
53;43; PARANAPANEMA ;0;0
57;43; MAUA         ;66;1
61;43; CAPIVARA     ;188;3.3
62;43; TAQUARUCU    ;38;0.3
63;43; ROSANA       ;88;2.1
66;43; ITAIPU       ;1077;17
71;43; STA CLARA PR ;30;0.4
72;43; FUNDAO       ;2;0
73;43; JORDAO       ;8;0
74;43; G.B. MUNHOZ  ;170;6.9
76;43; SEGREDO      ;39;0.1
77;43; SLT.SANTIAGO ;21;0.3
78;43; SALTO OSORIO ;8;0.1
82;43; SALTO CAXIAS ;52;1.1
83;43; BAIXO IGUACU ;21;1.2
86;43; BARRA GRANDE ;51;0.4
87;43; CANASTRA     ;2;0.5
88;43; SAO ROQUE    ;57;0.5
89;43; GARIBALDI    ;13;0.4
90;43; CAMPOS NOVOS ;7;0.1
91;43; MACHADINHO   ;29;0.2
92;43; ITA          ;52;1.6
93;43; PASSO FUNDO  ;6;0.3
94;43; MONJOLINHO   ;4;0.1
95;43; QUEBRA QUEIX ;20;0.1
97;43; CASTRO ALVES ;28;0.4
98;43; MONTE CLARO  ;9;0.9
99;43; 14 DE JULHO  ;1;0.5
101;43; SAO JOSE     ;57;0.5
102;43; PASSO S JOAO ;2;0
103;43; FOZ CHAPECO  ;41;0.8
107;43; EDGARD SOUZA ;61;-21.9
108;43; TRAICAO      ;0;0
109;43; PEDREIRA     ;0;0
110;43; ERNESTINA    ;8;0
111;43; PASSO REAL   ;66;0.3
112;43; JACUI        ;0;0
113;43; ITAUBA       ;3;0
114;43; D. FRANCISCA ;3;0
115;43; G.P. SOUZA   ;14;0.1
117;43; GUARAPIRANGA ;10;10.3
118;43; BILLINGS     ;13;7.9
119;43; HENRY BORDEN ;0;0
120;43; JAGUARI      ;20;5.2
121;43; PARAIBUNA    ;46;0.2
122;43; SANTA BRANCA ;7;0
123;43; FUNIL        ;97;9
124;43; LAJES        ;7;0
125;43; STA CECILIA  ;50;0.8
126;43; PICADA       ;30;0.1
127;43; SOBRAGI      ;24;0.8
129;43; SIMPLICIO    ;134;91.5
130;43; ILHA POMBOS  ;55;-89.2
131;43; NILO PECANHA ;0;0
133;43; P. PASSOS    ;0;0
134;43; SALTO GRANDE ;100;0.3
135;43; P. ESTRELA   ;0;0
139;43; CANDONGA     ;144;1.3
141;43; BAGUARI      ;142;3.9
143;43; AIMORES      ;61;2.9
144;43; MASCARENHAS  ;109;2.7
145;43; SUICA        ;9;0.1
146;43; FONTES C     ;0;5.5
147;43; FONTES AB    ;0;0
148;43; IRAPE        ;128;0.4
153;43; SAO DOMINGOS ;98;0.4
154;43; ITAPEBI      ;147;3.6
155;43; RETIRO BAIXO ;133;3.3
156;43; TRES MARIAS  ;756;8.4
162;43; QUEIMADO     ;65;1.4
169;43; SOBRADINHO   ;3837;89
172;43; ITAPARICA    ;0;77.7
173;43; MOXOTO       ;0;2.7
174;43; P.AFONSO 123 ;0;0.1
175;43; P.AFONSO 4   ;0;0
178;43; XINGO        ;0;0.4
180;43; TOCOS        ;15;0
181;43; SANTANA      ;7;0
182;43; VIGARIO      ;0;0
185;43; BARRA BRAUNA ;151;1.7
189;43; P. CAVALO    ;26;7.9
190;43; B. ESPERANCA ;833;1.9
192;43; GUILMAN-AMOR ;64;0.7
193;43; SA CARVALHO  ;1;0
195;43; JAURU        ;89;0.1
196;43; GUAPORE      ;38;0
203;43; CORUMBA III  ;34;0.5
204;43; CACH.CALDEIR ;1518;0
215;43; SALTO PILAO  ;33;0.2
217;43; ROSAL        ;41;0.2
225;43; SLT APIACAS  ;346;0.3
227;43; SINOP        ;1459;17.2
228;43; COLIDER      ;136;0
229;43; TELES PIRES  ;2418;12.3
230;43; SAO MANOEL   ;22;-10.5
241;43; SLT VERDINHO ;13;0
249;43; OURINHOS     ;2;0
251;43; SERRA MESA   ;919;21.1
252;43; CANA BRAVA   ;117;0.1
253;43; SAO SALVADOR ;115;0.2
257;43; PEIXE ANGIC  ;907;5.6
261;43; LAJEADO      ;950;2.6
262;43; SALTO        ;158;0.4
267;43; ESTREITO TOC ;2638;2.1
272;43; CURUA-UNA    ;245;0.1
275;43; TUCURUI      ;15546;49.7
276;43; RONDON II    ;113;0.3
277;43; BALBINA      ;1111;0
278;43; MANSO        ;178;0.2
279;43; SAMUEL       ;735;0.4
280;43; COARACY NUNE ;5;0
281;43; PONTE PEDRA  ;82;0.7
283;43; STA CLARA MG ;89;1.1
284;43; FERREIRA GOM ;12;0
285;43; JIRAU        ;34600;64.6
286;43; STO ANT JARI ;1737;0.9
287;43; STO ANTONIO  ;543;0
288;43; BELO MONTE   ;0;0
290;43; ESPORA       ;68;0.1
304;43; ITIQUIRA I   ;88;0.3
305;43; ITIQUIRA II  ;0;0
309;43; JURUENA      ;142;2.3
310;43; DARDANELOS   ;693;0.2
311;43; CACU         ;208;0.4
312;43; B. COQUEIROS ;9;0
314;43; PIMENTAL     ;18427;7.5
315;43; FOZ R. CLARO ;16;0.1
1;44; CAMARGOS     ;92;0.6
2;44; ITUTINGA     ;0;0
4;44; FUNIL-GRANDE ;175;3.8
6;44; FURNAS       ;523;11
7;44; M. DE MORAES ;146;1.1
8;44; ESTREITO     ;34;0.2
9;44; JAGUARA      ;14;0.2
10;44; IGARAPAVA    ;40;0.3
11;44; VOLTA GRANDE ;89;2.4
12;44; P. COLOMBIA  ;221;9.4
14;44; CACONDE      ;66;1.2
15;44; E. DA CUNHA  ;42;2.1
16;44; A.S.OLIVEIRA ;1;0.1
17;44; MARIMBONDO   ;507;55.7
18;44; A. VERMELHA  ;271;9.8
20;44; BATALHA      ;167;4.6
21;44; SERRA FACAO  ;105;0.9
24;44; EMBORCACAO   ;381;13.1
25;44; NOVA PONTE   ;367;2.2
26;44; MIRANDA      ;14;1.5
27;44; CAPIM BRANC1 ;2;0.6
28;44; CAPIM BRANC2 ;4;1.5
29;44; CORUMBA IV   ;107;3.1
30;44; CORUMBA I    ;306;5.8
31;44; ITUMBIARA    ;323;13.6
32;44; CACH.DOURADA ;57;1.6
33;44; SAO SIMAO    ;1020;26
34;44; I. SOLTEIRA  ;304;4.1
37;44; BARRA BONITA ;254;55.3
38;44; A.S. LIMA    ;69;7.9
39;44; IBITINGA     ;134;5.5
40;44; PROMISSAO    ;47;3.7
42;44; NAVANHANDAVA ;18;4.4
43;44; TRES IRMAOS  ;19;4.4
45;44; JUPIA        ;347;1.8
46;44; P. PRIMAVERA ;533;17.8
47;44; A.A. LAYDNER ;76;6.9
48;44; PIRAJU       ;2;0.1
49;44; CHAVANTES    ;42;0.8
50;44; L.N. GARCEZ  ;58;2.8
51;44; CANOAS II    ;5;0.2
52;44; CANOAS I     ;10;0.3
53;44; PARANAPANEMA ;0;0
57;44; MAUA         ;66;1
61;44; CAPIVARA     ;188;3.3
62;44; TAQUARUCU    ;38;0.3
63;44; ROSANA       ;88;2.1
66;44; ITAIPU       ;1077;17
71;44; STA CLARA PR ;30;0.4
72;44; FUNDAO       ;2;0
73;44; JORDAO       ;8;0
74;44; G.B. MUNHOZ  ;170;6.9
76;44; SEGREDO      ;39;0.1
77;44; SLT.SANTIAGO ;21;0.3
78;44; SALTO OSORIO ;8;0.1
82;44; SALTO CAXIAS ;52;1.1
83;44; BAIXO IGUACU ;21;1.2
86;44; BARRA GRANDE ;51;0.4
87;44; CANASTRA     ;2;0.5
88;44; SAO ROQUE    ;57;0.5
89;44; GARIBALDI    ;13;0.4
90;44; CAMPOS NOVOS ;7;0.1
91;44; MACHADINHO   ;29;0.2
92;44; ITA          ;52;1.6
93;44; PASSO FUNDO  ;6;0.3
94;44; MONJOLINHO   ;4;0.1
95;44; QUEBRA QUEIX ;20;0.1
97;44; CASTRO ALVES ;28;0.4
98;44; MONTE CLARO  ;9;0.9
99;44; 14 DE JULHO  ;1;0.5
101;44; SAO JOSE     ;57;0.5
102;44; PASSO S JOAO ;2;0
103;44; FOZ CHAPECO  ;41;0.8
107;44; EDGARD SOUZA ;61;-21.9
108;44; TRAICAO      ;0;0
109;44; PEDREIRA     ;0;0
110;44; ERNESTINA    ;8;0
111;44; PASSO REAL   ;66;0.3
112;44; JACUI        ;0;0
113;44; ITAUBA       ;3;0
114;44; D. FRANCISCA ;3;0
115;44; G.P. SOUZA   ;14;0.1
117;44; GUARAPIRANGA ;10;10.3
118;44; BILLINGS     ;13;7.9
119;44; HENRY BORDEN ;0;0
120;44; JAGUARI      ;20;5.2
121;44; PARAIBUNA    ;46;0.2
122;44; SANTA BRANCA ;7;0
123;44; FUNIL        ;97;9
124;44; LAJES        ;7;0
125;44; STA CECILIA  ;50;0.8
126;44; PICADA       ;30;0.1
127;44; SOBRAGI      ;24;0.8
129;44; SIMPLICIO    ;134;91.5
130;44; ILHA POMBOS  ;55;-89.2
131;44; NILO PECANHA ;0;0
133;44; P. PASSOS    ;0;0
134;44; SALTO GRANDE ;100;0.3
135;44; P. ESTRELA   ;0;0
139;44; CANDONGA     ;144;1.3
141;44; BAGUARI      ;142;3.9
143;44; AIMORES      ;61;2.9
144;44; MASCARENHAS  ;109;2.7
145;44; SUICA        ;9;0.1
146;44; FONTES C     ;0;5.5
147;44; FONTES AB    ;0;0
148;44; IRAPE        ;128;0.4
153;44; SAO DOMINGOS ;98;0.4
154;44; ITAPEBI      ;147;3.6
155;44; RETIRO BAIXO ;133;3.3
156;44; TRES MARIAS  ;756;8.4
162;44; QUEIMADO     ;65;1.4
169;44; SOBRADINHO   ;3837;89
172;44; ITAPARICA    ;0;77.7
173;44; MOXOTO       ;0;2.7
174;44; P.AFONSO 123 ;0;0.1
175;44; P.AFONSO 4   ;0;0
178;44; XINGO        ;0;0.4
180;44; TOCOS        ;15;0
181;44; SANTANA      ;7;0
182;44; VIGARIO      ;0;0
185;44; BARRA BRAUNA ;151;1.7
189;44; P. CAVALO    ;26;7.9
190;44; B. ESPERANCA ;833;1.9
192;44; GUILMAN-AMOR ;64;0.7
193;44; SA CARVALHO  ;1;0
195;44; JAURU        ;89;0.1
196;44; GUAPORE      ;38;0
203;44; CORUMBA III  ;34;0.5
204;44; CACH.CALDEIR ;1518;0
215;44; SALTO PILAO  ;33;0.2
217;44; ROSAL        ;41;0.2
225;44; SLT APIACAS  ;346;0.3
227;44; SINOP        ;1459;17.2
228;44; COLIDER      ;136;0
229;44; TELES PIRES  ;2418;12.3
230;44; SAO MANOEL   ;22;-10.5
241;44; SLT VERDINHO ;13;0
249;44; OURINHOS     ;2;0
251;44; SERRA MESA   ;919;21.1
252;44; CANA BRAVA   ;117;0.1
253;44; SAO SALVADOR ;115;0.2
257;44; PEIXE ANGIC  ;907;5.6
261;44; LAJEADO      ;950;2.6
262;44; SALTO        ;158;0.4
267;44; ESTREITO TOC ;2638;2.1
272;44; CURUA-UNA    ;245;0.1
275;44; TUCURUI      ;15546;49.7
276;44; RONDON II    ;113;0.3
277;44; BALBINA      ;1111;0
278;44; MANSO        ;178;0.2
279;44; SAMUEL       ;735;0.4
280;44; COARACY NUNE ;5;0
281;44; PONTE PEDRA  ;82;0.7
283;44; STA CLARA MG ;89;1.1
284;44; FERREIRA GOM ;12;0
285;44; JIRAU        ;34600;64.6
286;44; STO ANT JARI ;1737;0.9
287;44; STO ANTONIO  ;543;0
288;44; BELO MONTE   ;0;0
290;44; ESPORA       ;68;0.1
304;44; ITIQUIRA I   ;88;0.3
305;44; ITIQUIRA II  ;0;0
309;44; JURUENA      ;142;2.3
310;44; DARDANELOS   ;693;0.2
311;44; CACU         ;208;0.4
312;44; B. COQUEIROS ;9;0
314;44; PIMENTAL     ;18427;7.5
315;44; FOZ R. CLARO ;16;0.1
1;45; CAMARGOS     ;92;0.6
2;45; ITUTINGA     ;0;0
4;45; FUNIL-GRANDE ;175;3.8
6;45; FURNAS       ;523;11
7;45; M. DE MORAES ;146;1.1
8;45; ESTREITO     ;34;0.2
9;45; JAGUARA      ;14;0.2
10;45; IGARAPAVA    ;40;0.3
11;45; VOLTA GRANDE ;89;2.4
12;45; P. COLOMBIA  ;221;9.4
14;45; CACONDE      ;66;1.2
15;45; E. DA CUNHA  ;42;2.1
16;45; A.S.OLIVEIRA ;1;0.1
17;45; MARIMBONDO   ;507;55.7
18;45; A. VERMELHA  ;271;9.8
20;45; BATALHA      ;167;4.6
21;45; SERRA FACAO  ;105;0.9
24;45; EMBORCACAO   ;381;13.1
25;45; NOVA PONTE   ;367;2.2
26;45; MIRANDA      ;14;1.5
27;45; CAPIM BRANC1 ;2;0.6
28;45; CAPIM BRANC2 ;4;1.5
29;45; CORUMBA IV   ;107;3.1
30;45; CORUMBA I    ;306;5.8
31;45; ITUMBIARA    ;323;13.6
32;45; CACH.DOURADA ;57;1.6
33;45; SAO SIMAO    ;1020;26
34;45; I. SOLTEIRA  ;304;4.1
37;45; BARRA BONITA ;254;55.3
38;45; A.S. LIMA    ;69;7.9
39;45; IBITINGA     ;134;5.5
40;45; PROMISSAO    ;47;3.7
42;45; NAVANHANDAVA ;18;4.4
43;45; TRES IRMAOS  ;19;4.4
45;45; JUPIA        ;347;1.8
46;45; P. PRIMAVERA ;533;17.8
47;45; A.A. LAYDNER ;76;6.9
48;45; PIRAJU       ;2;0.1
49;45; CHAVANTES    ;42;0.8
50;45; L.N. GARCEZ  ;58;2.8
51;45; CANOAS II    ;5;0.2
52;45; CANOAS I     ;10;0.3
53;45; PARANAPANEMA ;0;0
57;45; MAUA         ;66;1
61;45; CAPIVARA     ;188;3.3
62;45; TAQUARUCU    ;38;0.3
63;45; ROSANA       ;88;2.1
66;45; ITAIPU       ;1077;17
71;45; STA CLARA PR ;30;0.4
72;45; FUNDAO       ;2;0
73;45; JORDAO       ;8;0
74;45; G.B. MUNHOZ  ;170;6.9
76;45; SEGREDO      ;39;0.1
77;45; SLT.SANTIAGO ;21;0.3
78;45; SALTO OSORIO ;8;0.1
82;45; SALTO CAXIAS ;52;1.1
83;45; BAIXO IGUACU ;21;1.2
86;45; BARRA GRANDE ;51;0.4
87;45; CANASTRA     ;2;0.5
88;45; SAO ROQUE    ;57;0.5
89;45; GARIBALDI    ;13;0.4
90;45; CAMPOS NOVOS ;7;0.1
91;45; MACHADINHO   ;29;0.2
92;45; ITA          ;52;1.6
93;45; PASSO FUNDO  ;6;0.3
94;45; MONJOLINHO   ;4;0.1
95;45; QUEBRA QUEIX ;20;0.1
97;45; CASTRO ALVES ;28;0.4
98;45; MONTE CLARO  ;9;0.9
99;45; 14 DE JULHO  ;1;0.5
101;45; SAO JOSE     ;57;0.5
102;45; PASSO S JOAO ;2;0
103;45; FOZ CHAPECO  ;41;0.8
107;45; EDGARD SOUZA ;61;-21.9
108;45; TRAICAO      ;0;0
109;45; PEDREIRA     ;0;0
110;45; ERNESTINA    ;8;0
111;45; PASSO REAL   ;66;0.3
112;45; JACUI        ;0;0
113;45; ITAUBA       ;3;0
114;45; D. FRANCISCA ;3;0
115;45; G.P. SOUZA   ;14;0.1
117;45; GUARAPIRANGA ;10;10.3
118;45; BILLINGS     ;13;7.9
119;45; HENRY BORDEN ;0;0
120;45; JAGUARI      ;20;5.2
121;45; PARAIBUNA    ;46;0.2
122;45; SANTA BRANCA ;7;0
123;45; FUNIL        ;97;9
124;45; LAJES        ;7;0
125;45; STA CECILIA  ;50;0.8
126;45; PICADA       ;30;0.1
127;45; SOBRAGI      ;24;0.8
129;45; SIMPLICIO    ;134;91.5
130;45; ILHA POMBOS  ;55;-89.2
131;45; NILO PECANHA ;0;0
133;45; P. PASSOS    ;0;0
134;45; SALTO GRANDE ;100;0.3
135;45; P. ESTRELA   ;0;0
139;45; CANDONGA     ;144;1.3
141;45; BAGUARI      ;142;3.9
143;45; AIMORES      ;61;2.9
144;45; MASCARENHAS  ;109;2.7
145;45; SUICA        ;9;0.1
146;45; FONTES C     ;0;5.5
147;45; FONTES AB    ;0;0
148;45; IRAPE        ;128;0.4
153;45; SAO DOMINGOS ;98;0.4
154;45; ITAPEBI      ;147;3.6
155;45; RETIRO BAIXO ;133;3.3
156;45; TRES MARIAS  ;756;8.4
162;45; QUEIMADO     ;65;1.4
169;45; SOBRADINHO   ;3837;89
172;45; ITAPARICA    ;0;77.7
173;45; MOXOTO       ;0;2.7
174;45; P.AFONSO 123 ;0;0.1
175;45; P.AFONSO 4   ;0;0
178;45; XINGO        ;0;0.4
180;45; TOCOS        ;15;0
181;45; SANTANA      ;7;0
182;45; VIGARIO      ;0;0
185;45; BARRA BRAUNA ;151;1.7
189;45; P. CAVALO    ;26;7.9
190;45; B. ESPERANCA ;833;1.9
192;45; GUILMAN-AMOR ;64;0.7
193;45; SA CARVALHO  ;1;0
195;45; JAURU        ;89;0.1
196;45; GUAPORE      ;38;0
203;45; CORUMBA III  ;34;0.5
204;45; CACH.CALDEIR ;1518;0
215;45; SALTO PILAO  ;33;0.2
217;45; ROSAL        ;41;0.2
225;45; SLT APIACAS  ;346;0.3
227;45; SINOP        ;1459;17.2
228;45; COLIDER      ;136;0
229;45; TELES PIRES  ;2418;12.3
230;45; SAO MANOEL   ;22;-10.5
241;45; SLT VERDINHO ;13;0
249;45; OURINHOS     ;2;0
251;45; SERRA MESA   ;919;21.1
252;45; CANA BRAVA   ;117;0.1
253;45; SAO SALVADOR ;115;0.2
257;45; PEIXE ANGIC  ;907;5.6
261;45; LAJEADO      ;950;2.6
262;45; SALTO        ;158;0.4
267;45; ESTREITO TOC ;2638;2.1
272;45; CURUA-UNA    ;245;0.1
275;45; TUCURUI      ;15546;49.7
276;45; RONDON II    ;113;0.3
277;45; BALBINA      ;1111;0
278;45; MANSO        ;178;0.2
279;45; SAMUEL       ;735;0.4
280;45; COARACY NUNE ;5;0
281;45; PONTE PEDRA  ;82;0.7
283;45; STA CLARA MG ;89;1.1
284;45; FERREIRA GOM ;12;0
285;45; JIRAU        ;34600;64.6
286;45; STO ANT JARI ;1737;0.9
287;45; STO ANTONIO  ;543;0
288;45; BELO MONTE   ;0;0
290;45; ESPORA       ;68;0.1
304;45; ITIQUIRA I   ;88;0.3
305;45; ITIQUIRA II  ;0;0
309;45; JURUENA      ;142;2.3
310;45; DARDANELOS   ;693;0.2
311;45; CACU         ;208;0.4
312;45; B. COQUEIROS ;9;0
314;45; PIMENTAL     ;18427;7.5
315;45; FOZ R. CLARO ;16;0.1
1;46; CAMARGOS     ;92;0.6
2;46; ITUTINGA     ;0;0
4;46; FUNIL-GRANDE ;175;3.8
6;46; FURNAS       ;523;11
7;46; M. DE MORAES ;146;1.1
8;46; ESTREITO     ;34;0.2
9;46; JAGUARA      ;14;0.2
10;46; IGARAPAVA    ;40;0.3
11;46; VOLTA GRANDE ;89;2.4
12;46; P. COLOMBIA  ;221;9.4
14;46; CACONDE      ;66;1.2
15;46; E. DA CUNHA  ;42;2.1
16;46; A.S.OLIVEIRA ;1;0.1
17;46; MARIMBONDO   ;507;55.7
18;46; A. VERMELHA  ;271;9.8
20;46; BATALHA      ;167;4.6
21;46; SERRA FACAO  ;105;0.9
24;46; EMBORCACAO   ;381;13.1
25;46; NOVA PONTE   ;367;2.2
26;46; MIRANDA      ;14;1.5
27;46; CAPIM BRANC1 ;2;0.6
28;46; CAPIM BRANC2 ;4;1.5
29;46; CORUMBA IV   ;107;3.1
30;46; CORUMBA I    ;306;5.8
31;46; ITUMBIARA    ;323;13.6
32;46; CACH.DOURADA ;57;1.6
33;46; SAO SIMAO    ;1020;26
34;46; I. SOLTEIRA  ;304;4.1
37;46; BARRA BONITA ;254;55.3
38;46; A.S. LIMA    ;69;7.9
39;46; IBITINGA     ;134;5.5
40;46; PROMISSAO    ;47;3.7
42;46; NAVANHANDAVA ;18;4.4
43;46; TRES IRMAOS  ;19;4.4
45;46; JUPIA        ;347;1.8
46;46; P. PRIMAVERA ;533;17.8
47;46; A.A. LAYDNER ;76;6.9
48;46; PIRAJU       ;2;0.1
49;46; CHAVANTES    ;42;0.8
50;46; L.N. GARCEZ  ;58;2.8
51;46; CANOAS II    ;5;0.2
52;46; CANOAS I     ;10;0.3
53;46; PARANAPANEMA ;0;0
57;46; MAUA         ;66;1
61;46; CAPIVARA     ;188;3.3
62;46; TAQUARUCU    ;38;0.3
63;46; ROSANA       ;88;2.1
66;46; ITAIPU       ;1077;17
71;46; STA CLARA PR ;30;0.4
72;46; FUNDAO       ;2;0
73;46; JORDAO       ;8;0
74;46; G.B. MUNHOZ  ;170;6.9
76;46; SEGREDO      ;39;0.1
77;46; SLT.SANTIAGO ;21;0.3
78;46; SALTO OSORIO ;8;0.1
82;46; SALTO CAXIAS ;52;1.1
83;46; BAIXO IGUACU ;21;1.2
86;46; BARRA GRANDE ;51;0.4
87;46; CANASTRA     ;2;0.5
88;46; SAO ROQUE    ;57;0.5
89;46; GARIBALDI    ;13;0.4
90;46; CAMPOS NOVOS ;7;0.1
91;46; MACHADINHO   ;29;0.2
92;46; ITA          ;52;1.6
93;46; PASSO FUNDO  ;6;0.3
94;46; MONJOLINHO   ;4;0.1
95;46; QUEBRA QUEIX ;20;0.1
97;46; CASTRO ALVES ;28;0.4
98;46; MONTE CLARO  ;9;0.9
99;46; 14 DE JULHO  ;1;0.5
101;46; SAO JOSE     ;57;0.5
102;46; PASSO S JOAO ;2;0
103;46; FOZ CHAPECO  ;41;0.8
107;46; EDGARD SOUZA ;61;-21.9
108;46; TRAICAO      ;0;0
109;46; PEDREIRA     ;0;0
110;46; ERNESTINA    ;8;0
111;46; PASSO REAL   ;66;0.3
112;46; JACUI        ;0;0
113;46; ITAUBA       ;3;0
114;46; D. FRANCISCA ;3;0
115;46; G.P. SOUZA   ;14;0.1
117;46; GUARAPIRANGA ;10;10.3
118;46; BILLINGS     ;13;7.9
119;46; HENRY BORDEN ;0;0
120;46; JAGUARI      ;20;5.2
121;46; PARAIBUNA    ;46;0.2
122;46; SANTA BRANCA ;7;0
123;46; FUNIL        ;97;9
124;46; LAJES        ;7;0
125;46; STA CECILIA  ;50;0.8
126;46; PICADA       ;30;0.1
127;46; SOBRAGI      ;24;0.8
129;46; SIMPLICIO    ;134;91.5
130;46; ILHA POMBOS  ;55;-89.2
131;46; NILO PECANHA ;0;0
133;46; P. PASSOS    ;0;0
134;46; SALTO GRANDE ;100;0.3
135;46; P. ESTRELA   ;0;0
139;46; CANDONGA     ;144;1.3
141;46; BAGUARI      ;142;3.9
143;46; AIMORES      ;61;2.9
144;46; MASCARENHAS  ;109;2.7
145;46; SUICA        ;9;0.1
146;46; FONTES C     ;0;5.5
147;46; FONTES AB    ;0;0
148;46; IRAPE        ;128;0.4
153;46; SAO DOMINGOS ;98;0.4
154;46; ITAPEBI      ;147;3.6
155;46; RETIRO BAIXO ;133;3.3
156;46; TRES MARIAS  ;756;8.4
162;46; QUEIMADO     ;65;1.4
169;46; SOBRADINHO   ;3837;89
172;46; ITAPARICA    ;0;77.7
173;46; MOXOTO       ;0;2.7
174;46; P.AFONSO 123 ;0;0.1
175;46; P.AFONSO 4   ;0;0
178;46; XINGO        ;0;0.4
180;46; TOCOS        ;15;0
181;46; SANTANA      ;7;0
182;46; VIGARIO      ;0;0
185;46; BARRA BRAUNA ;151;1.7
189;46; P. CAVALO    ;26;7.9
190;46; B. ESPERANCA ;833;1.9
192;46; GUILMAN-AMOR ;64;0.7
193;46; SA CARVALHO  ;1;0
195;46; JAURU        ;89;0.1
196;46; GUAPORE      ;38;0
203;46; CORUMBA III  ;34;0.5
204;46; CACH.CALDEIR ;1518;0
215;46; SALTO PILAO  ;33;0.2
217;46; ROSAL        ;41;0.2
225;46; SLT APIACAS  ;346;0.3
227;46; SINOP        ;1459;17.2
228;46; COLIDER      ;136;0
229;46; TELES PIRES  ;2418;12.3
230;46; SAO MANOEL   ;22;-10.5
241;46; SLT VERDINHO ;13;0
249;46; OURINHOS     ;2;0
251;46; SERRA MESA   ;919;21.1
252;46; CANA BRAVA   ;117;0.1
253;46; SAO SALVADOR ;115;0.2
257;46; PEIXE ANGIC  ;907;5.6
261;46; LAJEADO      ;950;2.6
262;46; SALTO        ;158;0.4
267;46; ESTREITO TOC ;2638;2.1
272;46; CURUA-UNA    ;245;0.1
275;46; TUCURUI      ;15546;49.7
276;46; RONDON II    ;113;0.3
277;46; BALBINA      ;1111;0
278;46; MANSO        ;178;0.2
279;46; SAMUEL       ;735;0.4
280;46; COARACY NUNE ;5;0
281;46; PONTE PEDRA  ;82;0.7
283;46; STA CLARA MG ;89;1.1
284;46; FERREIRA GOM ;12;0
285;46; JIRAU        ;34600;64.6
286;46; STO ANT JARI ;1737;0.9
287;46; STO ANTONIO  ;543;0
288;46; BELO MONTE   ;0;0
290;46; ESPORA       ;68;0.1
304;46; ITIQUIRA I   ;88;0.3
305;46; ITIQUIRA II  ;0;0
309;46; JURUENA      ;142;2.3
310;46; DARDANELOS   ;693;0.2
311;46; CACU         ;208;0.4
312;46; B. COQUEIROS ;9;0
314;46; PIMENTAL     ;18427;7.5
315;46; FOZ R. CLARO ;16;0.1
1;47; CAMARGOS     ;92;0.6
2;47; ITUTINGA     ;0;0
4;47; FUNIL-GRANDE ;175;3.8
6;47; FURNAS       ;523;11
7;47; M. DE MORAES ;146;1.1
8;47; ESTREITO     ;34;0.2
9;47; JAGUARA      ;14;0.2
10;47; IGARAPAVA    ;40;0.3
11;47; VOLTA GRANDE ;89;2.4
12;47; P. COLOMBIA  ;221;9.4
14;47; CACONDE      ;66;1.2
15;47; E. DA CUNHA  ;42;2.1
16;47; A.S.OLIVEIRA ;1;0.1
17;47; MARIMBONDO   ;507;55.7
18;47; A. VERMELHA  ;271;9.8
20;47; BATALHA      ;167;4.6
21;47; SERRA FACAO  ;105;0.9
24;47; EMBORCACAO   ;381;13.1
25;47; NOVA PONTE   ;367;2.2
26;47; MIRANDA      ;14;1.5
27;47; CAPIM BRANC1 ;2;0.6
28;47; CAPIM BRANC2 ;4;1.5
29;47; CORUMBA IV   ;107;3.1
30;47; CORUMBA I    ;306;5.8
31;47; ITUMBIARA    ;323;13.6
32;47; CACH.DOURADA ;57;1.6
33;47; SAO SIMAO    ;1020;26
34;47; I. SOLTEIRA  ;304;4.1
37;47; BARRA BONITA ;254;55.3
38;47; A.S. LIMA    ;69;7.9
39;47; IBITINGA     ;134;5.5
40;47; PROMISSAO    ;47;3.7
42;47; NAVANHANDAVA ;18;4.4
43;47; TRES IRMAOS  ;19;4.4
45;47; JUPIA        ;347;1.8
46;47; P. PRIMAVERA ;533;17.8
47;47; A.A. LAYDNER ;76;6.9
48;47; PIRAJU       ;2;0.1
49;47; CHAVANTES    ;42;0.8
50;47; L.N. GARCEZ  ;58;2.8
51;47; CANOAS II    ;5;0.2
52;47; CANOAS I     ;10;0.3
53;47; PARANAPANEMA ;0;0
57;47; MAUA         ;66;1
61;47; CAPIVARA     ;188;3.3
62;47; TAQUARUCU    ;38;0.3
63;47; ROSANA       ;88;2.1
66;47; ITAIPU       ;1077;17
71;47; STA CLARA PR ;30;0.4
72;47; FUNDAO       ;2;0
73;47; JORDAO       ;8;0
74;47; G.B. MUNHOZ  ;170;6.9
76;47; SEGREDO      ;39;0.1
77;47; SLT.SANTIAGO ;21;0.3
78;47; SALTO OSORIO ;8;0.1
82;47; SALTO CAXIAS ;52;1.1
83;47; BAIXO IGUACU ;21;1.2
86;47; BARRA GRANDE ;51;0.4
87;47; CANASTRA     ;2;0.5
88;47; SAO ROQUE    ;57;0.5
89;47; GARIBALDI    ;13;0.4
90;47; CAMPOS NOVOS ;7;0.1
91;47; MACHADINHO   ;29;0.2
92;47; ITA          ;52;1.6
93;47; PASSO FUNDO  ;6;0.3
94;47; MONJOLINHO   ;4;0.1
95;47; QUEBRA QUEIX ;20;0.1
97;47; CASTRO ALVES ;28;0.4
98;47; MONTE CLARO  ;9;0.9
99;47; 14 DE JULHO  ;1;0.5
101;47; SAO JOSE     ;57;0.5
102;47; PASSO S JOAO ;2;0
103;47; FOZ CHAPECO  ;41;0.8
107;47; EDGARD SOUZA ;61;-21.9
108;47; TRAICAO      ;0;0
109;47; PEDREIRA     ;0;0
110;47; ERNESTINA    ;8;0
111;47; PASSO REAL   ;66;0.3
112;47; JACUI        ;0;0
113;47; ITAUBA       ;3;0
114;47; D. FRANCISCA ;3;0
115;47; G.P. SOUZA   ;14;0.1
117;47; GUARAPIRANGA ;10;10.3
118;47; BILLINGS     ;13;7.9
119;47; HENRY BORDEN ;0;0
120;47; JAGUARI      ;20;5.2
121;47; PARAIBUNA    ;46;0.2
122;47; SANTA BRANCA ;7;0
123;47; FUNIL        ;97;9
124;47; LAJES        ;7;0
125;47; STA CECILIA  ;50;0.8
126;47; PICADA       ;30;0.1
127;47; SOBRAGI      ;24;0.8
129;47; SIMPLICIO    ;134;91.5
130;47; ILHA POMBOS  ;55;-89.2
131;47; NILO PECANHA ;0;0
133;47; P. PASSOS    ;0;0
134;47; SALTO GRANDE ;100;0.3
135;47; P. ESTRELA   ;0;0
139;47; CANDONGA     ;144;1.3
141;47; BAGUARI      ;142;3.9
143;47; AIMORES      ;61;2.9
144;47; MASCARENHAS  ;109;2.7
145;47; SUICA        ;9;0.1
146;47; FONTES C     ;0;5.5
147;47; FONTES AB    ;0;0
148;47; IRAPE        ;128;0.4
153;47; SAO DOMINGOS ;98;0.4
154;47; ITAPEBI      ;147;3.6
155;47; RETIRO BAIXO ;133;3.3
156;47; TRES MARIAS  ;756;8.4
162;47; QUEIMADO     ;65;1.4
169;47; SOBRADINHO   ;3837;89
172;47; ITAPARICA    ;0;77.7
173;47; MOXOTO       ;0;2.7
174;47; P.AFONSO 123 ;0;0.1
175;47; P.AFONSO 4   ;0;0
178;47; XINGO        ;0;0.4
180;47; TOCOS        ;15;0
181;47; SANTANA      ;7;0
182;47; VIGARIO      ;0;0
185;47; BARRA BRAUNA ;151;1.7
189;47; P. CAVALO    ;26;7.9
190;47; B. ESPERANCA ;833;1.9
192;47; GUILMAN-AMOR ;64;0.7
193;47; SA CARVALHO  ;1;0
195;47; JAURU        ;89;0.1
196;47; GUAPORE      ;38;0
203;47; CORUMBA III  ;34;0.5
204;47; CACH.CALDEIR ;1518;0
215;47; SALTO PILAO  ;33;0.2
217;47; ROSAL        ;41;0.2
225;47; SLT APIACAS  ;346;0.3
227;47; SINOP        ;1459;17.2
228;47; COLIDER      ;136;0
229;47; TELES PIRES  ;2418;12.3
230;47; SAO MANOEL   ;22;-10.5
241;47; SLT VERDINHO ;13;0
249;47; OURINHOS     ;2;0
251;47; SERRA MESA   ;919;21.1
252;47; CANA BRAVA   ;117;0.1
253;47; SAO SALVADOR ;115;0.2
257;47; PEIXE ANGIC  ;907;5.6
261;47; LAJEADO      ;950;2.6
262;47; SALTO        ;158;0.4
267;47; ESTREITO TOC ;2638;2.1
272;47; CURUA-UNA    ;245;0.1
275;47; TUCURUI      ;15546;49.7
276;47; RONDON II    ;113;0.3
277;47; BALBINA      ;1111;0
278;47; MANSO        ;178;0.2
279;47; SAMUEL       ;735;0.4
280;47; COARACY NUNE ;5;0
281;47; PONTE PEDRA  ;82;0.7
283;47; STA CLARA MG ;89;1.1
284;47; FERREIRA GOM ;12;0
285;47; JIRAU        ;34600;64.6
286;47; STO ANT JARI ;1737;0.9
287;47; STO ANTONIO  ;543;0
288;47; BELO MONTE   ;0;0
290;47; ESPORA       ;68;0.1
304;47; ITIQUIRA I   ;88;0.3
305;47; ITIQUIRA II  ;0;0
309;47; JURUENA      ;142;2.3
310;47; DARDANELOS   ;693;0.2
311;47; CACU         ;208;0.4
312;47; B. COQUEIROS ;9;0
314;47; PIMENTAL     ;18427;7.5
315;47; FOZ R. CLARO ;16;0.1
1;48; CAMARGOS     ;92;0.6
2;48; ITUTINGA     ;0;0
4;48; FUNIL-GRANDE ;175;3.8
6;48; FURNAS       ;523;11
7;48; M. DE MORAES ;146;1.1
8;48; ESTREITO     ;34;0.2
9;48; JAGUARA      ;14;0.2
10;48; IGARAPAVA    ;40;0.3
11;48; VOLTA GRANDE ;89;2.4
12;48; P. COLOMBIA  ;221;9.4
14;48; CACONDE      ;66;1.2
15;48; E. DA CUNHA  ;42;2.1
16;48; A.S.OLIVEIRA ;1;0.1
17;48; MARIMBONDO   ;507;55.7
18;48; A. VERMELHA  ;271;9.8
20;48; BATALHA      ;167;4.6
21;48; SERRA FACAO  ;105;0.9
24;48; EMBORCACAO   ;381;13.1
25;48; NOVA PONTE   ;367;2.2
26;48; MIRANDA      ;14;1.5
27;48; CAPIM BRANC1 ;2;0.6
28;48; CAPIM BRANC2 ;4;1.5
29;48; CORUMBA IV   ;107;3.1
30;48; CORUMBA I    ;306;5.8
31;48; ITUMBIARA    ;323;13.6
32;48; CACH.DOURADA ;57;1.6
33;48; SAO SIMAO    ;1020;26
34;48; I. SOLTEIRA  ;304;4.1
37;48; BARRA BONITA ;254;55.3
38;48; A.S. LIMA    ;69;7.9
39;48; IBITINGA     ;134;5.5
40;48; PROMISSAO    ;47;3.7
42;48; NAVANHANDAVA ;18;4.4
43;48; TRES IRMAOS  ;19;4.4
45;48; JUPIA        ;347;1.8
46;48; P. PRIMAVERA ;533;17.8
47;48; A.A. LAYDNER ;76;6.9
48;48; PIRAJU       ;2;0.1
49;48; CHAVANTES    ;42;0.8
50;48; L.N. GARCEZ  ;58;2.8
51;48; CANOAS II    ;5;0.2
52;48; CANOAS I     ;10;0.3
53;48; PARANAPANEMA ;0;0
57;48; MAUA         ;66;1
61;48; CAPIVARA     ;188;3.3
62;48; TAQUARUCU    ;38;0.3
63;48; ROSANA       ;88;2.1
66;48; ITAIPU       ;1077;17
71;48; STA CLARA PR ;30;0.4
72;48; FUNDAO       ;2;0
73;48; JORDAO       ;8;0
74;48; G.B. MUNHOZ  ;170;6.9
76;48; SEGREDO      ;39;0.1
77;48; SLT.SANTIAGO ;21;0.3
78;48; SALTO OSORIO ;8;0.1
82;48; SALTO CAXIAS ;52;1.1
83;48; BAIXO IGUACU ;21;1.2
86;48; BARRA GRANDE ;51;0.4
87;48; CANASTRA     ;2;0.5
88;48; SAO ROQUE    ;57;0.5
89;48; GARIBALDI    ;13;0.4
90;48; CAMPOS NOVOS ;7;0.1
91;48; MACHADINHO   ;29;0.2
92;48; ITA          ;52;1.6
93;48; PASSO FUNDO  ;6;0.3
94;48; MONJOLINHO   ;4;0.1
95;48; QUEBRA QUEIX ;20;0.1
97;48; CASTRO ALVES ;28;0.4
98;48; MONTE CLARO  ;9;0.9
99;48; 14 DE JULHO  ;1;0.5
101;48; SAO JOSE     ;57;0.5
102;48; PASSO S JOAO ;2;0
103;48; FOZ CHAPECO  ;41;0.8
107;48; EDGARD SOUZA ;61;-21.9
108;48; TRAICAO      ;0;0
109;48; PEDREIRA     ;0;0
110;48; ERNESTINA    ;8;0
111;48; PASSO REAL   ;66;0.3
112;48; JACUI        ;0;0
113;48; ITAUBA       ;3;0
114;48; D. FRANCISCA ;3;0
115;48; G.P. SOUZA   ;14;0.1
117;48; GUARAPIRANGA ;10;10.3
118;48; BILLINGS     ;13;7.9
119;48; HENRY BORDEN ;0;0
120;48; JAGUARI      ;20;5.2
121;48; PARAIBUNA    ;46;0.2
122;48; SANTA BRANCA ;7;0
123;48; FUNIL        ;97;9
124;48; LAJES        ;7;0
125;48; STA CECILIA  ;50;0.8
126;48; PICADA       ;30;0.1
127;48; SOBRAGI      ;24;0.8
129;48; SIMPLICIO    ;134;91.5
130;48; ILHA POMBOS  ;55;-89.2
131;48; NILO PECANHA ;0;0
133;48; P. PASSOS    ;0;0
134;48; SALTO GRANDE ;100;0.3
135;48; P. ESTRELA   ;0;0
139;48; CANDONGA     ;144;1.3
141;48; BAGUARI      ;142;3.9
143;48; AIMORES      ;61;2.9
144;48; MASCARENHAS  ;109;2.7
145;48; SUICA        ;9;0.1
146;48; FONTES C     ;0;5.5
147;48; FONTES AB    ;0;0
148;48; IRAPE        ;128;0.4
153;48; SAO DOMINGOS ;98;0.4
154;48; ITAPEBI      ;147;3.6
155;48; RETIRO BAIXO ;133;3.3
156;48; TRES MARIAS  ;756;8.4
162;48; QUEIMADO     ;65;1.4
169;48; SOBRADINHO   ;3837;89
172;48; ITAPARICA    ;0;77.7
173;48; MOXOTO       ;0;2.7
174;48; P.AFONSO 123 ;0;0.1
175;48; P.AFONSO 4   ;0;0
178;48; XINGO        ;0;0.4
180;48; TOCOS        ;15;0
181;48; SANTANA      ;7;0
182;48; VIGARIO      ;0;0
185;48; BARRA BRAUNA ;151;1.7
189;48; P. CAVALO    ;26;7.9
190;48; B. ESPERANCA ;833;1.9
192;48; GUILMAN-AMOR ;64;0.7
193;48; SA CARVALHO  ;1;0
195;48; JAURU        ;89;0.1
196;48; GUAPORE      ;38;0
203;48; CORUMBA III  ;34;0.5
204;48; CACH.CALDEIR ;1518;0
215;48; SALTO PILAO  ;33;0.2
217;48; ROSAL        ;41;0.2
225;48; SLT APIACAS  ;346;0.3
227;48; SINOP        ;1459;17.2
228;48; COLIDER      ;136;0
229;48; TELES PIRES  ;2418;12.3
230;48; SAO MANOEL   ;22;-10.5
241;48; SLT VERDINHO ;13;0
249;48; OURINHOS     ;2;0
251;48; SERRA MESA   ;919;21.1
252;48; CANA BRAVA   ;117;0.1
253;48; SAO SALVADOR ;115;0.2
257;48; PEIXE ANGIC  ;907;5.6
261;48; LAJEADO      ;950;2.6
262;48; SALTO        ;158;0.4
267;48; ESTREITO TOC ;2638;2.1
272;48; CURUA-UNA    ;245;0.1
275;48; TUCURUI      ;15546;49.7
276;48; RONDON II    ;113;0.3
277;48; BALBINA      ;1111;0
278;48; MANSO        ;178;0.2
279;48; SAMUEL       ;735;0.4
280;48; COARACY NUNE ;5;0
281;48; PONTE PEDRA  ;82;0.7
283;48; STA CLARA MG ;89;1.1
284;48; FERREIRA GOM ;12;0
285;48; JIRAU        ;34600;64.6
286;48; STO ANT JARI ;1737;0.9
287;48; STO ANTONIO  ;543;0
288;48; BELO MONTE   ;0;0
290;48; ESPORA       ;68;0.1
304;48; ITIQUIRA I   ;88;0.3
305;48; ITIQUIRA II  ;0;0
309;48; JURUENA      ;142;2.3
310;48; DARDANELOS   ;693;0.2
311;48; CACU         ;208;0.4
312;48; B. COQUEIROS ;9;0
314;48; PIMENTAL     ;18427;7.5
315;48; FOZ R. CLARO ;16;0.1
