Codigo;Periodo;Nome;Afluencia;Retirada
1;1; CAMARGOS     ;101;0.6
1;2; CAMARGOS     ;101;0.6
1;3; CAMARGOS     ;101;0.6
1;4; CAMARGOS     ;101;0.6
1;5; CAMARGOS     ;101;0.6
1;6; CAMARGOS     ;101;0.6
1;7; CAMARGOS     ;101;0.6
1;8; CAMARGOS     ;101;0.6
1;9; CAMARGOS     ;101;0.6
1;10; CAMARGOS     ;101;0.6
1;11; CAMARGOS     ;101;0.6
1;12; CAMARGOS     ;101;0.6
1;13; CAMARGOS     ;101;0.6
1;14; CAMARGOS     ;101;0.6
1;15; CAMARGOS     ;101;0.6
1;16; CAMARGOS     ;101;0.6
1;17; CAMARGOS     ;101;0.6
1;18; CAMARGOS     ;101;0.6
1;19; CAMARGOS     ;101;0.6
1;20; CAMARGOS     ;101;0.6
1;21; CAMARGOS     ;101;0.6
1;22; CAMARGOS     ;101;0.6
1;23; CAMARGOS     ;101;0.6
1;24; CAMARGOS     ;101;0.6
1;25; CAMARGOS     ;101;0.6
1;26; CAMARGOS     ;101;0.6
1;27; CAMARGOS     ;101;0.6
1;28; CAMARGOS     ;101;0.6
1;29; CAMARGOS     ;101;0.6
1;30; CAMARGOS     ;101;0.6
1;31; CAMARGOS     ;101;0.6
1;32; CAMARGOS     ;101;0.6
1;33; CAMARGOS     ;101;0.6
1;34; CAMARGOS     ;101;0.6
1;35; CAMARGOS     ;101;0.6
1;36; CAMARGOS     ;101;0.6
1;37; CAMARGOS     ;101;0.6
1;38; CAMARGOS     ;101;0.6
1;39; CAMARGOS     ;101;0.6
1;40; CAMARGOS     ;101;0.6
1;41; CAMARGOS     ;101;0.6
1;42; CAMARGOS     ;101;0.6
1;43; CAMARGOS     ;101;0.6
1;44; CAMARGOS     ;101;0.6
1;45; CAMARGOS     ;101;0.6
1;46; CAMARGOS     ;101;0.6
1;47; CAMARGOS     ;101;0.6
1;48; CAMARGOS     ;101;0.6
1;49; CAMARGOS     ;96;0.6
1;50; CAMARGOS     ;96;0.6
1;51; CAMARGOS     ;96;0.6
1;52; CAMARGOS     ;96;0.6
1;53; CAMARGOS     ;96;0.6
1;54; CAMARGOS     ;91;0.6
1;55; CAMARGOS     ;91;0.6
1;56; CAMARGOS     ;91;0.6
1;57; CAMARGOS     ;91;0.6
1;58; CAMARGOS     ;91;0.6
1;59; CAMARGOS     ;88;0.6
1;60; CAMARGOS     ;88;0.6
1;61; CAMARGOS     ;88;0.6
1;62; CAMARGOS     ;88;0.6
1;63; CAMARGOS     ;88;0.6
1;64; CAMARGOS     ;85;0.6
1;65; CAMARGOS     ;85;0.6
2;1; ITUTINGA     ;0;0
2;2; ITUTINGA     ;0;0
2;3; ITUTINGA     ;0;0
2;4; ITUTINGA     ;0;0
2;5; ITUTINGA     ;0;0
2;6; ITUTINGA     ;0;0
2;7; ITUTINGA     ;0;0
2;8; ITUTINGA     ;0;0
2;9; ITUTINGA     ;0;0
2;10; ITUTINGA     ;0;0
2;11; ITUTINGA     ;0;0
2;12; ITUTINGA     ;0;0
2;13; ITUTINGA     ;0;0
2;14; ITUTINGA     ;0;0
2;15; ITUTINGA     ;0;0
2;16; ITUTINGA     ;0;0
2;17; ITUTINGA     ;0;0
2;18; ITUTINGA     ;0;0
2;19; ITUTINGA     ;0;0
2;20; ITUTINGA     ;0;0
2;21; ITUTINGA     ;0;0
2;22; ITUTINGA     ;0;0
2;23; ITUTINGA     ;0;0
2;24; ITUTINGA     ;0;0
2;25; ITUTINGA     ;0;0
2;26; ITUTINGA     ;0;0
2;27; ITUTINGA     ;0;0
2;28; ITUTINGA     ;0;0
2;29; ITUTINGA     ;0;0
2;30; ITUTINGA     ;0;0
2;31; ITUTINGA     ;0;0
2;32; ITUTINGA     ;0;0
2;33; ITUTINGA     ;0;0
2;34; ITUTINGA     ;0;0
2;35; ITUTINGA     ;0;0
2;36; ITUTINGA     ;0;0
2;37; ITUTINGA     ;0;0
2;38; ITUTINGA     ;0;0
2;39; ITUTINGA     ;0;0
2;40; ITUTINGA     ;0;0
2;41; ITUTINGA     ;0;0
2;42; ITUTINGA     ;0;0
2;43; ITUTINGA     ;0;0
2;44; ITUTINGA     ;0;0
2;45; ITUTINGA     ;0;0
2;46; ITUTINGA     ;0;0
2;47; ITUTINGA     ;0;0
2;48; ITUTINGA     ;0;0
2;49; ITUTINGA     ;0;0
2;50; ITUTINGA     ;0;0
2;51; ITUTINGA     ;0;0
2;52; ITUTINGA     ;0;0
2;53; ITUTINGA     ;0;0
2;54; ITUTINGA     ;0;0
2;55; ITUTINGA     ;0;0
2;56; ITUTINGA     ;0;0
2;57; ITUTINGA     ;0;0
2;58; ITUTINGA     ;0;0
2;59; ITUTINGA     ;0;0
2;60; ITUTINGA     ;0;0
2;61; ITUTINGA     ;0;0
2;62; ITUTINGA     ;0;0
2;63; ITUTINGA     ;0;0
2;64; ITUTINGA     ;0;0
2;65; ITUTINGA     ;0;0
4;1; FUNIL-GRANDE ;178;3.8
4;2; FUNIL-GRANDE ;178;3.8
4;3; FUNIL-GRANDE ;178;3.8
4;4; FUNIL-GRANDE ;178;3.8
4;5; FUNIL-GRANDE ;178;3.8
4;6; FUNIL-GRANDE ;178;3.8
4;7; FUNIL-GRANDE ;178;3.8
4;8; FUNIL-GRANDE ;178;3.8
4;9; FUNIL-GRANDE ;178;3.8
4;10; FUNIL-GRANDE ;178;3.8
4;11; FUNIL-GRANDE ;178;3.8
4;12; FUNIL-GRANDE ;178;3.8
4;13; FUNIL-GRANDE ;178;3.8
4;14; FUNIL-GRANDE ;178;3.8
4;15; FUNIL-GRANDE ;178;3.8
4;16; FUNIL-GRANDE ;178;3.8
4;17; FUNIL-GRANDE ;178;3.8
4;18; FUNIL-GRANDE ;178;3.8
4;19; FUNIL-GRANDE ;178;3.8
4;20; FUNIL-GRANDE ;178;3.8
4;21; FUNIL-GRANDE ;178;3.8
4;22; FUNIL-GRANDE ;178;3.8
4;23; FUNIL-GRANDE ;178;3.8
4;24; FUNIL-GRANDE ;178;3.8
4;25; FUNIL-GRANDE ;178;3.8
4;26; FUNIL-GRANDE ;178;3.8
4;27; FUNIL-GRANDE ;178;3.8
4;28; FUNIL-GRANDE ;178;3.8
4;29; FUNIL-GRANDE ;178;3.8
4;30; FUNIL-GRANDE ;178;3.8
4;31; FUNIL-GRANDE ;178;3.8
4;32; FUNIL-GRANDE ;178;3.8
4;33; FUNIL-GRANDE ;178;3.8
4;34; FUNIL-GRANDE ;178;3.8
4;35; FUNIL-GRANDE ;178;3.8
4;36; FUNIL-GRANDE ;178;3.8
4;37; FUNIL-GRANDE ;178;3.8
4;38; FUNIL-GRANDE ;178;3.8
4;39; FUNIL-GRANDE ;178;3.8
4;40; FUNIL-GRANDE ;178;3.8
4;41; FUNIL-GRANDE ;178;3.8
4;42; FUNIL-GRANDE ;178;3.8
4;43; FUNIL-GRANDE ;178;3.8
4;44; FUNIL-GRANDE ;178;3.8
4;45; FUNIL-GRANDE ;178;3.8
4;46; FUNIL-GRANDE ;178;3.8
4;47; FUNIL-GRANDE ;178;3.8
4;48; FUNIL-GRANDE ;178;3.8
4;49; FUNIL-GRANDE ;166;3.8
4;50; FUNIL-GRANDE ;166;3.8
4;51; FUNIL-GRANDE ;166;3.8
4;52; FUNIL-GRANDE ;166;3.8
4;53; FUNIL-GRANDE ;166;3.8
4;54; FUNIL-GRANDE ;157;3.8
4;55; FUNIL-GRANDE ;157;3.8
4;56; FUNIL-GRANDE ;157;3.8
4;57; FUNIL-GRANDE ;157;3.8
4;58; FUNIL-GRANDE ;157;3.8
4;59; FUNIL-GRANDE ;151;3.8
4;60; FUNIL-GRANDE ;151;3.8
4;61; FUNIL-GRANDE ;151;3.8
4;62; FUNIL-GRANDE ;151;3.8
4;63; FUNIL-GRANDE ;151;3.8
4;64; FUNIL-GRANDE ;146;3.8
4;65; FUNIL-GRANDE ;146;3.8
6;1; FURNAS       ;518;11
6;2; FURNAS       ;518;11
6;3; FURNAS       ;518;11
6;4; FURNAS       ;518;11
6;5; FURNAS       ;518;11
6;6; FURNAS       ;518;11
6;7; FURNAS       ;518;11
6;8; FURNAS       ;518;11
6;9; FURNAS       ;518;11
6;10; FURNAS       ;518;11
6;11; FURNAS       ;518;11
6;12; FURNAS       ;518;11
6;13; FURNAS       ;518;11
6;14; FURNAS       ;518;11
6;15; FURNAS       ;518;11
6;16; FURNAS       ;518;11
6;17; FURNAS       ;518;11
6;18; FURNAS       ;518;11
6;19; FURNAS       ;518;11
6;20; FURNAS       ;518;11
6;21; FURNAS       ;518;11
6;22; FURNAS       ;518;11
6;23; FURNAS       ;518;11
6;24; FURNAS       ;518;11
6;25; FURNAS       ;518;11
6;26; FURNAS       ;518;11
6;27; FURNAS       ;518;11
6;28; FURNAS       ;518;11
6;29; FURNAS       ;518;11
6;30; FURNAS       ;518;11
6;31; FURNAS       ;518;11
6;32; FURNAS       ;518;11
6;33; FURNAS       ;518;11
6;34; FURNAS       ;518;11
6;35; FURNAS       ;518;11
6;36; FURNAS       ;518;11
6;37; FURNAS       ;518;11
6;38; FURNAS       ;518;11
6;39; FURNAS       ;518;11
6;40; FURNAS       ;518;11
6;41; FURNAS       ;518;11
6;42; FURNAS       ;518;11
6;43; FURNAS       ;518;11
6;44; FURNAS       ;518;11
6;45; FURNAS       ;518;11
6;46; FURNAS       ;518;11
6;47; FURNAS       ;518;11
6;48; FURNAS       ;518;11
6;49; FURNAS       ;494;11
6;50; FURNAS       ;494;11
6;51; FURNAS       ;494;11
6;52; FURNAS       ;494;11
6;53; FURNAS       ;494;11
6;54; FURNAS       ;472;11
6;55; FURNAS       ;472;11
6;56; FURNAS       ;472;11
6;57; FURNAS       ;472;11
6;58; FURNAS       ;472;11
6;59; FURNAS       ;457;11
6;60; FURNAS       ;457;11
6;61; FURNAS       ;457;11
6;62; FURNAS       ;457;11
6;63; FURNAS       ;457;11
6;64; FURNAS       ;448;11
6;65; FURNAS       ;448;11
7;1; M. DE MORAES ;188;1.1
7;2; M. DE MORAES ;188;1.1
7;3; M. DE MORAES ;188;1.1
7;4; M. DE MORAES ;188;1.1
7;5; M. DE MORAES ;188;1.1
7;6; M. DE MORAES ;188;1.1
7;7; M. DE MORAES ;188;1.1
7;8; M. DE MORAES ;188;1.1
7;9; M. DE MORAES ;188;1.1
7;10; M. DE MORAES ;188;1.1
7;11; M. DE MORAES ;188;1.1
7;12; M. DE MORAES ;188;1.1
7;13; M. DE MORAES ;188;1.1
7;14; M. DE MORAES ;188;1.1
7;15; M. DE MORAES ;188;1.1
7;16; M. DE MORAES ;188;1.1
7;17; M. DE MORAES ;188;1.1
7;18; M. DE MORAES ;188;1.1
7;19; M. DE MORAES ;188;1.1
7;20; M. DE MORAES ;188;1.1
7;21; M. DE MORAES ;188;1.1
7;22; M. DE MORAES ;188;1.1
7;23; M. DE MORAES ;188;1.1
7;24; M. DE MORAES ;188;1.1
7;25; M. DE MORAES ;188;1.1
7;26; M. DE MORAES ;188;1.1
7;27; M. DE MORAES ;188;1.1
7;28; M. DE MORAES ;188;1.1
7;29; M. DE MORAES ;188;1.1
7;30; M. DE MORAES ;188;1.1
7;31; M. DE MORAES ;188;1.1
7;32; M. DE MORAES ;188;1.1
7;33; M. DE MORAES ;188;1.1
7;34; M. DE MORAES ;188;1.1
7;35; M. DE MORAES ;188;1.1
7;36; M. DE MORAES ;188;1.1
7;37; M. DE MORAES ;188;1.1
7;38; M. DE MORAES ;188;1.1
7;39; M. DE MORAES ;188;1.1
7;40; M. DE MORAES ;188;1.1
7;41; M. DE MORAES ;188;1.1
7;42; M. DE MORAES ;188;1.1
7;43; M. DE MORAES ;188;1.1
7;44; M. DE MORAES ;188;1.1
7;45; M. DE MORAES ;188;1.1
7;46; M. DE MORAES ;188;1.1
7;47; M. DE MORAES ;188;1.1
7;48; M. DE MORAES ;188;1.1
7;49; M. DE MORAES ;180;1.1
7;50; M. DE MORAES ;180;1.1
7;51; M. DE MORAES ;180;1.1
7;52; M. DE MORAES ;180;1.1
7;53; M. DE MORAES ;180;1.1
7;54; M. DE MORAES ;173;1.1
7;55; M. DE MORAES ;173;1.1
7;56; M. DE MORAES ;173;1.1
7;57; M. DE MORAES ;173;1.1
7;58; M. DE MORAES ;173;1.1
7;59; M. DE MORAES ;168;1.1
7;60; M. DE MORAES ;168;1.1
7;61; M. DE MORAES ;168;1.1
7;62; M. DE MORAES ;168;1.1
7;63; M. DE MORAES ;168;1.1
7;64; M. DE MORAES ;163;1.1
7;65; M. DE MORAES ;163;1.1
8;1; ESTREITO     ;43;0.2
8;2; ESTREITO     ;43;0.2
8;3; ESTREITO     ;43;0.2
8;4; ESTREITO     ;43;0.2
8;5; ESTREITO     ;43;0.2
8;6; ESTREITO     ;43;0.2
8;7; ESTREITO     ;43;0.2
8;8; ESTREITO     ;43;0.2
8;9; ESTREITO     ;43;0.2
8;10; ESTREITO     ;43;0.2
8;11; ESTREITO     ;43;0.2
8;12; ESTREITO     ;43;0.2
8;13; ESTREITO     ;43;0.2
8;14; ESTREITO     ;43;0.2
8;15; ESTREITO     ;43;0.2
8;16; ESTREITO     ;43;0.2
8;17; ESTREITO     ;43;0.2
8;18; ESTREITO     ;43;0.2
8;19; ESTREITO     ;43;0.2
8;20; ESTREITO     ;43;0.2
8;21; ESTREITO     ;43;0.2
8;22; ESTREITO     ;43;0.2
8;23; ESTREITO     ;43;0.2
8;24; ESTREITO     ;43;0.2
8;25; ESTREITO     ;43;0.2
8;26; ESTREITO     ;43;0.2
8;27; ESTREITO     ;43;0.2
8;28; ESTREITO     ;43;0.2
8;29; ESTREITO     ;43;0.2
8;30; ESTREITO     ;43;0.2
8;31; ESTREITO     ;43;0.2
8;32; ESTREITO     ;43;0.2
8;33; ESTREITO     ;43;0.2
8;34; ESTREITO     ;43;0.2
8;35; ESTREITO     ;43;0.2
8;36; ESTREITO     ;43;0.2
8;37; ESTREITO     ;43;0.2
8;38; ESTREITO     ;43;0.2
8;39; ESTREITO     ;43;0.2
8;40; ESTREITO     ;43;0.2
8;41; ESTREITO     ;43;0.2
8;42; ESTREITO     ;43;0.2
8;43; ESTREITO     ;43;0.2
8;44; ESTREITO     ;43;0.2
8;45; ESTREITO     ;43;0.2
8;46; ESTREITO     ;43;0.2
8;47; ESTREITO     ;43;0.2
8;48; ESTREITO     ;43;0.2
8;49; ESTREITO     ;42;0.2
8;50; ESTREITO     ;42;0.2
8;51; ESTREITO     ;42;0.2
8;52; ESTREITO     ;42;0.2
8;53; ESTREITO     ;42;0.2
8;54; ESTREITO     ;40;0.2
8;55; ESTREITO     ;40;0.2
8;56; ESTREITO     ;40;0.2
8;57; ESTREITO     ;40;0.2
8;58; ESTREITO     ;40;0.2
8;59; ESTREITO     ;39;0.2
8;60; ESTREITO     ;39;0.2
8;61; ESTREITO     ;39;0.2
8;62; ESTREITO     ;39;0.2
8;63; ESTREITO     ;39;0.2
8;64; ESTREITO     ;38;0.2
8;65; ESTREITO     ;38;0.2
9;1; JAGUARA      ;18;0.2
9;2; JAGUARA      ;18;0.2
9;3; JAGUARA      ;18;0.2
9;4; JAGUARA      ;18;0.2
9;5; JAGUARA      ;18;0.2
9;6; JAGUARA      ;18;0.2
9;7; JAGUARA      ;18;0.2
9;8; JAGUARA      ;18;0.2
9;9; JAGUARA      ;18;0.2
9;10; JAGUARA      ;18;0.2
9;11; JAGUARA      ;18;0.2
9;12; JAGUARA      ;18;0.2
9;13; JAGUARA      ;18;0.2
9;14; JAGUARA      ;18;0.2
9;15; JAGUARA      ;18;0.2
9;16; JAGUARA      ;18;0.2
9;17; JAGUARA      ;18;0.2
9;18; JAGUARA      ;18;0.2
9;19; JAGUARA      ;18;0.2
9;20; JAGUARA      ;18;0.2
9;21; JAGUARA      ;18;0.2
9;22; JAGUARA      ;18;0.2
9;23; JAGUARA      ;18;0.2
9;24; JAGUARA      ;18;0.2
9;25; JAGUARA      ;18;0.2
9;26; JAGUARA      ;18;0.2
9;27; JAGUARA      ;18;0.2
9;28; JAGUARA      ;18;0.2
9;29; JAGUARA      ;18;0.2
9;30; JAGUARA      ;18;0.2
9;31; JAGUARA      ;18;0.2
9;32; JAGUARA      ;18;0.2
9;33; JAGUARA      ;18;0.2
9;34; JAGUARA      ;18;0.2
9;35; JAGUARA      ;18;0.2
9;36; JAGUARA      ;18;0.2
9;37; JAGUARA      ;18;0.2
9;38; JAGUARA      ;18;0.2
9;39; JAGUARA      ;18;0.2
9;40; JAGUARA      ;18;0.2
9;41; JAGUARA      ;18;0.2
9;42; JAGUARA      ;18;0.2
9;43; JAGUARA      ;18;0.2
9;44; JAGUARA      ;18;0.2
9;45; JAGUARA      ;18;0.2
9;46; JAGUARA      ;18;0.2
9;47; JAGUARA      ;18;0.2
9;48; JAGUARA      ;18;0.2
9;49; JAGUARA      ;17;0.2
9;50; JAGUARA      ;17;0.2
9;51; JAGUARA      ;17;0.2
9;52; JAGUARA      ;17;0.2
9;53; JAGUARA      ;17;0.2
9;54; JAGUARA      ;17;0.2
9;55; JAGUARA      ;17;0.2
9;56; JAGUARA      ;17;0.2
9;57; JAGUARA      ;17;0.2
9;58; JAGUARA      ;17;0.2
9;59; JAGUARA      ;16;0.2
9;60; JAGUARA      ;16;0.2
9;61; JAGUARA      ;16;0.2
9;62; JAGUARA      ;16;0.2
9;63; JAGUARA      ;16;0.2
9;64; JAGUARA      ;16;0.2
9;65; JAGUARA      ;16;0.2
10;1; IGARAPAVA    ;51;0.3
10;2; IGARAPAVA    ;51;0.3
10;3; IGARAPAVA    ;51;0.3
10;4; IGARAPAVA    ;51;0.3
10;5; IGARAPAVA    ;51;0.3
10;6; IGARAPAVA    ;51;0.3
10;7; IGARAPAVA    ;51;0.3
10;8; IGARAPAVA    ;51;0.3
10;9; IGARAPAVA    ;51;0.3
10;10; IGARAPAVA    ;51;0.3
10;11; IGARAPAVA    ;51;0.3
10;12; IGARAPAVA    ;51;0.3
10;13; IGARAPAVA    ;51;0.3
10;14; IGARAPAVA    ;51;0.3
10;15; IGARAPAVA    ;51;0.3
10;16; IGARAPAVA    ;51;0.3
10;17; IGARAPAVA    ;51;0.3
10;18; IGARAPAVA    ;51;0.3
10;19; IGARAPAVA    ;51;0.3
10;20; IGARAPAVA    ;51;0.3
10;21; IGARAPAVA    ;51;0.3
10;22; IGARAPAVA    ;51;0.3
10;23; IGARAPAVA    ;51;0.3
10;24; IGARAPAVA    ;51;0.3
10;25; IGARAPAVA    ;51;0.3
10;26; IGARAPAVA    ;51;0.3
10;27; IGARAPAVA    ;51;0.3
10;28; IGARAPAVA    ;51;0.3
10;29; IGARAPAVA    ;51;0.3
10;30; IGARAPAVA    ;51;0.3
10;31; IGARAPAVA    ;51;0.3
10;32; IGARAPAVA    ;51;0.3
10;33; IGARAPAVA    ;51;0.3
10;34; IGARAPAVA    ;51;0.3
10;35; IGARAPAVA    ;51;0.3
10;36; IGARAPAVA    ;51;0.3
10;37; IGARAPAVA    ;51;0.3
10;38; IGARAPAVA    ;51;0.3
10;39; IGARAPAVA    ;51;0.3
10;40; IGARAPAVA    ;51;0.3
10;41; IGARAPAVA    ;51;0.3
10;42; IGARAPAVA    ;51;0.3
10;43; IGARAPAVA    ;51;0.3
10;44; IGARAPAVA    ;51;0.3
10;45; IGARAPAVA    ;51;0.3
10;46; IGARAPAVA    ;51;0.3
10;47; IGARAPAVA    ;51;0.3
10;48; IGARAPAVA    ;51;0.3
10;49; IGARAPAVA    ;49;0.3
10;50; IGARAPAVA    ;49;0.3
10;51; IGARAPAVA    ;49;0.3
10;52; IGARAPAVA    ;49;0.3
10;53; IGARAPAVA    ;49;0.3
10;54; IGARAPAVA    ;47;0.3
10;55; IGARAPAVA    ;47;0.3
10;56; IGARAPAVA    ;47;0.3
10;57; IGARAPAVA    ;47;0.3
10;58; IGARAPAVA    ;47;0.3
10;59; IGARAPAVA    ;46;0.3
10;60; IGARAPAVA    ;46;0.3
10;61; IGARAPAVA    ;46;0.3
10;62; IGARAPAVA    ;46;0.3
10;63; IGARAPAVA    ;46;0.3
10;64; IGARAPAVA    ;45;0.3
10;65; IGARAPAVA    ;45;0.3
11;1; VOLTA GRANDE ;115;2.4
11;2; VOLTA GRANDE ;115;2.4
11;3; VOLTA GRANDE ;115;2.4
11;4; VOLTA GRANDE ;115;2.4
11;5; VOLTA GRANDE ;115;2.4
11;6; VOLTA GRANDE ;115;2.4
11;7; VOLTA GRANDE ;115;2.4
11;8; VOLTA GRANDE ;115;2.4
11;9; VOLTA GRANDE ;115;2.4
11;10; VOLTA GRANDE ;115;2.4
11;11; VOLTA GRANDE ;115;2.4
11;12; VOLTA GRANDE ;115;2.4
11;13; VOLTA GRANDE ;115;2.4
11;14; VOLTA GRANDE ;115;2.4
11;15; VOLTA GRANDE ;115;2.4
11;16; VOLTA GRANDE ;115;2.4
11;17; VOLTA GRANDE ;115;2.4
11;18; VOLTA GRANDE ;115;2.4
11;19; VOLTA GRANDE ;115;2.4
11;20; VOLTA GRANDE ;115;2.4
11;21; VOLTA GRANDE ;115;2.4
11;22; VOLTA GRANDE ;115;2.4
11;23; VOLTA GRANDE ;115;2.4
11;24; VOLTA GRANDE ;115;2.4
11;25; VOLTA GRANDE ;115;2.4
11;26; VOLTA GRANDE ;115;2.4
11;27; VOLTA GRANDE ;115;2.4
11;28; VOLTA GRANDE ;115;2.4
11;29; VOLTA GRANDE ;115;2.4
11;30; VOLTA GRANDE ;115;2.4
11;31; VOLTA GRANDE ;115;2.4
11;32; VOLTA GRANDE ;115;2.4
11;33; VOLTA GRANDE ;115;2.4
11;34; VOLTA GRANDE ;115;2.4
11;35; VOLTA GRANDE ;115;2.4
11;36; VOLTA GRANDE ;115;2.4
11;37; VOLTA GRANDE ;115;2.4
11;38; VOLTA GRANDE ;115;2.4
11;39; VOLTA GRANDE ;115;2.4
11;40; VOLTA GRANDE ;115;2.4
11;41; VOLTA GRANDE ;115;2.4
11;42; VOLTA GRANDE ;115;2.4
11;43; VOLTA GRANDE ;115;2.4
11;44; VOLTA GRANDE ;115;2.4
11;45; VOLTA GRANDE ;115;2.4
11;46; VOLTA GRANDE ;115;2.4
11;47; VOLTA GRANDE ;115;2.4
11;48; VOLTA GRANDE ;115;2.4
11;49; VOLTA GRANDE ;110;2.4
11;50; VOLTA GRANDE ;110;2.4
11;51; VOLTA GRANDE ;110;2.4
11;52; VOLTA GRANDE ;110;2.4
11;53; VOLTA GRANDE ;110;2.4
11;54; VOLTA GRANDE ;106;2.4
11;55; VOLTA GRANDE ;106;2.4
11;56; VOLTA GRANDE ;106;2.4
11;57; VOLTA GRANDE ;106;2.4
11;58; VOLTA GRANDE ;106;2.4
11;59; VOLTA GRANDE ;102;2.4
11;60; VOLTA GRANDE ;102;2.4
11;61; VOLTA GRANDE ;102;2.4
11;62; VOLTA GRANDE ;102;2.4
11;63; VOLTA GRANDE ;102;2.4
11;64; VOLTA GRANDE ;100;2.4
11;65; VOLTA GRANDE ;100;2.4
12;1; P. COLOMBIA  ;279;9.4
12;2; P. COLOMBIA  ;279;9.4
12;3; P. COLOMBIA  ;279;9.4
12;4; P. COLOMBIA  ;279;9.4
12;5; P. COLOMBIA  ;279;9.4
12;6; P. COLOMBIA  ;279;9.4
12;7; P. COLOMBIA  ;279;9.4
12;8; P. COLOMBIA  ;279;9.4
12;9; P. COLOMBIA  ;279;9.4
12;10; P. COLOMBIA  ;279;9.4
12;11; P. COLOMBIA  ;279;9.4
12;12; P. COLOMBIA  ;279;9.4
12;13; P. COLOMBIA  ;279;9.4
12;14; P. COLOMBIA  ;279;9.4
12;15; P. COLOMBIA  ;279;9.4
12;16; P. COLOMBIA  ;279;9.4
12;17; P. COLOMBIA  ;279;9.4
12;18; P. COLOMBIA  ;279;9.4
12;19; P. COLOMBIA  ;279;9.4
12;20; P. COLOMBIA  ;279;9.4
12;21; P. COLOMBIA  ;279;9.4
12;22; P. COLOMBIA  ;279;9.4
12;23; P. COLOMBIA  ;279;9.4
12;24; P. COLOMBIA  ;279;9.4
12;25; P. COLOMBIA  ;279;9.4
12;26; P. COLOMBIA  ;279;9.4
12;27; P. COLOMBIA  ;279;9.4
12;28; P. COLOMBIA  ;279;9.4
12;29; P. COLOMBIA  ;279;9.4
12;30; P. COLOMBIA  ;279;9.4
12;31; P. COLOMBIA  ;279;9.4
12;32; P. COLOMBIA  ;279;9.4
12;33; P. COLOMBIA  ;279;9.4
12;34; P. COLOMBIA  ;279;9.4
12;35; P. COLOMBIA  ;279;9.4
12;36; P. COLOMBIA  ;279;9.4
12;37; P. COLOMBIA  ;279;9.4
12;38; P. COLOMBIA  ;279;9.4
12;39; P. COLOMBIA  ;279;9.4
12;40; P. COLOMBIA  ;279;9.4
12;41; P. COLOMBIA  ;279;9.4
12;42; P. COLOMBIA  ;279;9.4
12;43; P. COLOMBIA  ;279;9.4
12;44; P. COLOMBIA  ;279;9.4
12;45; P. COLOMBIA  ;279;9.4
12;46; P. COLOMBIA  ;279;9.4
12;47; P. COLOMBIA  ;279;9.4
12;48; P. COLOMBIA  ;279;9.4
12;49; P. COLOMBIA  ;270;9.4
12;50; P. COLOMBIA  ;270;9.4
12;51; P. COLOMBIA  ;270;9.4
12;52; P. COLOMBIA  ;270;9.4
12;53; P. COLOMBIA  ;270;9.4
12;54; P. COLOMBIA  ;261;9.4
12;55; P. COLOMBIA  ;261;9.4
12;56; P. COLOMBIA  ;261;9.4
12;57; P. COLOMBIA  ;261;9.4
12;58; P. COLOMBIA  ;261;9.4
12;59; P. COLOMBIA  ;255;9.4
12;60; P. COLOMBIA  ;255;9.4
12;61; P. COLOMBIA  ;255;9.4
12;62; P. COLOMBIA  ;255;9.4
12;63; P. COLOMBIA  ;255;9.4
12;64; P. COLOMBIA  ;249;9.4
12;65; P. COLOMBIA  ;249;9.4
14;1; CACONDE      ;45;1.2
14;2; CACONDE      ;45;1.2
14;3; CACONDE      ;45;1.2
14;4; CACONDE      ;45;1.2
14;5; CACONDE      ;45;1.2
14;6; CACONDE      ;45;1.2
14;7; CACONDE      ;45;1.2
14;8; CACONDE      ;45;1.2
14;9; CACONDE      ;45;1.2
14;10; CACONDE      ;45;1.2
14;11; CACONDE      ;45;1.2
14;12; CACONDE      ;45;1.2
14;13; CACONDE      ;45;1.2
14;14; CACONDE      ;45;1.2
14;15; CACONDE      ;45;1.2
14;16; CACONDE      ;45;1.2
14;17; CACONDE      ;45;1.2
14;18; CACONDE      ;45;1.2
14;19; CACONDE      ;45;1.2
14;20; CACONDE      ;45;1.2
14;21; CACONDE      ;45;1.2
14;22; CACONDE      ;45;1.2
14;23; CACONDE      ;45;1.2
14;24; CACONDE      ;45;1.2
14;25; CACONDE      ;45;1.2
14;26; CACONDE      ;45;1.2
14;27; CACONDE      ;45;1.2
14;28; CACONDE      ;45;1.2
14;29; CACONDE      ;45;1.2
14;30; CACONDE      ;45;1.2
14;31; CACONDE      ;45;1.2
14;32; CACONDE      ;45;1.2
14;33; CACONDE      ;45;1.2
14;34; CACONDE      ;45;1.2
14;35; CACONDE      ;45;1.2
14;36; CACONDE      ;45;1.2
14;37; CACONDE      ;45;1.2
14;38; CACONDE      ;45;1.2
14;39; CACONDE      ;45;1.2
14;40; CACONDE      ;45;1.2
14;41; CACONDE      ;45;1.2
14;42; CACONDE      ;45;1.2
14;43; CACONDE      ;45;1.2
14;44; CACONDE      ;45;1.2
14;45; CACONDE      ;45;1.2
14;46; CACONDE      ;45;1.2
14;47; CACONDE      ;45;1.2
14;48; CACONDE      ;45;1.2
14;49; CACONDE      ;44;1.2
14;50; CACONDE      ;44;1.2
14;51; CACONDE      ;44;1.2
14;52; CACONDE      ;44;1.2
14;53; CACONDE      ;44;1.2
14;54; CACONDE      ;43;1.2
14;55; CACONDE      ;43;1.2
14;56; CACONDE      ;43;1.2
14;57; CACONDE      ;43;1.2
14;58; CACONDE      ;43;1.2
14;59; CACONDE      ;43;1.2
14;60; CACONDE      ;43;1.2
14;61; CACONDE      ;43;1.2
14;62; CACONDE      ;43;1.2
14;63; CACONDE      ;43;1.2
14;64; CACONDE      ;44;1.2
14;65; CACONDE      ;44;1.2
15;1; E. DA CUNHA  ;28;2.1
15;2; E. DA CUNHA  ;28;2.1
15;3; E. DA CUNHA  ;28;2.1
15;4; E. DA CUNHA  ;28;2.1
15;5; E. DA CUNHA  ;28;2.1
15;6; E. DA CUNHA  ;28;2.1
15;7; E. DA CUNHA  ;28;2.1
15;8; E. DA CUNHA  ;28;2.1
15;9; E. DA CUNHA  ;28;2.1
15;10; E. DA CUNHA  ;28;2.1
15;11; E. DA CUNHA  ;28;2.1
15;12; E. DA CUNHA  ;28;2.1
15;13; E. DA CUNHA  ;28;2.1
15;14; E. DA CUNHA  ;28;2.1
15;15; E. DA CUNHA  ;28;2.1
15;16; E. DA CUNHA  ;28;2.1
15;17; E. DA CUNHA  ;28;2.1
15;18; E. DA CUNHA  ;28;2.1
15;19; E. DA CUNHA  ;28;2.1
15;20; E. DA CUNHA  ;28;2.1
15;21; E. DA CUNHA  ;28;2.1
15;22; E. DA CUNHA  ;28;2.1
15;23; E. DA CUNHA  ;28;2.1
15;24; E. DA CUNHA  ;28;2.1
15;25; E. DA CUNHA  ;28;2.1
15;26; E. DA CUNHA  ;28;2.1
15;27; E. DA CUNHA  ;28;2.1
15;28; E. DA CUNHA  ;28;2.1
15;29; E. DA CUNHA  ;28;2.1
15;30; E. DA CUNHA  ;28;2.1
15;31; E. DA CUNHA  ;28;2.1
15;32; E. DA CUNHA  ;28;2.1
15;33; E. DA CUNHA  ;28;2.1
15;34; E. DA CUNHA  ;28;2.1
15;35; E. DA CUNHA  ;28;2.1
15;36; E. DA CUNHA  ;28;2.1
15;37; E. DA CUNHA  ;28;2.1
15;38; E. DA CUNHA  ;28;2.1
15;39; E. DA CUNHA  ;28;2.1
15;40; E. DA CUNHA  ;28;2.1
15;41; E. DA CUNHA  ;28;2.1
15;42; E. DA CUNHA  ;28;2.1
15;43; E. DA CUNHA  ;28;2.1
15;44; E. DA CUNHA  ;28;2.1
15;45; E. DA CUNHA  ;28;2.1
15;46; E. DA CUNHA  ;28;2.1
15;47; E. DA CUNHA  ;28;2.1
15;48; E. DA CUNHA  ;28;2.1
15;49; E. DA CUNHA  ;28;2.1
15;50; E. DA CUNHA  ;28;2.1
15;51; E. DA CUNHA  ;28;2.1
15;52; E. DA CUNHA  ;28;2.1
15;53; E. DA CUNHA  ;28;2.1
15;54; E. DA CUNHA  ;28;2.1
15;55; E. DA CUNHA  ;28;2.1
15;56; E. DA CUNHA  ;28;2.1
15;57; E. DA CUNHA  ;28;2.1
15;58; E. DA CUNHA  ;28;2.1
15;59; E. DA CUNHA  ;28;2.1
15;60; E. DA CUNHA  ;28;2.1
15;61; E. DA CUNHA  ;28;2.1
15;62; E. DA CUNHA  ;28;2.1
15;63; E. DA CUNHA  ;28;2.1
15;64; E. DA CUNHA  ;28;2.1
15;65; E. DA CUNHA  ;28;2.1
16;1; A.S.OLIVEIRA ;1;0.1
16;2; A.S.OLIVEIRA ;1;0.1
16;3; A.S.OLIVEIRA ;1;0.1
16;4; A.S.OLIVEIRA ;1;0.1
16;5; A.S.OLIVEIRA ;1;0.1
16;6; A.S.OLIVEIRA ;1;0.1
16;7; A.S.OLIVEIRA ;1;0.1
16;8; A.S.OLIVEIRA ;1;0.1
16;9; A.S.OLIVEIRA ;1;0.1
16;10; A.S.OLIVEIRA ;1;0.1
16;11; A.S.OLIVEIRA ;1;0.1
16;12; A.S.OLIVEIRA ;1;0.1
16;13; A.S.OLIVEIRA ;1;0.1
16;14; A.S.OLIVEIRA ;1;0.1
16;15; A.S.OLIVEIRA ;1;0.1
16;16; A.S.OLIVEIRA ;1;0.1
16;17; A.S.OLIVEIRA ;1;0.1
16;18; A.S.OLIVEIRA ;1;0.1
16;19; A.S.OLIVEIRA ;1;0.1
16;20; A.S.OLIVEIRA ;1;0.1
16;21; A.S.OLIVEIRA ;1;0.1
16;22; A.S.OLIVEIRA ;1;0.1
16;23; A.S.OLIVEIRA ;1;0.1
16;24; A.S.OLIVEIRA ;1;0.1
16;25; A.S.OLIVEIRA ;1;0.1
16;26; A.S.OLIVEIRA ;1;0.1
16;27; A.S.OLIVEIRA ;1;0.1
16;28; A.S.OLIVEIRA ;1;0.1
16;29; A.S.OLIVEIRA ;1;0.1
16;30; A.S.OLIVEIRA ;1;0.1
16;31; A.S.OLIVEIRA ;1;0.1
16;32; A.S.OLIVEIRA ;1;0.1
16;33; A.S.OLIVEIRA ;1;0.1
16;34; A.S.OLIVEIRA ;1;0.1
16;35; A.S.OLIVEIRA ;1;0.1
16;36; A.S.OLIVEIRA ;1;0.1
16;37; A.S.OLIVEIRA ;1;0.1
16;38; A.S.OLIVEIRA ;1;0.1
16;39; A.S.OLIVEIRA ;1;0.1
16;40; A.S.OLIVEIRA ;1;0.1
16;41; A.S.OLIVEIRA ;1;0.1
16;42; A.S.OLIVEIRA ;1;0.1
16;43; A.S.OLIVEIRA ;1;0.1
16;44; A.S.OLIVEIRA ;1;0.1
16;45; A.S.OLIVEIRA ;1;0.1
16;46; A.S.OLIVEIRA ;1;0.1
16;47; A.S.OLIVEIRA ;1;0.1
16;48; A.S.OLIVEIRA ;1;0.1
16;49; A.S.OLIVEIRA ;1;0.1
16;50; A.S.OLIVEIRA ;1;0.1
16;51; A.S.OLIVEIRA ;1;0.1
16;52; A.S.OLIVEIRA ;1;0.1
16;53; A.S.OLIVEIRA ;1;0.1
16;54; A.S.OLIVEIRA ;1;0.1
16;55; A.S.OLIVEIRA ;1;0.1
16;56; A.S.OLIVEIRA ;1;0.1
16;57; A.S.OLIVEIRA ;1;0.1
16;58; A.S.OLIVEIRA ;1;0.1
16;59; A.S.OLIVEIRA ;1;0.1
16;60; A.S.OLIVEIRA ;1;0.1
16;61; A.S.OLIVEIRA ;1;0.1
16;62; A.S.OLIVEIRA ;1;0.1
16;63; A.S.OLIVEIRA ;1;0.1
16;64; A.S.OLIVEIRA ;1;0.1
16;65; A.S.OLIVEIRA ;1;0.1
17;1; MARIMBONDO   ;575;55.7
17;2; MARIMBONDO   ;575;55.7
17;3; MARIMBONDO   ;575;55.7
17;4; MARIMBONDO   ;575;55.7
17;5; MARIMBONDO   ;575;55.7
17;6; MARIMBONDO   ;575;55.7
17;7; MARIMBONDO   ;575;55.7
17;8; MARIMBONDO   ;575;55.7
17;9; MARIMBONDO   ;575;55.7
17;10; MARIMBONDO   ;575;55.7
17;11; MARIMBONDO   ;575;55.7
17;12; MARIMBONDO   ;575;55.7
17;13; MARIMBONDO   ;575;55.7
17;14; MARIMBONDO   ;575;55.7
17;15; MARIMBONDO   ;575;55.7
17;16; MARIMBONDO   ;575;55.7
17;17; MARIMBONDO   ;575;55.7
17;18; MARIMBONDO   ;575;55.7
17;19; MARIMBONDO   ;575;55.7
17;20; MARIMBONDO   ;575;55.7
17;21; MARIMBONDO   ;575;55.7
17;22; MARIMBONDO   ;575;55.7
17;23; MARIMBONDO   ;575;55.7
17;24; MARIMBONDO   ;575;55.7
17;25; MARIMBONDO   ;575;55.7
17;26; MARIMBONDO   ;575;55.7
17;27; MARIMBONDO   ;575;55.7
17;28; MARIMBONDO   ;575;55.7
17;29; MARIMBONDO   ;575;55.7
17;30; MARIMBONDO   ;575;55.7
17;31; MARIMBONDO   ;575;55.7
17;32; MARIMBONDO   ;575;55.7
17;33; MARIMBONDO   ;575;55.7
17;34; MARIMBONDO   ;575;55.7
17;35; MARIMBONDO   ;575;55.7
17;36; MARIMBONDO   ;575;55.7
17;37; MARIMBONDO   ;575;55.7
17;38; MARIMBONDO   ;575;55.7
17;39; MARIMBONDO   ;575;55.7
17;40; MARIMBONDO   ;575;55.7
17;41; MARIMBONDO   ;575;55.7
17;42; MARIMBONDO   ;575;55.7
17;43; MARIMBONDO   ;575;55.7
17;44; MARIMBONDO   ;575;55.7
17;45; MARIMBONDO   ;575;55.7
17;46; MARIMBONDO   ;575;55.7
17;47; MARIMBONDO   ;575;55.7
17;48; MARIMBONDO   ;575;55.7
17;49; MARIMBONDO   ;560;55.7
17;50; MARIMBONDO   ;560;55.7
17;51; MARIMBONDO   ;560;55.7
17;52; MARIMBONDO   ;560;55.7
17;53; MARIMBONDO   ;560;55.7
17;54; MARIMBONDO   ;546;55.7
17;55; MARIMBONDO   ;546;55.7
17;56; MARIMBONDO   ;546;55.7
17;57; MARIMBONDO   ;546;55.7
17;58; MARIMBONDO   ;546;55.7
17;59; MARIMBONDO   ;535;55.7
17;60; MARIMBONDO   ;535;55.7
17;61; MARIMBONDO   ;535;55.7
17;62; MARIMBONDO   ;535;55.7
17;63; MARIMBONDO   ;535;55.7
17;64; MARIMBONDO   ;527;55.7
17;65; MARIMBONDO   ;527;55.7
18;1; A. VERMELHA  ;305;9.8
18;2; A. VERMELHA  ;305;9.8
18;3; A. VERMELHA  ;305;9.8
18;4; A. VERMELHA  ;305;9.8
18;5; A. VERMELHA  ;305;9.8
18;6; A. VERMELHA  ;305;9.8
18;7; A. VERMELHA  ;305;9.8
18;8; A. VERMELHA  ;305;9.8
18;9; A. VERMELHA  ;305;9.8
18;10; A. VERMELHA  ;305;9.8
18;11; A. VERMELHA  ;305;9.8
18;12; A. VERMELHA  ;305;9.8
18;13; A. VERMELHA  ;305;9.8
18;14; A. VERMELHA  ;305;9.8
18;15; A. VERMELHA  ;305;9.8
18;16; A. VERMELHA  ;305;9.8
18;17; A. VERMELHA  ;305;9.8
18;18; A. VERMELHA  ;305;9.8
18;19; A. VERMELHA  ;305;9.8
18;20; A. VERMELHA  ;305;9.8
18;21; A. VERMELHA  ;305;9.8
18;22; A. VERMELHA  ;305;9.8
18;23; A. VERMELHA  ;305;9.8
18;24; A. VERMELHA  ;305;9.8
18;25; A. VERMELHA  ;305;9.8
18;26; A. VERMELHA  ;305;9.8
18;27; A. VERMELHA  ;305;9.8
18;28; A. VERMELHA  ;305;9.8
18;29; A. VERMELHA  ;305;9.8
18;30; A. VERMELHA  ;305;9.8
18;31; A. VERMELHA  ;305;9.8
18;32; A. VERMELHA  ;305;9.8
18;33; A. VERMELHA  ;305;9.8
18;34; A. VERMELHA  ;305;9.8
18;35; A. VERMELHA  ;305;9.8
18;36; A. VERMELHA  ;305;9.8
18;37; A. VERMELHA  ;305;9.8
18;38; A. VERMELHA  ;305;9.8
18;39; A. VERMELHA  ;305;9.8
18;40; A. VERMELHA  ;305;9.8
18;41; A. VERMELHA  ;305;9.8
18;42; A. VERMELHA  ;305;9.8
18;43; A. VERMELHA  ;305;9.8
18;44; A. VERMELHA  ;305;9.8
18;45; A. VERMELHA  ;305;9.8
18;46; A. VERMELHA  ;305;9.8
18;47; A. VERMELHA  ;305;9.8
18;48; A. VERMELHA  ;305;9.8
18;49; A. VERMELHA  ;294;9.8
18;50; A. VERMELHA  ;294;9.8
18;51; A. VERMELHA  ;294;9.8
18;52; A. VERMELHA  ;294;9.8
18;53; A. VERMELHA  ;294;9.8
18;54; A. VERMELHA  ;284;9.8
18;55; A. VERMELHA  ;284;9.8
18;56; A. VERMELHA  ;284;9.8
18;57; A. VERMELHA  ;284;9.8
18;58; A. VERMELHA  ;284;9.8
18;59; A. VERMELHA  ;276;9.8
18;60; A. VERMELHA  ;276;9.8
18;61; A. VERMELHA  ;276;9.8
18;62; A. VERMELHA  ;276;9.8
18;63; A. VERMELHA  ;276;9.8
18;64; A. VERMELHA  ;268;9.8
18;65; A. VERMELHA  ;268;9.8
20;1; BATALHA      ;197;4.6
20;2; BATALHA      ;197;4.6
20;3; BATALHA      ;197;4.6
20;4; BATALHA      ;197;4.6
20;5; BATALHA      ;197;4.6
20;6; BATALHA      ;197;4.6
20;7; BATALHA      ;197;4.6
20;8; BATALHA      ;197;4.6
20;9; BATALHA      ;197;4.6
20;10; BATALHA      ;197;4.6
20;11; BATALHA      ;197;4.6
20;12; BATALHA      ;197;4.6
20;13; BATALHA      ;197;4.6
20;14; BATALHA      ;197;4.6
20;15; BATALHA      ;197;4.6
20;16; BATALHA      ;197;4.6
20;17; BATALHA      ;197;4.6
20;18; BATALHA      ;197;4.6
20;19; BATALHA      ;197;4.6
20;20; BATALHA      ;197;4.6
20;21; BATALHA      ;197;4.6
20;22; BATALHA      ;197;4.6
20;23; BATALHA      ;197;4.6
20;24; BATALHA      ;197;4.6
20;25; BATALHA      ;197;4.6
20;26; BATALHA      ;197;4.6
20;27; BATALHA      ;197;4.6
20;28; BATALHA      ;197;4.6
20;29; BATALHA      ;197;4.6
20;30; BATALHA      ;197;4.6
20;31; BATALHA      ;197;4.6
20;32; BATALHA      ;197;4.6
20;33; BATALHA      ;197;4.6
20;34; BATALHA      ;197;4.6
20;35; BATALHA      ;197;4.6
20;36; BATALHA      ;197;4.6
20;37; BATALHA      ;197;4.6
20;38; BATALHA      ;197;4.6
20;39; BATALHA      ;197;4.6
20;40; BATALHA      ;197;4.6
20;41; BATALHA      ;197;4.6
20;42; BATALHA      ;197;4.6
20;43; BATALHA      ;197;4.6
20;44; BATALHA      ;197;4.6
20;45; BATALHA      ;197;4.6
20;46; BATALHA      ;197;4.6
20;47; BATALHA      ;197;4.6
20;48; BATALHA      ;197;4.6
20;49; BATALHA      ;187;4.6
20;50; BATALHA      ;187;4.6
20;51; BATALHA      ;187;4.6
20;52; BATALHA      ;187;4.6
20;53; BATALHA      ;187;4.6
20;54; BATALHA      ;178;4.6
20;55; BATALHA      ;178;4.6
20;56; BATALHA      ;178;4.6
20;57; BATALHA      ;178;4.6
20;58; BATALHA      ;178;4.6
20;59; BATALHA      ;171;4.6
20;60; BATALHA      ;171;4.6
20;61; BATALHA      ;171;4.6
20;62; BATALHA      ;171;4.6
20;63; BATALHA      ;171;4.6
20;64; BATALHA      ;166;4.6
20;65; BATALHA      ;166;4.6
21;1; SERRA FACAO  ;123;0.9
21;2; SERRA FACAO  ;123;0.9
21;3; SERRA FACAO  ;123;0.9
21;4; SERRA FACAO  ;123;0.9
21;5; SERRA FACAO  ;123;0.9
21;6; SERRA FACAO  ;123;0.9
21;7; SERRA FACAO  ;123;0.9
21;8; SERRA FACAO  ;123;0.9
21;9; SERRA FACAO  ;123;0.9
21;10; SERRA FACAO  ;123;0.9
21;11; SERRA FACAO  ;123;0.9
21;12; SERRA FACAO  ;123;0.9
21;13; SERRA FACAO  ;123;0.9
21;14; SERRA FACAO  ;123;0.9
21;15; SERRA FACAO  ;123;0.9
21;16; SERRA FACAO  ;123;0.9
21;17; SERRA FACAO  ;123;0.9
21;18; SERRA FACAO  ;123;0.9
21;19; SERRA FACAO  ;123;0.9
21;20; SERRA FACAO  ;123;0.9
21;21; SERRA FACAO  ;123;0.9
21;22; SERRA FACAO  ;123;0.9
21;23; SERRA FACAO  ;123;0.9
21;24; SERRA FACAO  ;123;0.9
21;25; SERRA FACAO  ;123;0.9
21;26; SERRA FACAO  ;123;0.9
21;27; SERRA FACAO  ;123;0.9
21;28; SERRA FACAO  ;123;0.9
21;29; SERRA FACAO  ;123;0.9
21;30; SERRA FACAO  ;123;0.9
21;31; SERRA FACAO  ;123;0.9
21;32; SERRA FACAO  ;123;0.9
21;33; SERRA FACAO  ;123;0.9
21;34; SERRA FACAO  ;123;0.9
21;35; SERRA FACAO  ;123;0.9
21;36; SERRA FACAO  ;123;0.9
21;37; SERRA FACAO  ;123;0.9
21;38; SERRA FACAO  ;123;0.9
21;39; SERRA FACAO  ;123;0.9
21;40; SERRA FACAO  ;123;0.9
21;41; SERRA FACAO  ;123;0.9
21;42; SERRA FACAO  ;123;0.9
21;43; SERRA FACAO  ;123;0.9
21;44; SERRA FACAO  ;123;0.9
21;45; SERRA FACAO  ;123;0.9
21;46; SERRA FACAO  ;123;0.9
21;47; SERRA FACAO  ;123;0.9
21;48; SERRA FACAO  ;123;0.9
21;49; SERRA FACAO  ;117;0.9
21;50; SERRA FACAO  ;117;0.9
21;51; SERRA FACAO  ;117;0.9
21;52; SERRA FACAO  ;117;0.9
21;53; SERRA FACAO  ;117;0.9
21;54; SERRA FACAO  ;111;0.9
21;55; SERRA FACAO  ;111;0.9
21;56; SERRA FACAO  ;111;0.9
21;57; SERRA FACAO  ;111;0.9
21;58; SERRA FACAO  ;111;0.9
21;59; SERRA FACAO  ;107;0.9
21;60; SERRA FACAO  ;107;0.9
21;61; SERRA FACAO  ;107;0.9
21;62; SERRA FACAO  ;107;0.9
21;63; SERRA FACAO  ;107;0.9
21;64; SERRA FACAO  ;104;0.9
21;65; SERRA FACAO  ;104;0.9
24;1; EMBORCACAO   ;421;13.1
24;2; EMBORCACAO   ;421;13.1
24;3; EMBORCACAO   ;421;13.1
24;4; EMBORCACAO   ;421;13.1
24;5; EMBORCACAO   ;421;13.1
24;6; EMBORCACAO   ;421;13.1
24;7; EMBORCACAO   ;421;13.1
24;8; EMBORCACAO   ;421;13.1
24;9; EMBORCACAO   ;421;13.1
24;10; EMBORCACAO   ;421;13.1
24;11; EMBORCACAO   ;421;13.1
24;12; EMBORCACAO   ;421;13.1
24;13; EMBORCACAO   ;421;13.1
24;14; EMBORCACAO   ;421;13.1
24;15; EMBORCACAO   ;421;13.1
24;16; EMBORCACAO   ;421;13.1
24;17; EMBORCACAO   ;421;13.1
24;18; EMBORCACAO   ;421;13.1
24;19; EMBORCACAO   ;421;13.1
24;20; EMBORCACAO   ;421;13.1
24;21; EMBORCACAO   ;421;13.1
24;22; EMBORCACAO   ;421;13.1
24;23; EMBORCACAO   ;421;13.1
24;24; EMBORCACAO   ;421;13.1
24;25; EMBORCACAO   ;421;13.1
24;26; EMBORCACAO   ;421;13.1
24;27; EMBORCACAO   ;421;13.1
24;28; EMBORCACAO   ;421;13.1
24;29; EMBORCACAO   ;421;13.1
24;30; EMBORCACAO   ;421;13.1
24;31; EMBORCACAO   ;421;13.1
24;32; EMBORCACAO   ;421;13.1
24;33; EMBORCACAO   ;421;13.1
24;34; EMBORCACAO   ;421;13.1
24;35; EMBORCACAO   ;421;13.1
24;36; EMBORCACAO   ;421;13.1
24;37; EMBORCACAO   ;421;13.1
24;38; EMBORCACAO   ;421;13.1
24;39; EMBORCACAO   ;421;13.1
24;40; EMBORCACAO   ;421;13.1
24;41; EMBORCACAO   ;421;13.1
24;42; EMBORCACAO   ;421;13.1
24;43; EMBORCACAO   ;421;13.1
24;44; EMBORCACAO   ;421;13.1
24;45; EMBORCACAO   ;421;13.1
24;46; EMBORCACAO   ;421;13.1
24;47; EMBORCACAO   ;421;13.1
24;48; EMBORCACAO   ;421;13.1
24;49; EMBORCACAO   ;411;13.1
24;50; EMBORCACAO   ;411;13.1
24;51; EMBORCACAO   ;411;13.1
24;52; EMBORCACAO   ;411;13.1
24;53; EMBORCACAO   ;411;13.1
24;54; EMBORCACAO   ;403;13.1
24;55; EMBORCACAO   ;403;13.1
24;56; EMBORCACAO   ;403;13.1
24;57; EMBORCACAO   ;403;13.1
24;58; EMBORCACAO   ;403;13.1
24;59; EMBORCACAO   ;398;13.1
24;60; EMBORCACAO   ;398;13.1
24;61; EMBORCACAO   ;398;13.1
24;62; EMBORCACAO   ;398;13.1
24;63; EMBORCACAO   ;398;13.1
24;64; EMBORCACAO   ;395;13.1
24;65; EMBORCACAO   ;395;13.1
25;1; NOVA PONTE   ;410;2.2
25;2; NOVA PONTE   ;410;2.2
25;3; NOVA PONTE   ;410;2.2
25;4; NOVA PONTE   ;410;2.2
25;5; NOVA PONTE   ;410;2.2
25;6; NOVA PONTE   ;410;2.2
25;7; NOVA PONTE   ;410;2.2
25;8; NOVA PONTE   ;410;2.2
25;9; NOVA PONTE   ;410;2.2
25;10; NOVA PONTE   ;410;2.2
25;11; NOVA PONTE   ;410;2.2
25;12; NOVA PONTE   ;410;2.2
25;13; NOVA PONTE   ;410;2.2
25;14; NOVA PONTE   ;410;2.2
25;15; NOVA PONTE   ;410;2.2
25;16; NOVA PONTE   ;410;2.2
25;17; NOVA PONTE   ;410;2.2
25;18; NOVA PONTE   ;410;2.2
25;19; NOVA PONTE   ;410;2.2
25;20; NOVA PONTE   ;410;2.2
25;21; NOVA PONTE   ;410;2.2
25;22; NOVA PONTE   ;410;2.2
25;23; NOVA PONTE   ;410;2.2
25;24; NOVA PONTE   ;410;2.2
25;25; NOVA PONTE   ;410;2.2
25;26; NOVA PONTE   ;410;2.2
25;27; NOVA PONTE   ;410;2.2
25;28; NOVA PONTE   ;410;2.2
25;29; NOVA PONTE   ;410;2.2
25;30; NOVA PONTE   ;410;2.2
25;31; NOVA PONTE   ;410;2.2
25;32; NOVA PONTE   ;410;2.2
25;33; NOVA PONTE   ;410;2.2
25;34; NOVA PONTE   ;410;2.2
25;35; NOVA PONTE   ;410;2.2
25;36; NOVA PONTE   ;410;2.2
25;37; NOVA PONTE   ;410;2.2
25;38; NOVA PONTE   ;410;2.2
25;39; NOVA PONTE   ;410;2.2
25;40; NOVA PONTE   ;410;2.2
25;41; NOVA PONTE   ;410;2.2
25;42; NOVA PONTE   ;410;2.2
25;43; NOVA PONTE   ;410;2.2
25;44; NOVA PONTE   ;410;2.2
25;45; NOVA PONTE   ;410;2.2
25;46; NOVA PONTE   ;410;2.2
25;47; NOVA PONTE   ;410;2.2
25;48; NOVA PONTE   ;410;2.2
25;49; NOVA PONTE   ;398;2.2
25;50; NOVA PONTE   ;398;2.2
25;51; NOVA PONTE   ;398;2.2
25;52; NOVA PONTE   ;398;2.2
25;53; NOVA PONTE   ;398;2.2
25;54; NOVA PONTE   ;390;2.2
25;55; NOVA PONTE   ;390;2.2
25;56; NOVA PONTE   ;390;2.2
25;57; NOVA PONTE   ;390;2.2
25;58; NOVA PONTE   ;390;2.2
25;59; NOVA PONTE   ;388;2.2
25;60; NOVA PONTE   ;388;2.2
25;61; NOVA PONTE   ;388;2.2
25;62; NOVA PONTE   ;388;2.2
25;63; NOVA PONTE   ;388;2.2
25;64; NOVA PONTE   ;387;2.2
25;65; NOVA PONTE   ;387;2.2
26;1; MIRANDA      ;17;1.5
26;2; MIRANDA      ;17;1.5
26;3; MIRANDA      ;17;1.5
26;4; MIRANDA      ;17;1.5
26;5; MIRANDA      ;17;1.5
26;6; MIRANDA      ;17;1.5
26;7; MIRANDA      ;17;1.5
26;8; MIRANDA      ;17;1.5
26;9; MIRANDA      ;17;1.5
26;10; MIRANDA      ;17;1.5
26;11; MIRANDA      ;17;1.5
26;12; MIRANDA      ;17;1.5
26;13; MIRANDA      ;17;1.5
26;14; MIRANDA      ;17;1.5
26;15; MIRANDA      ;17;1.5
26;16; MIRANDA      ;17;1.5
26;17; MIRANDA      ;17;1.5
26;18; MIRANDA      ;17;1.5
26;19; MIRANDA      ;17;1.5
26;20; MIRANDA      ;17;1.5
26;21; MIRANDA      ;17;1.5
26;22; MIRANDA      ;17;1.5
26;23; MIRANDA      ;17;1.5
26;24; MIRANDA      ;17;1.5
26;25; MIRANDA      ;17;1.5
26;26; MIRANDA      ;17;1.5
26;27; MIRANDA      ;17;1.5
26;28; MIRANDA      ;17;1.5
26;29; MIRANDA      ;17;1.5
26;30; MIRANDA      ;17;1.5
26;31; MIRANDA      ;17;1.5
26;32; MIRANDA      ;17;1.5
26;33; MIRANDA      ;17;1.5
26;34; MIRANDA      ;17;1.5
26;35; MIRANDA      ;17;1.5
26;36; MIRANDA      ;17;1.5
26;37; MIRANDA      ;17;1.5
26;38; MIRANDA      ;17;1.5
26;39; MIRANDA      ;17;1.5
26;40; MIRANDA      ;17;1.5
26;41; MIRANDA      ;17;1.5
26;42; MIRANDA      ;17;1.5
26;43; MIRANDA      ;17;1.5
26;44; MIRANDA      ;17;1.5
26;45; MIRANDA      ;17;1.5
26;46; MIRANDA      ;17;1.5
26;47; MIRANDA      ;17;1.5
26;48; MIRANDA      ;17;1.5
26;49; MIRANDA      ;16;1.5
26;50; MIRANDA      ;16;1.5
26;51; MIRANDA      ;16;1.5
26;52; MIRANDA      ;16;1.5
26;53; MIRANDA      ;16;1.5
26;54; MIRANDA      ;15;1.5
26;55; MIRANDA      ;15;1.5
26;56; MIRANDA      ;15;1.5
26;57; MIRANDA      ;15;1.5
26;58; MIRANDA      ;15;1.5
26;59; MIRANDA      ;15;1.5
26;60; MIRANDA      ;15;1.5
26;61; MIRANDA      ;15;1.5
26;62; MIRANDA      ;15;1.5
26;63; MIRANDA      ;15;1.5
26;64; MIRANDA      ;14;1.5
26;65; MIRANDA      ;14;1.5
27;1; CAPIM BRANC1 ;2;0.6
27;2; CAPIM BRANC1 ;2;0.6
27;3; CAPIM BRANC1 ;2;0.6
27;4; CAPIM BRANC1 ;2;0.6
27;5; CAPIM BRANC1 ;2;0.6
27;6; CAPIM BRANC1 ;2;0.6
27;7; CAPIM BRANC1 ;2;0.6
27;8; CAPIM BRANC1 ;2;0.6
27;9; CAPIM BRANC1 ;2;0.6
27;10; CAPIM BRANC1 ;2;0.6
27;11; CAPIM BRANC1 ;2;0.6
27;12; CAPIM BRANC1 ;2;0.6
27;13; CAPIM BRANC1 ;2;0.6
27;14; CAPIM BRANC1 ;2;0.6
27;15; CAPIM BRANC1 ;2;0.6
27;16; CAPIM BRANC1 ;2;0.6
27;17; CAPIM BRANC1 ;2;0.6
27;18; CAPIM BRANC1 ;2;0.6
27;19; CAPIM BRANC1 ;2;0.6
27;20; CAPIM BRANC1 ;2;0.6
27;21; CAPIM BRANC1 ;2;0.6
27;22; CAPIM BRANC1 ;2;0.6
27;23; CAPIM BRANC1 ;2;0.6
27;24; CAPIM BRANC1 ;2;0.6
27;25; CAPIM BRANC1 ;2;0.6
27;26; CAPIM BRANC1 ;2;0.6
27;27; CAPIM BRANC1 ;2;0.6
27;28; CAPIM BRANC1 ;2;0.6
27;29; CAPIM BRANC1 ;2;0.6
27;30; CAPIM BRANC1 ;2;0.6
27;31; CAPIM BRANC1 ;2;0.6
27;32; CAPIM BRANC1 ;2;0.6
27;33; CAPIM BRANC1 ;2;0.6
27;34; CAPIM BRANC1 ;2;0.6
27;35; CAPIM BRANC1 ;2;0.6
27;36; CAPIM BRANC1 ;2;0.6
27;37; CAPIM BRANC1 ;2;0.6
27;38; CAPIM BRANC1 ;2;0.6
27;39; CAPIM BRANC1 ;2;0.6
27;40; CAPIM BRANC1 ;2;0.6
27;41; CAPIM BRANC1 ;2;0.6
27;42; CAPIM BRANC1 ;2;0.6
27;43; CAPIM BRANC1 ;2;0.6
27;44; CAPIM BRANC1 ;2;0.6
27;45; CAPIM BRANC1 ;2;0.6
27;46; CAPIM BRANC1 ;2;0.6
27;47; CAPIM BRANC1 ;2;0.6
27;48; CAPIM BRANC1 ;2;0.6
27;49; CAPIM BRANC1 ;2;0.6
27;50; CAPIM BRANC1 ;2;0.6
27;51; CAPIM BRANC1 ;2;0.6
27;52; CAPIM BRANC1 ;2;0.6
27;53; CAPIM BRANC1 ;2;0.6
27;54; CAPIM BRANC1 ;2;0.6
27;55; CAPIM BRANC1 ;2;0.6
27;56; CAPIM BRANC1 ;2;0.6
27;57; CAPIM BRANC1 ;2;0.6
27;58; CAPIM BRANC1 ;2;0.6
27;59; CAPIM BRANC1 ;2;0.6
27;60; CAPIM BRANC1 ;2;0.6
27;61; CAPIM BRANC1 ;2;0.6
27;62; CAPIM BRANC1 ;2;0.6
27;63; CAPIM BRANC1 ;2;0.6
27;64; CAPIM BRANC1 ;2;0.6
27;65; CAPIM BRANC1 ;2;0.6
28;1; CAPIM BRANC2 ;5;1.5
28;2; CAPIM BRANC2 ;5;1.5
28;3; CAPIM BRANC2 ;5;1.5
28;4; CAPIM BRANC2 ;5;1.5
28;5; CAPIM BRANC2 ;5;1.5
28;6; CAPIM BRANC2 ;5;1.5
28;7; CAPIM BRANC2 ;5;1.5
28;8; CAPIM BRANC2 ;5;1.5
28;9; CAPIM BRANC2 ;5;1.5
28;10; CAPIM BRANC2 ;5;1.5
28;11; CAPIM BRANC2 ;5;1.5
28;12; CAPIM BRANC2 ;5;1.5
28;13; CAPIM BRANC2 ;5;1.5
28;14; CAPIM BRANC2 ;5;1.5
28;15; CAPIM BRANC2 ;5;1.5
28;16; CAPIM BRANC2 ;5;1.5
28;17; CAPIM BRANC2 ;5;1.5
28;18; CAPIM BRANC2 ;5;1.5
28;19; CAPIM BRANC2 ;5;1.5
28;20; CAPIM BRANC2 ;5;1.5
28;21; CAPIM BRANC2 ;5;1.5
28;22; CAPIM BRANC2 ;5;1.5
28;23; CAPIM BRANC2 ;5;1.5
28;24; CAPIM BRANC2 ;5;1.5
28;25; CAPIM BRANC2 ;5;1.5
28;26; CAPIM BRANC2 ;5;1.5
28;27; CAPIM BRANC2 ;5;1.5
28;28; CAPIM BRANC2 ;5;1.5
28;29; CAPIM BRANC2 ;5;1.5
28;30; CAPIM BRANC2 ;5;1.5
28;31; CAPIM BRANC2 ;5;1.5
28;32; CAPIM BRANC2 ;5;1.5
28;33; CAPIM BRANC2 ;5;1.5
28;34; CAPIM BRANC2 ;5;1.5
28;35; CAPIM BRANC2 ;5;1.5
28;36; CAPIM BRANC2 ;5;1.5
28;37; CAPIM BRANC2 ;5;1.5
28;38; CAPIM BRANC2 ;5;1.5
28;39; CAPIM BRANC2 ;5;1.5
28;40; CAPIM BRANC2 ;5;1.5
28;41; CAPIM BRANC2 ;5;1.5
28;42; CAPIM BRANC2 ;5;1.5
28;43; CAPIM BRANC2 ;5;1.5
28;44; CAPIM BRANC2 ;5;1.5
28;45; CAPIM BRANC2 ;5;1.5
28;46; CAPIM BRANC2 ;5;1.5
28;47; CAPIM BRANC2 ;5;1.5
28;48; CAPIM BRANC2 ;5;1.5
28;49; CAPIM BRANC2 ;5;1.5
28;50; CAPIM BRANC2 ;5;1.5
28;51; CAPIM BRANC2 ;5;1.5
28;52; CAPIM BRANC2 ;5;1.5
28;53; CAPIM BRANC2 ;5;1.5
28;54; CAPIM BRANC2 ;5;1.5
28;55; CAPIM BRANC2 ;5;1.5
28;56; CAPIM BRANC2 ;5;1.5
28;57; CAPIM BRANC2 ;5;1.5
28;58; CAPIM BRANC2 ;5;1.5
28;59; CAPIM BRANC2 ;4;1.5
28;60; CAPIM BRANC2 ;4;1.5
28;61; CAPIM BRANC2 ;4;1.5
28;62; CAPIM BRANC2 ;4;1.5
28;63; CAPIM BRANC2 ;4;1.5
28;64; CAPIM BRANC2 ;4;1.5
28;65; CAPIM BRANC2 ;4;1.5
29;1; CORUMBA IV   ;127;3.1
29;2; CORUMBA IV   ;127;3.1
29;3; CORUMBA IV   ;127;3.1
29;4; CORUMBA IV   ;127;3.1
29;5; CORUMBA IV   ;127;3.1
29;6; CORUMBA IV   ;127;3.1
29;7; CORUMBA IV   ;127;3.1
29;8; CORUMBA IV   ;127;3.1
29;9; CORUMBA IV   ;127;3.1
29;10; CORUMBA IV   ;127;3.1
29;11; CORUMBA IV   ;127;3.1
29;12; CORUMBA IV   ;127;3.1
29;13; CORUMBA IV   ;127;3.1
29;14; CORUMBA IV   ;127;3.1
29;15; CORUMBA IV   ;127;3.1
29;16; CORUMBA IV   ;127;3.1
29;17; CORUMBA IV   ;127;3.1
29;18; CORUMBA IV   ;127;3.1
29;19; CORUMBA IV   ;127;3.1
29;20; CORUMBA IV   ;127;3.1
29;21; CORUMBA IV   ;127;3.1
29;22; CORUMBA IV   ;127;3.1
29;23; CORUMBA IV   ;127;3.1
29;24; CORUMBA IV   ;127;3.1
29;25; CORUMBA IV   ;127;3.1
29;26; CORUMBA IV   ;127;3.1
29;27; CORUMBA IV   ;127;3.1
29;28; CORUMBA IV   ;127;3.1
29;29; CORUMBA IV   ;127;3.1
29;30; CORUMBA IV   ;127;3.1
29;31; CORUMBA IV   ;127;3.1
29;32; CORUMBA IV   ;127;3.1
29;33; CORUMBA IV   ;127;3.1
29;34; CORUMBA IV   ;127;3.1
29;35; CORUMBA IV   ;127;3.1
29;36; CORUMBA IV   ;127;3.1
29;37; CORUMBA IV   ;127;3.1
29;38; CORUMBA IV   ;127;3.1
29;39; CORUMBA IV   ;127;3.1
29;40; CORUMBA IV   ;127;3.1
29;41; CORUMBA IV   ;127;3.1
29;42; CORUMBA IV   ;127;3.1
29;43; CORUMBA IV   ;127;3.1
29;44; CORUMBA IV   ;127;3.1
29;45; CORUMBA IV   ;127;3.1
29;46; CORUMBA IV   ;127;3.1
29;47; CORUMBA IV   ;127;3.1
29;48; CORUMBA IV   ;127;3.1
29;49; CORUMBA IV   ;123;3.1
29;50; CORUMBA IV   ;123;3.1
29;51; CORUMBA IV   ;123;3.1
29;52; CORUMBA IV   ;123;3.1
29;53; CORUMBA IV   ;123;3.1
29;54; CORUMBA IV   ;121;3.1
29;55; CORUMBA IV   ;121;3.1
29;56; CORUMBA IV   ;121;3.1
29;57; CORUMBA IV   ;121;3.1
29;58; CORUMBA IV   ;121;3.1
29;59; CORUMBA IV   ;119;3.1
29;60; CORUMBA IV   ;119;3.1
29;61; CORUMBA IV   ;119;3.1
29;62; CORUMBA IV   ;119;3.1
29;63; CORUMBA IV   ;119;3.1
29;64; CORUMBA IV   ;117;3.1
29;65; CORUMBA IV   ;117;3.1
30;1; CORUMBA I    ;299;5.8
30;2; CORUMBA I    ;299;5.8
30;3; CORUMBA I    ;299;5.8
30;4; CORUMBA I    ;299;5.8
30;5; CORUMBA I    ;299;5.8
30;6; CORUMBA I    ;299;5.8
30;7; CORUMBA I    ;299;5.8
30;8; CORUMBA I    ;299;5.8
30;9; CORUMBA I    ;299;5.8
30;10; CORUMBA I    ;299;5.8
30;11; CORUMBA I    ;299;5.8
30;12; CORUMBA I    ;299;5.8
30;13; CORUMBA I    ;299;5.8
30;14; CORUMBA I    ;299;5.8
30;15; CORUMBA I    ;299;5.8
30;16; CORUMBA I    ;299;5.8
30;17; CORUMBA I    ;299;5.8
30;18; CORUMBA I    ;299;5.8
30;19; CORUMBA I    ;299;5.8
30;20; CORUMBA I    ;299;5.8
30;21; CORUMBA I    ;299;5.8
30;22; CORUMBA I    ;299;5.8
30;23; CORUMBA I    ;299;5.8
30;24; CORUMBA I    ;299;5.8
30;25; CORUMBA I    ;299;5.8
30;26; CORUMBA I    ;299;5.8
30;27; CORUMBA I    ;299;5.8
30;28; CORUMBA I    ;299;5.8
30;29; CORUMBA I    ;299;5.8
30;30; CORUMBA I    ;299;5.8
30;31; CORUMBA I    ;299;5.8
30;32; CORUMBA I    ;299;5.8
30;33; CORUMBA I    ;299;5.8
30;34; CORUMBA I    ;299;5.8
30;35; CORUMBA I    ;299;5.8
30;36; CORUMBA I    ;299;5.8
30;37; CORUMBA I    ;299;5.8
30;38; CORUMBA I    ;299;5.8
30;39; CORUMBA I    ;299;5.8
30;40; CORUMBA I    ;299;5.8
30;41; CORUMBA I    ;299;5.8
30;42; CORUMBA I    ;299;5.8
30;43; CORUMBA I    ;299;5.8
30;44; CORUMBA I    ;299;5.8
30;45; CORUMBA I    ;299;5.8
30;46; CORUMBA I    ;299;5.8
30;47; CORUMBA I    ;299;5.8
30;48; CORUMBA I    ;299;5.8
30;49; CORUMBA I    ;290;5.8
30;50; CORUMBA I    ;290;5.8
30;51; CORUMBA I    ;290;5.8
30;52; CORUMBA I    ;290;5.8
30;53; CORUMBA I    ;290;5.8
30;54; CORUMBA I    ;283;5.8
30;55; CORUMBA I    ;283;5.8
30;56; CORUMBA I    ;283;5.8
30;57; CORUMBA I    ;283;5.8
30;58; CORUMBA I    ;283;5.8
30;59; CORUMBA I    ;280;5.8
30;60; CORUMBA I    ;280;5.8
30;61; CORUMBA I    ;280;5.8
30;62; CORUMBA I    ;280;5.8
30;63; CORUMBA I    ;280;5.8
30;64; CORUMBA I    ;278;5.8
30;65; CORUMBA I    ;278;5.8
31;1; ITUMBIARA    ;392;13.6
31;2; ITUMBIARA    ;392;13.6
31;3; ITUMBIARA    ;392;13.6
31;4; ITUMBIARA    ;392;13.6
31;5; ITUMBIARA    ;392;13.6
31;6; ITUMBIARA    ;392;13.6
31;7; ITUMBIARA    ;392;13.6
31;8; ITUMBIARA    ;392;13.6
31;9; ITUMBIARA    ;392;13.6
31;10; ITUMBIARA    ;392;13.6
31;11; ITUMBIARA    ;392;13.6
31;12; ITUMBIARA    ;392;13.6
31;13; ITUMBIARA    ;392;13.6
31;14; ITUMBIARA    ;392;13.6
31;15; ITUMBIARA    ;392;13.6
31;16; ITUMBIARA    ;392;13.6
31;17; ITUMBIARA    ;392;13.6
31;18; ITUMBIARA    ;392;13.6
31;19; ITUMBIARA    ;392;13.6
31;20; ITUMBIARA    ;392;13.6
31;21; ITUMBIARA    ;392;13.6
31;22; ITUMBIARA    ;392;13.6
31;23; ITUMBIARA    ;392;13.6
31;24; ITUMBIARA    ;392;13.6
31;25; ITUMBIARA    ;392;13.6
31;26; ITUMBIARA    ;392;13.6
31;27; ITUMBIARA    ;392;13.6
31;28; ITUMBIARA    ;392;13.6
31;29; ITUMBIARA    ;392;13.6
31;30; ITUMBIARA    ;392;13.6
31;31; ITUMBIARA    ;392;13.6
31;32; ITUMBIARA    ;392;13.6
31;33; ITUMBIARA    ;392;13.6
31;34; ITUMBIARA    ;392;13.6
31;35; ITUMBIARA    ;392;13.6
31;36; ITUMBIARA    ;392;13.6
31;37; ITUMBIARA    ;392;13.6
31;38; ITUMBIARA    ;392;13.6
31;39; ITUMBIARA    ;392;13.6
31;40; ITUMBIARA    ;392;13.6
31;41; ITUMBIARA    ;392;13.6
31;42; ITUMBIARA    ;392;13.6
31;43; ITUMBIARA    ;392;13.6
31;44; ITUMBIARA    ;392;13.6
31;45; ITUMBIARA    ;392;13.6
31;46; ITUMBIARA    ;392;13.6
31;47; ITUMBIARA    ;392;13.6
31;48; ITUMBIARA    ;392;13.6
31;49; ITUMBIARA    ;372;13.6
31;50; ITUMBIARA    ;372;13.6
31;51; ITUMBIARA    ;372;13.6
31;52; ITUMBIARA    ;372;13.6
31;53; ITUMBIARA    ;372;13.6
31;54; ITUMBIARA    ;355;13.6
31;55; ITUMBIARA    ;355;13.6
31;56; ITUMBIARA    ;355;13.6
31;57; ITUMBIARA    ;355;13.6
31;58; ITUMBIARA    ;355;13.6
31;59; ITUMBIARA    ;342;13.6
31;60; ITUMBIARA    ;342;13.6
31;61; ITUMBIARA    ;342;13.6
31;62; ITUMBIARA    ;342;13.6
31;63; ITUMBIARA    ;342;13.6
31;64; ITUMBIARA    ;335;13.6
31;65; ITUMBIARA    ;335;13.6
32;1; CACH.DOURADA ;69;1.6
32;2; CACH.DOURADA ;69;1.6
32;3; CACH.DOURADA ;69;1.6
32;4; CACH.DOURADA ;69;1.6
32;5; CACH.DOURADA ;69;1.6
32;6; CACH.DOURADA ;69;1.6
32;7; CACH.DOURADA ;69;1.6
32;8; CACH.DOURADA ;69;1.6
32;9; CACH.DOURADA ;69;1.6
32;10; CACH.DOURADA ;69;1.6
32;11; CACH.DOURADA ;69;1.6
32;12; CACH.DOURADA ;69;1.6
32;13; CACH.DOURADA ;69;1.6
32;14; CACH.DOURADA ;69;1.6
32;15; CACH.DOURADA ;69;1.6
32;16; CACH.DOURADA ;69;1.6
32;17; CACH.DOURADA ;69;1.6
32;18; CACH.DOURADA ;69;1.6
32;19; CACH.DOURADA ;69;1.6
32;20; CACH.DOURADA ;69;1.6
32;21; CACH.DOURADA ;69;1.6
32;22; CACH.DOURADA ;69;1.6
32;23; CACH.DOURADA ;69;1.6
32;24; CACH.DOURADA ;69;1.6
32;25; CACH.DOURADA ;69;1.6
32;26; CACH.DOURADA ;69;1.6
32;27; CACH.DOURADA ;69;1.6
32;28; CACH.DOURADA ;69;1.6
32;29; CACH.DOURADA ;69;1.6
32;30; CACH.DOURADA ;69;1.6
32;31; CACH.DOURADA ;69;1.6
32;32; CACH.DOURADA ;69;1.6
32;33; CACH.DOURADA ;69;1.6
32;34; CACH.DOURADA ;69;1.6
32;35; CACH.DOURADA ;69;1.6
32;36; CACH.DOURADA ;69;1.6
32;37; CACH.DOURADA ;69;1.6
32;38; CACH.DOURADA ;69;1.6
32;39; CACH.DOURADA ;69;1.6
32;40; CACH.DOURADA ;69;1.6
32;41; CACH.DOURADA ;69;1.6
32;42; CACH.DOURADA ;69;1.6
32;43; CACH.DOURADA ;69;1.6
32;44; CACH.DOURADA ;69;1.6
32;45; CACH.DOURADA ;69;1.6
32;46; CACH.DOURADA ;69;1.6
32;47; CACH.DOURADA ;69;1.6
32;48; CACH.DOURADA ;69;1.6
32;49; CACH.DOURADA ;66;1.6
32;50; CACH.DOURADA ;66;1.6
32;51; CACH.DOURADA ;66;1.6
32;52; CACH.DOURADA ;66;1.6
32;53; CACH.DOURADA ;66;1.6
32;54; CACH.DOURADA ;64;1.6
32;55; CACH.DOURADA ;64;1.6
32;56; CACH.DOURADA ;64;1.6
32;57; CACH.DOURADA ;64;1.6
32;58; CACH.DOURADA ;64;1.6
32;59; CACH.DOURADA ;62;1.6
32;60; CACH.DOURADA ;62;1.6
32;61; CACH.DOURADA ;62;1.6
32;62; CACH.DOURADA ;62;1.6
32;63; CACH.DOURADA ;62;1.6
32;64; CACH.DOURADA ;60;1.6
32;65; CACH.DOURADA ;60;1.6
33;1; SAO SIMAO    ;1153;26
33;2; SAO SIMAO    ;1153;26
33;3; SAO SIMAO    ;1153;26
33;4; SAO SIMAO    ;1153;26
33;5; SAO SIMAO    ;1153;26
33;6; SAO SIMAO    ;1153;26
33;7; SAO SIMAO    ;1153;26
33;8; SAO SIMAO    ;1153;26
33;9; SAO SIMAO    ;1153;26
33;10; SAO SIMAO    ;1153;26
33;11; SAO SIMAO    ;1153;26
33;12; SAO SIMAO    ;1153;26
33;13; SAO SIMAO    ;1153;26
33;14; SAO SIMAO    ;1153;26
33;15; SAO SIMAO    ;1153;26
33;16; SAO SIMAO    ;1153;26
33;17; SAO SIMAO    ;1153;26
33;18; SAO SIMAO    ;1153;26
33;19; SAO SIMAO    ;1153;26
33;20; SAO SIMAO    ;1153;26
33;21; SAO SIMAO    ;1153;26
33;22; SAO SIMAO    ;1153;26
33;23; SAO SIMAO    ;1153;26
33;24; SAO SIMAO    ;1153;26
33;25; SAO SIMAO    ;1153;26
33;26; SAO SIMAO    ;1153;26
33;27; SAO SIMAO    ;1153;26
33;28; SAO SIMAO    ;1153;26
33;29; SAO SIMAO    ;1153;26
33;30; SAO SIMAO    ;1153;26
33;31; SAO SIMAO    ;1153;26
33;32; SAO SIMAO    ;1153;26
33;33; SAO SIMAO    ;1153;26
33;34; SAO SIMAO    ;1153;26
33;35; SAO SIMAO    ;1153;26
33;36; SAO SIMAO    ;1153;26
33;37; SAO SIMAO    ;1153;26
33;38; SAO SIMAO    ;1153;26
33;39; SAO SIMAO    ;1153;26
33;40; SAO SIMAO    ;1153;26
33;41; SAO SIMAO    ;1153;26
33;42; SAO SIMAO    ;1153;26
33;43; SAO SIMAO    ;1153;26
33;44; SAO SIMAO    ;1153;26
33;45; SAO SIMAO    ;1153;26
33;46; SAO SIMAO    ;1153;26
33;47; SAO SIMAO    ;1153;26
33;48; SAO SIMAO    ;1153;26
33;49; SAO SIMAO    ;1100;26
33;50; SAO SIMAO    ;1100;26
33;51; SAO SIMAO    ;1100;26
33;52; SAO SIMAO    ;1100;26
33;53; SAO SIMAO    ;1100;26
33;54; SAO SIMAO    ;1054;26
33;55; SAO SIMAO    ;1054;26
33;56; SAO SIMAO    ;1054;26
33;57; SAO SIMAO    ;1054;26
33;58; SAO SIMAO    ;1054;26
33;59; SAO SIMAO    ;1016;26
33;60; SAO SIMAO    ;1016;26
33;61; SAO SIMAO    ;1016;26
33;62; SAO SIMAO    ;1016;26
33;63; SAO SIMAO    ;1016;26
33;64; SAO SIMAO    ;986;26
33;65; SAO SIMAO    ;986;26
34;1; I. SOLTEIRA  ;369;4.1
34;2; I. SOLTEIRA  ;369;4.1
34;3; I. SOLTEIRA  ;369;4.1
34;4; I. SOLTEIRA  ;369;4.1
34;5; I. SOLTEIRA  ;369;4.1
34;6; I. SOLTEIRA  ;369;4.1
34;7; I. SOLTEIRA  ;369;4.1
34;8; I. SOLTEIRA  ;369;4.1
34;9; I. SOLTEIRA  ;369;4.1
34;10; I. SOLTEIRA  ;369;4.1
34;11; I. SOLTEIRA  ;369;4.1
34;12; I. SOLTEIRA  ;369;4.1
34;13; I. SOLTEIRA  ;369;4.1
34;14; I. SOLTEIRA  ;369;4.1
34;15; I. SOLTEIRA  ;369;4.1
34;16; I. SOLTEIRA  ;369;4.1
34;17; I. SOLTEIRA  ;369;4.1
34;18; I. SOLTEIRA  ;369;4.1
34;19; I. SOLTEIRA  ;369;4.1
34;20; I. SOLTEIRA  ;369;4.1
34;21; I. SOLTEIRA  ;369;4.1
34;22; I. SOLTEIRA  ;369;4.1
34;23; I. SOLTEIRA  ;369;4.1
34;24; I. SOLTEIRA  ;369;4.1
34;25; I. SOLTEIRA  ;369;4.1
34;26; I. SOLTEIRA  ;369;4.1
34;27; I. SOLTEIRA  ;369;4.1
34;28; I. SOLTEIRA  ;369;4.1
34;29; I. SOLTEIRA  ;369;4.1
34;30; I. SOLTEIRA  ;369;4.1
34;31; I. SOLTEIRA  ;369;4.1
34;32; I. SOLTEIRA  ;369;4.1
34;33; I. SOLTEIRA  ;369;4.1
34;34; I. SOLTEIRA  ;369;4.1
34;35; I. SOLTEIRA  ;369;4.1
34;36; I. SOLTEIRA  ;369;4.1
34;37; I. SOLTEIRA  ;369;4.1
34;38; I. SOLTEIRA  ;369;4.1
34;39; I. SOLTEIRA  ;369;4.1
34;40; I. SOLTEIRA  ;369;4.1
34;41; I. SOLTEIRA  ;369;4.1
34;42; I. SOLTEIRA  ;369;4.1
34;43; I. SOLTEIRA  ;369;4.1
34;44; I. SOLTEIRA  ;369;4.1
34;45; I. SOLTEIRA  ;369;4.1
34;46; I. SOLTEIRA  ;369;4.1
34;47; I. SOLTEIRA  ;369;4.1
34;48; I. SOLTEIRA  ;369;4.1
34;49; I. SOLTEIRA  ;355;4.1
34;50; I. SOLTEIRA  ;355;4.1
34;51; I. SOLTEIRA  ;355;4.1
34;52; I. SOLTEIRA  ;355;4.1
34;53; I. SOLTEIRA  ;355;4.1
34;54; I. SOLTEIRA  ;342;4.1
34;55; I. SOLTEIRA  ;342;4.1
34;56; I. SOLTEIRA  ;342;4.1
34;57; I. SOLTEIRA  ;342;4.1
34;58; I. SOLTEIRA  ;342;4.1
34;59; I. SOLTEIRA  ;331;4.1
34;60; I. SOLTEIRA  ;331;4.1
34;61; I. SOLTEIRA  ;331;4.1
34;62; I. SOLTEIRA  ;331;4.1
34;63; I. SOLTEIRA  ;331;4.1
34;64; I. SOLTEIRA  ;321;4.1
34;65; I. SOLTEIRA  ;321;4.1
37;1; BARRA BONITA ;281;55.3
37;2; BARRA BONITA ;281;55.3
37;3; BARRA BONITA ;281;55.3
37;4; BARRA BONITA ;281;55.3
37;5; BARRA BONITA ;281;55.3
37;6; BARRA BONITA ;281;55.3
37;7; BARRA BONITA ;281;55.3
37;8; BARRA BONITA ;281;55.3
37;9; BARRA BONITA ;281;55.3
37;10; BARRA BONITA ;281;55.3
37;11; BARRA BONITA ;281;55.3
37;12; BARRA BONITA ;281;55.3
37;13; BARRA BONITA ;281;55.3
37;14; BARRA BONITA ;281;55.3
37;15; BARRA BONITA ;281;55.3
37;16; BARRA BONITA ;281;55.3
37;17; BARRA BONITA ;281;55.3
37;18; BARRA BONITA ;281;55.3
37;19; BARRA BONITA ;281;55.3
37;20; BARRA BONITA ;281;55.3
37;21; BARRA BONITA ;281;55.3
37;22; BARRA BONITA ;281;55.3
37;23; BARRA BONITA ;281;55.3
37;24; BARRA BONITA ;281;55.3
37;25; BARRA BONITA ;281;55.3
37;26; BARRA BONITA ;281;55.3
37;27; BARRA BONITA ;281;55.3
37;28; BARRA BONITA ;281;55.3
37;29; BARRA BONITA ;281;55.3
37;30; BARRA BONITA ;281;55.3
37;31; BARRA BONITA ;281;55.3
37;32; BARRA BONITA ;281;55.3
37;33; BARRA BONITA ;281;55.3
37;34; BARRA BONITA ;281;55.3
37;35; BARRA BONITA ;281;55.3
37;36; BARRA BONITA ;281;55.3
37;37; BARRA BONITA ;281;55.3
37;38; BARRA BONITA ;281;55.3
37;39; BARRA BONITA ;281;55.3
37;40; BARRA BONITA ;281;55.3
37;41; BARRA BONITA ;281;55.3
37;42; BARRA BONITA ;281;55.3
37;43; BARRA BONITA ;281;55.3
37;44; BARRA BONITA ;281;55.3
37;45; BARRA BONITA ;281;55.3
37;46; BARRA BONITA ;281;55.3
37;47; BARRA BONITA ;281;55.3
37;48; BARRA BONITA ;281;55.3
37;49; BARRA BONITA ;273;55.3
37;50; BARRA BONITA ;273;55.3
37;51; BARRA BONITA ;273;55.3
37;52; BARRA BONITA ;273;55.3
37;53; BARRA BONITA ;273;55.3
37;54; BARRA BONITA ;268;55.3
37;55; BARRA BONITA ;268;55.3
37;56; BARRA BONITA ;268;55.3
37;57; BARRA BONITA ;268;55.3
37;58; BARRA BONITA ;268;55.3
37;59; BARRA BONITA ;272;55.3
37;60; BARRA BONITA ;272;55.3
37;61; BARRA BONITA ;272;55.3
37;62; BARRA BONITA ;272;55.3
37;63; BARRA BONITA ;272;55.3
37;64; BARRA BONITA ;283;55.3
37;65; BARRA BONITA ;283;55.3
38;1; A.S. LIMA    ;76;7.9
38;2; A.S. LIMA    ;76;7.9
38;3; A.S. LIMA    ;76;7.9
38;4; A.S. LIMA    ;76;7.9
38;5; A.S. LIMA    ;76;7.9
38;6; A.S. LIMA    ;76;7.9
38;7; A.S. LIMA    ;76;7.9
38;8; A.S. LIMA    ;76;7.9
38;9; A.S. LIMA    ;76;7.9
38;10; A.S. LIMA    ;76;7.9
38;11; A.S. LIMA    ;76;7.9
38;12; A.S. LIMA    ;76;7.9
38;13; A.S. LIMA    ;76;7.9
38;14; A.S. LIMA    ;76;7.9
38;15; A.S. LIMA    ;76;7.9
38;16; A.S. LIMA    ;76;7.9
38;17; A.S. LIMA    ;76;7.9
38;18; A.S. LIMA    ;76;7.9
38;19; A.S. LIMA    ;76;7.9
38;20; A.S. LIMA    ;76;7.9
38;21; A.S. LIMA    ;76;7.9
38;22; A.S. LIMA    ;76;7.9
38;23; A.S. LIMA    ;76;7.9
38;24; A.S. LIMA    ;76;7.9
38;25; A.S. LIMA    ;76;7.9
38;26; A.S. LIMA    ;76;7.9
38;27; A.S. LIMA    ;76;7.9
38;28; A.S. LIMA    ;76;7.9
38;29; A.S. LIMA    ;76;7.9
38;30; A.S. LIMA    ;76;7.9
38;31; A.S. LIMA    ;76;7.9
38;32; A.S. LIMA    ;76;7.9
38;33; A.S. LIMA    ;76;7.9
38;34; A.S. LIMA    ;76;7.9
38;35; A.S. LIMA    ;76;7.9
38;36; A.S. LIMA    ;76;7.9
38;37; A.S. LIMA    ;76;7.9
38;38; A.S. LIMA    ;76;7.9
38;39; A.S. LIMA    ;76;7.9
38;40; A.S. LIMA    ;76;7.9
38;41; A.S. LIMA    ;76;7.9
38;42; A.S. LIMA    ;76;7.9
38;43; A.S. LIMA    ;76;7.9
38;44; A.S. LIMA    ;76;7.9
38;45; A.S. LIMA    ;76;7.9
38;46; A.S. LIMA    ;76;7.9
38;47; A.S. LIMA    ;76;7.9
38;48; A.S. LIMA    ;76;7.9
38;49; A.S. LIMA    ;75;7.9
38;50; A.S. LIMA    ;75;7.9
38;51; A.S. LIMA    ;75;7.9
38;52; A.S. LIMA    ;75;7.9
38;53; A.S. LIMA    ;75;7.9
38;54; A.S. LIMA    ;75;7.9
38;55; A.S. LIMA    ;75;7.9
38;56; A.S. LIMA    ;75;7.9
38;57; A.S. LIMA    ;75;7.9
38;58; A.S. LIMA    ;75;7.9
38;59; A.S. LIMA    ;76;7.9
38;60; A.S. LIMA    ;76;7.9
38;61; A.S. LIMA    ;76;7.9
38;62; A.S. LIMA    ;76;7.9
38;63; A.S. LIMA    ;76;7.9
38;64; A.S. LIMA    ;76;7.9
38;65; A.S. LIMA    ;76;7.9
39;1; IBITINGA     ;146;5.5
39;2; IBITINGA     ;146;5.5
39;3; IBITINGA     ;146;5.5
39;4; IBITINGA     ;146;5.5
39;5; IBITINGA     ;146;5.5
39;6; IBITINGA     ;146;5.5
39;7; IBITINGA     ;146;5.5
39;8; IBITINGA     ;146;5.5
39;9; IBITINGA     ;146;5.5
39;10; IBITINGA     ;146;5.5
39;11; IBITINGA     ;146;5.5
39;12; IBITINGA     ;146;5.5
39;13; IBITINGA     ;146;5.5
39;14; IBITINGA     ;146;5.5
39;15; IBITINGA     ;146;5.5
39;16; IBITINGA     ;146;5.5
39;17; IBITINGA     ;146;5.5
39;18; IBITINGA     ;146;5.5
39;19; IBITINGA     ;146;5.5
39;20; IBITINGA     ;146;5.5
39;21; IBITINGA     ;146;5.5
39;22; IBITINGA     ;146;5.5
39;23; IBITINGA     ;146;5.5
39;24; IBITINGA     ;146;5.5
39;25; IBITINGA     ;146;5.5
39;26; IBITINGA     ;146;5.5
39;27; IBITINGA     ;146;5.5
39;28; IBITINGA     ;146;5.5
39;29; IBITINGA     ;146;5.5
39;30; IBITINGA     ;146;5.5
39;31; IBITINGA     ;146;5.5
39;32; IBITINGA     ;146;5.5
39;33; IBITINGA     ;146;5.5
39;34; IBITINGA     ;146;5.5
39;35; IBITINGA     ;146;5.5
39;36; IBITINGA     ;146;5.5
39;37; IBITINGA     ;146;5.5
39;38; IBITINGA     ;146;5.5
39;39; IBITINGA     ;146;5.5
39;40; IBITINGA     ;146;5.5
39;41; IBITINGA     ;146;5.5
39;42; IBITINGA     ;146;5.5
39;43; IBITINGA     ;146;5.5
39;44; IBITINGA     ;146;5.5
39;45; IBITINGA     ;146;5.5
39;46; IBITINGA     ;146;5.5
39;47; IBITINGA     ;146;5.5
39;48; IBITINGA     ;146;5.5
39;49; IBITINGA     ;145;5.5
39;50; IBITINGA     ;145;5.5
39;51; IBITINGA     ;145;5.5
39;52; IBITINGA     ;145;5.5
39;53; IBITINGA     ;145;5.5
39;54; IBITINGA     ;145;5.5
39;55; IBITINGA     ;145;5.5
39;56; IBITINGA     ;145;5.5
39;57; IBITINGA     ;145;5.5
39;58; IBITINGA     ;145;5.5
39;59; IBITINGA     ;146;5.5
39;60; IBITINGA     ;146;5.5
39;61; IBITINGA     ;146;5.5
39;62; IBITINGA     ;146;5.5
39;63; IBITINGA     ;146;5.5
39;64; IBITINGA     ;147;5.5
39;65; IBITINGA     ;147;5.5
40;1; PROMISSAO    ;53;3.7
40;2; PROMISSAO    ;53;3.7
40;3; PROMISSAO    ;53;3.7
40;4; PROMISSAO    ;53;3.7
40;5; PROMISSAO    ;53;3.7
40;6; PROMISSAO    ;53;3.7
40;7; PROMISSAO    ;53;3.7
40;8; PROMISSAO    ;53;3.7
40;9; PROMISSAO    ;53;3.7
40;10; PROMISSAO    ;53;3.7
40;11; PROMISSAO    ;53;3.7
40;12; PROMISSAO    ;53;3.7
40;13; PROMISSAO    ;53;3.7
40;14; PROMISSAO    ;53;3.7
40;15; PROMISSAO    ;53;3.7
40;16; PROMISSAO    ;53;3.7
40;17; PROMISSAO    ;53;3.7
40;18; PROMISSAO    ;53;3.7
40;19; PROMISSAO    ;53;3.7
40;20; PROMISSAO    ;53;3.7
40;21; PROMISSAO    ;53;3.7
40;22; PROMISSAO    ;53;3.7
40;23; PROMISSAO    ;53;3.7
40;24; PROMISSAO    ;53;3.7
40;25; PROMISSAO    ;53;3.7
40;26; PROMISSAO    ;53;3.7
40;27; PROMISSAO    ;53;3.7
40;28; PROMISSAO    ;53;3.7
40;29; PROMISSAO    ;53;3.7
40;30; PROMISSAO    ;53;3.7
40;31; PROMISSAO    ;53;3.7
40;32; PROMISSAO    ;53;3.7
40;33; PROMISSAO    ;53;3.7
40;34; PROMISSAO    ;53;3.7
40;35; PROMISSAO    ;53;3.7
40;36; PROMISSAO    ;53;3.7
40;37; PROMISSAO    ;53;3.7
40;38; PROMISSAO    ;53;3.7
40;39; PROMISSAO    ;53;3.7
40;40; PROMISSAO    ;53;3.7
40;41; PROMISSAO    ;53;3.7
40;42; PROMISSAO    ;53;3.7
40;43; PROMISSAO    ;53;3.7
40;44; PROMISSAO    ;53;3.7
40;45; PROMISSAO    ;53;3.7
40;46; PROMISSAO    ;53;3.7
40;47; PROMISSAO    ;53;3.7
40;48; PROMISSAO    ;53;3.7
40;49; PROMISSAO    ;49;3.7
40;50; PROMISSAO    ;49;3.7
40;51; PROMISSAO    ;49;3.7
40;52; PROMISSAO    ;49;3.7
40;53; PROMISSAO    ;49;3.7
40;54; PROMISSAO    ;48;3.7
40;55; PROMISSAO    ;48;3.7
40;56; PROMISSAO    ;48;3.7
40;57; PROMISSAO    ;48;3.7
40;58; PROMISSAO    ;48;3.7
40;59; PROMISSAO    ;49;3.7
40;60; PROMISSAO    ;49;3.7
40;61; PROMISSAO    ;49;3.7
40;62; PROMISSAO    ;49;3.7
40;63; PROMISSAO    ;49;3.7
40;64; PROMISSAO    ;49;3.7
40;65; PROMISSAO    ;49;3.7
42;1; NAVANHANDAVA ;21;4.4
42;2; NAVANHANDAVA ;21;4.4
42;3; NAVANHANDAVA ;21;4.4
42;4; NAVANHANDAVA ;21;4.4
42;5; NAVANHANDAVA ;21;4.4
42;6; NAVANHANDAVA ;21;4.4
42;7; NAVANHANDAVA ;21;4.4
42;8; NAVANHANDAVA ;21;4.4
42;9; NAVANHANDAVA ;21;4.4
42;10; NAVANHANDAVA ;21;4.4
42;11; NAVANHANDAVA ;21;4.4
42;12; NAVANHANDAVA ;21;4.4
42;13; NAVANHANDAVA ;21;4.4
42;14; NAVANHANDAVA ;21;4.4
42;15; NAVANHANDAVA ;21;4.4
42;16; NAVANHANDAVA ;21;4.4
42;17; NAVANHANDAVA ;21;4.4
42;18; NAVANHANDAVA ;21;4.4
42;19; NAVANHANDAVA ;21;4.4
42;20; NAVANHANDAVA ;21;4.4
42;21; NAVANHANDAVA ;21;4.4
42;22; NAVANHANDAVA ;21;4.4
42;23; NAVANHANDAVA ;21;4.4
42;24; NAVANHANDAVA ;21;4.4
42;25; NAVANHANDAVA ;21;4.4
42;26; NAVANHANDAVA ;21;4.4
42;27; NAVANHANDAVA ;21;4.4
42;28; NAVANHANDAVA ;21;4.4
42;29; NAVANHANDAVA ;21;4.4
42;30; NAVANHANDAVA ;21;4.4
42;31; NAVANHANDAVA ;21;4.4
42;32; NAVANHANDAVA ;21;4.4
42;33; NAVANHANDAVA ;21;4.4
42;34; NAVANHANDAVA ;21;4.4
42;35; NAVANHANDAVA ;21;4.4
42;36; NAVANHANDAVA ;21;4.4
42;37; NAVANHANDAVA ;21;4.4
42;38; NAVANHANDAVA ;21;4.4
42;39; NAVANHANDAVA ;21;4.4
42;40; NAVANHANDAVA ;21;4.4
42;41; NAVANHANDAVA ;21;4.4
42;42; NAVANHANDAVA ;21;4.4
42;43; NAVANHANDAVA ;21;4.4
42;44; NAVANHANDAVA ;21;4.4
42;45; NAVANHANDAVA ;21;4.4
42;46; NAVANHANDAVA ;21;4.4
42;47; NAVANHANDAVA ;21;4.4
42;48; NAVANHANDAVA ;21;4.4
42;49; NAVANHANDAVA ;19;4.4
42;50; NAVANHANDAVA ;19;4.4
42;51; NAVANHANDAVA ;19;4.4
42;52; NAVANHANDAVA ;19;4.4
42;53; NAVANHANDAVA ;19;4.4
42;54; NAVANHANDAVA ;19;4.4
42;55; NAVANHANDAVA ;19;4.4
42;56; NAVANHANDAVA ;19;4.4
42;57; NAVANHANDAVA ;19;4.4
42;58; NAVANHANDAVA ;19;4.4
42;59; NAVANHANDAVA ;19;4.4
42;60; NAVANHANDAVA ;19;4.4
42;61; NAVANHANDAVA ;19;4.4
42;62; NAVANHANDAVA ;19;4.4
42;63; NAVANHANDAVA ;19;4.4
42;64; NAVANHANDAVA ;19;4.4
42;65; NAVANHANDAVA ;19;4.4
43;1; TRES IRMAOS  ;24;4.4
43;2; TRES IRMAOS  ;24;4.4
43;3; TRES IRMAOS  ;24;4.4
43;4; TRES IRMAOS  ;24;4.4
43;5; TRES IRMAOS  ;24;4.4
43;6; TRES IRMAOS  ;24;4.4
43;7; TRES IRMAOS  ;24;4.4
43;8; TRES IRMAOS  ;24;4.4
43;9; TRES IRMAOS  ;24;4.4
43;10; TRES IRMAOS  ;24;4.4
43;11; TRES IRMAOS  ;24;4.4
43;12; TRES IRMAOS  ;24;4.4
43;13; TRES IRMAOS  ;24;4.4
43;14; TRES IRMAOS  ;24;4.4
43;15; TRES IRMAOS  ;24;4.4
43;16; TRES IRMAOS  ;24;4.4
43;17; TRES IRMAOS  ;24;4.4
43;18; TRES IRMAOS  ;24;4.4
43;19; TRES IRMAOS  ;24;4.4
43;20; TRES IRMAOS  ;24;4.4
43;21; TRES IRMAOS  ;24;4.4
43;22; TRES IRMAOS  ;24;4.4
43;23; TRES IRMAOS  ;24;4.4
43;24; TRES IRMAOS  ;24;4.4
43;25; TRES IRMAOS  ;24;4.4
43;26; TRES IRMAOS  ;24;4.4
43;27; TRES IRMAOS  ;24;4.4
43;28; TRES IRMAOS  ;24;4.4
43;29; TRES IRMAOS  ;24;4.4
43;30; TRES IRMAOS  ;24;4.4
43;31; TRES IRMAOS  ;24;4.4
43;32; TRES IRMAOS  ;24;4.4
43;33; TRES IRMAOS  ;24;4.4
43;34; TRES IRMAOS  ;24;4.4
43;35; TRES IRMAOS  ;24;4.4
43;36; TRES IRMAOS  ;24;4.4
43;37; TRES IRMAOS  ;24;4.4
43;38; TRES IRMAOS  ;24;4.4
43;39; TRES IRMAOS  ;24;4.4
43;40; TRES IRMAOS  ;24;4.4
43;41; TRES IRMAOS  ;24;4.4
43;42; TRES IRMAOS  ;24;4.4
43;43; TRES IRMAOS  ;24;4.4
43;44; TRES IRMAOS  ;24;4.4
43;45; TRES IRMAOS  ;24;4.4
43;46; TRES IRMAOS  ;24;4.4
43;47; TRES IRMAOS  ;24;4.4
43;48; TRES IRMAOS  ;24;4.4
43;49; TRES IRMAOS  ;23;4.4
43;50; TRES IRMAOS  ;23;4.4
43;51; TRES IRMAOS  ;23;4.4
43;52; TRES IRMAOS  ;23;4.4
43;53; TRES IRMAOS  ;23;4.4
43;54; TRES IRMAOS  ;22;4.4
43;55; TRES IRMAOS  ;22;4.4
43;56; TRES IRMAOS  ;22;4.4
43;57; TRES IRMAOS  ;22;4.4
43;58; TRES IRMAOS  ;22;4.4
43;59; TRES IRMAOS  ;21;4.4
43;60; TRES IRMAOS  ;21;4.4
43;61; TRES IRMAOS  ;21;4.4
43;62; TRES IRMAOS  ;21;4.4
43;63; TRES IRMAOS  ;21;4.4
43;64; TRES IRMAOS  ;21;4.4
43;65; TRES IRMAOS  ;21;4.4
45;1; JUPIA        ;383;1.8
45;2; JUPIA        ;383;1.8
45;3; JUPIA        ;383;1.8
45;4; JUPIA        ;383;1.8
45;5; JUPIA        ;383;1.8
45;6; JUPIA        ;383;1.8
45;7; JUPIA        ;383;1.8
45;8; JUPIA        ;383;1.8
45;9; JUPIA        ;383;1.8
45;10; JUPIA        ;383;1.8
45;11; JUPIA        ;383;1.8
45;12; JUPIA        ;383;1.8
45;13; JUPIA        ;383;1.8
45;14; JUPIA        ;383;1.8
45;15; JUPIA        ;383;1.8
45;16; JUPIA        ;383;1.8
45;17; JUPIA        ;383;1.8
45;18; JUPIA        ;383;1.8
45;19; JUPIA        ;383;1.8
45;20; JUPIA        ;383;1.8
45;21; JUPIA        ;383;1.8
45;22; JUPIA        ;383;1.8
45;23; JUPIA        ;383;1.8
45;24; JUPIA        ;383;1.8
45;25; JUPIA        ;383;1.8
45;26; JUPIA        ;383;1.8
45;27; JUPIA        ;383;1.8
45;28; JUPIA        ;383;1.8
45;29; JUPIA        ;383;1.8
45;30; JUPIA        ;383;1.8
45;31; JUPIA        ;383;1.8
45;32; JUPIA        ;383;1.8
45;33; JUPIA        ;383;1.8
45;34; JUPIA        ;383;1.8
45;35; JUPIA        ;383;1.8
45;36; JUPIA        ;383;1.8
45;37; JUPIA        ;383;1.8
45;38; JUPIA        ;383;1.8
45;39; JUPIA        ;383;1.8
45;40; JUPIA        ;383;1.8
45;41; JUPIA        ;383;1.8
45;42; JUPIA        ;383;1.8
45;43; JUPIA        ;383;1.8
45;44; JUPIA        ;383;1.8
45;45; JUPIA        ;383;1.8
45;46; JUPIA        ;383;1.8
45;47; JUPIA        ;383;1.8
45;48; JUPIA        ;383;1.8
45;49; JUPIA        ;362;1.8
45;50; JUPIA        ;362;1.8
45;51; JUPIA        ;362;1.8
45;52; JUPIA        ;362;1.8
45;53; JUPIA        ;362;1.8
45;54; JUPIA        ;343;1.8
45;55; JUPIA        ;343;1.8
45;56; JUPIA        ;343;1.8
45;57; JUPIA        ;343;1.8
45;58; JUPIA        ;343;1.8
45;59; JUPIA        ;327;1.8
45;60; JUPIA        ;327;1.8
45;61; JUPIA        ;327;1.8
45;62; JUPIA        ;327;1.8
45;63; JUPIA        ;327;1.8
45;64; JUPIA        ;314;1.8
45;65; JUPIA        ;314;1.8
46;1; P. PRIMAVERA ;660;17.8
46;2; P. PRIMAVERA ;660;17.8
46;3; P. PRIMAVERA ;660;17.8
46;4; P. PRIMAVERA ;660;17.8
46;5; P. PRIMAVERA ;660;17.8
46;6; P. PRIMAVERA ;660;17.8
46;7; P. PRIMAVERA ;660;17.8
46;8; P. PRIMAVERA ;660;17.8
46;9; P. PRIMAVERA ;660;17.8
46;10; P. PRIMAVERA ;660;17.8
46;11; P. PRIMAVERA ;660;17.8
46;12; P. PRIMAVERA ;660;17.8
46;13; P. PRIMAVERA ;660;17.8
46;14; P. PRIMAVERA ;660;17.8
46;15; P. PRIMAVERA ;660;17.8
46;16; P. PRIMAVERA ;660;17.8
46;17; P. PRIMAVERA ;660;17.8
46;18; P. PRIMAVERA ;660;17.8
46;19; P. PRIMAVERA ;660;17.8
46;20; P. PRIMAVERA ;660;17.8
46;21; P. PRIMAVERA ;660;17.8
46;22; P. PRIMAVERA ;660;17.8
46;23; P. PRIMAVERA ;660;17.8
46;24; P. PRIMAVERA ;660;17.8
46;25; P. PRIMAVERA ;660;17.8
46;26; P. PRIMAVERA ;660;17.8
46;27; P. PRIMAVERA ;660;17.8
46;28; P. PRIMAVERA ;660;17.8
46;29; P. PRIMAVERA ;660;17.8
46;30; P. PRIMAVERA ;660;17.8
46;31; P. PRIMAVERA ;660;17.8
46;32; P. PRIMAVERA ;660;17.8
46;33; P. PRIMAVERA ;660;17.8
46;34; P. PRIMAVERA ;660;17.8
46;35; P. PRIMAVERA ;660;17.8
46;36; P. PRIMAVERA ;660;17.8
46;37; P. PRIMAVERA ;660;17.8
46;38; P. PRIMAVERA ;660;17.8
46;39; P. PRIMAVERA ;660;17.8
46;40; P. PRIMAVERA ;660;17.8
46;41; P. PRIMAVERA ;660;17.8
46;42; P. PRIMAVERA ;660;17.8
46;43; P. PRIMAVERA ;660;17.8
46;44; P. PRIMAVERA ;660;17.8
46;45; P. PRIMAVERA ;660;17.8
46;46; P. PRIMAVERA ;660;17.8
46;47; P. PRIMAVERA ;660;17.8
46;48; P. PRIMAVERA ;660;17.8
46;49; P. PRIMAVERA ;616;17.8
46;50; P. PRIMAVERA ;616;17.8
46;51; P. PRIMAVERA ;616;17.8
46;52; P. PRIMAVERA ;616;17.8
46;53; P. PRIMAVERA ;616;17.8
46;54; P. PRIMAVERA ;577;17.8
46;55; P. PRIMAVERA ;577;17.8
46;56; P. PRIMAVERA ;577;17.8
46;57; P. PRIMAVERA ;577;17.8
46;58; P. PRIMAVERA ;577;17.8
46;59; P. PRIMAVERA ;547;17.8
46;60; P. PRIMAVERA ;547;17.8
46;61; P. PRIMAVERA ;547;17.8
46;62; P. PRIMAVERA ;547;17.8
46;63; P. PRIMAVERA ;547;17.8
46;64; P. PRIMAVERA ;525;17.8
46;65; P. PRIMAVERA ;525;17.8
47;1; A.A. LAYDNER ;100;6.9
47;2; A.A. LAYDNER ;100;6.9
47;3; A.A. LAYDNER ;100;6.9
47;4; A.A. LAYDNER ;100;6.9
47;5; A.A. LAYDNER ;100;6.9
47;6; A.A. LAYDNER ;100;6.9
47;7; A.A. LAYDNER ;100;6.9
47;8; A.A. LAYDNER ;100;6.9
47;9; A.A. LAYDNER ;100;6.9
47;10; A.A. LAYDNER ;100;6.9
47;11; A.A. LAYDNER ;100;6.9
47;12; A.A. LAYDNER ;100;6.9
47;13; A.A. LAYDNER ;100;6.9
47;14; A.A. LAYDNER ;100;6.9
47;15; A.A. LAYDNER ;100;6.9
47;16; A.A. LAYDNER ;100;6.9
47;17; A.A. LAYDNER ;100;6.9
47;18; A.A. LAYDNER ;100;6.9
47;19; A.A. LAYDNER ;100;6.9
47;20; A.A. LAYDNER ;100;6.9
47;21; A.A. LAYDNER ;100;6.9
47;22; A.A. LAYDNER ;100;6.9
47;23; A.A. LAYDNER ;100;6.9
47;24; A.A. LAYDNER ;100;6.9
47;25; A.A. LAYDNER ;100;6.9
47;26; A.A. LAYDNER ;100;6.9
47;27; A.A. LAYDNER ;100;6.9
47;28; A.A. LAYDNER ;100;6.9
47;29; A.A. LAYDNER ;100;6.9
47;30; A.A. LAYDNER ;100;6.9
47;31; A.A. LAYDNER ;100;6.9
47;32; A.A. LAYDNER ;100;6.9
47;33; A.A. LAYDNER ;100;6.9
47;34; A.A. LAYDNER ;100;6.9
47;35; A.A. LAYDNER ;100;6.9
47;36; A.A. LAYDNER ;100;6.9
47;37; A.A. LAYDNER ;100;6.9
47;38; A.A. LAYDNER ;100;6.9
47;39; A.A. LAYDNER ;100;6.9
47;40; A.A. LAYDNER ;100;6.9
47;41; A.A. LAYDNER ;100;6.9
47;42; A.A. LAYDNER ;100;6.9
47;43; A.A. LAYDNER ;100;6.9
47;44; A.A. LAYDNER ;100;6.9
47;45; A.A. LAYDNER ;100;6.9
47;46; A.A. LAYDNER ;100;6.9
47;47; A.A. LAYDNER ;100;6.9
47;48; A.A. LAYDNER ;100;6.9
47;49; A.A. LAYDNER ;98;6.9
47;50; A.A. LAYDNER ;98;6.9
47;51; A.A. LAYDNER ;98;6.9
47;52; A.A. LAYDNER ;98;6.9
47;53; A.A. LAYDNER ;98;6.9
47;54; A.A. LAYDNER ;96;6.9
47;55; A.A. LAYDNER ;96;6.9
47;56; A.A. LAYDNER ;96;6.9
47;57; A.A. LAYDNER ;96;6.9
47;58; A.A. LAYDNER ;96;6.9
47;59; A.A. LAYDNER ;95;6.9
47;60; A.A. LAYDNER ;95;6.9
47;61; A.A. LAYDNER ;95;6.9
47;62; A.A. LAYDNER ;95;6.9
47;63; A.A. LAYDNER ;95;6.9
47;64; A.A. LAYDNER ;95;6.9
47;65; A.A. LAYDNER ;95;6.9
48;1; PIRAJU       ;2;0.1
48;2; PIRAJU       ;2;0.1
48;3; PIRAJU       ;2;0.1
48;4; PIRAJU       ;2;0.1
48;5; PIRAJU       ;2;0.1
48;6; PIRAJU       ;2;0.1
48;7; PIRAJU       ;2;0.1
48;8; PIRAJU       ;2;0.1
48;9; PIRAJU       ;2;0.1
48;10; PIRAJU       ;2;0.1
48;11; PIRAJU       ;2;0.1
48;12; PIRAJU       ;2;0.1
48;13; PIRAJU       ;2;0.1
48;14; PIRAJU       ;2;0.1
48;15; PIRAJU       ;2;0.1
48;16; PIRAJU       ;2;0.1
48;17; PIRAJU       ;2;0.1
48;18; PIRAJU       ;2;0.1
48;19; PIRAJU       ;2;0.1
48;20; PIRAJU       ;2;0.1
48;21; PIRAJU       ;2;0.1
48;22; PIRAJU       ;2;0.1
48;23; PIRAJU       ;2;0.1
48;24; PIRAJU       ;2;0.1
48;25; PIRAJU       ;2;0.1
48;26; PIRAJU       ;2;0.1
48;27; PIRAJU       ;2;0.1
48;28; PIRAJU       ;2;0.1
48;29; PIRAJU       ;2;0.1
48;30; PIRAJU       ;2;0.1
48;31; PIRAJU       ;2;0.1
48;32; PIRAJU       ;2;0.1
48;33; PIRAJU       ;2;0.1
48;34; PIRAJU       ;2;0.1
48;35; PIRAJU       ;2;0.1
48;36; PIRAJU       ;2;0.1
48;37; PIRAJU       ;2;0.1
48;38; PIRAJU       ;2;0.1
48;39; PIRAJU       ;2;0.1
48;40; PIRAJU       ;2;0.1
48;41; PIRAJU       ;2;0.1
48;42; PIRAJU       ;2;0.1
48;43; PIRAJU       ;2;0.1
48;44; PIRAJU       ;2;0.1
48;45; PIRAJU       ;2;0.1
48;46; PIRAJU       ;2;0.1
48;47; PIRAJU       ;2;0.1
48;48; PIRAJU       ;2;0.1
48;49; PIRAJU       ;2;0.1
48;50; PIRAJU       ;2;0.1
48;51; PIRAJU       ;2;0.1
48;52; PIRAJU       ;2;0.1
48;53; PIRAJU       ;2;0.1
48;54; PIRAJU       ;2;0.1
48;55; PIRAJU       ;2;0.1
48;56; PIRAJU       ;2;0.1
48;57; PIRAJU       ;2;0.1
48;58; PIRAJU       ;2;0.1
48;59; PIRAJU       ;2;0.1
48;60; PIRAJU       ;2;0.1
48;61; PIRAJU       ;2;0.1
48;62; PIRAJU       ;2;0.1
48;63; PIRAJU       ;2;0.1
48;64; PIRAJU       ;3;0.1
48;65; PIRAJU       ;3;0.1
49;1; CHAVANTES    ;49;0.8
49;2; CHAVANTES    ;49;0.8
49;3; CHAVANTES    ;49;0.8
49;4; CHAVANTES    ;49;0.8
49;5; CHAVANTES    ;49;0.8
49;6; CHAVANTES    ;49;0.8
49;7; CHAVANTES    ;49;0.8
49;8; CHAVANTES    ;49;0.8
49;9; CHAVANTES    ;49;0.8
49;10; CHAVANTES    ;49;0.8
49;11; CHAVANTES    ;49;0.8
49;12; CHAVANTES    ;49;0.8
49;13; CHAVANTES    ;49;0.8
49;14; CHAVANTES    ;49;0.8
49;15; CHAVANTES    ;49;0.8
49;16; CHAVANTES    ;49;0.8
49;17; CHAVANTES    ;49;0.8
49;18; CHAVANTES    ;49;0.8
49;19; CHAVANTES    ;49;0.8
49;20; CHAVANTES    ;49;0.8
49;21; CHAVANTES    ;49;0.8
49;22; CHAVANTES    ;49;0.8
49;23; CHAVANTES    ;49;0.8
49;24; CHAVANTES    ;49;0.8
49;25; CHAVANTES    ;49;0.8
49;26; CHAVANTES    ;49;0.8
49;27; CHAVANTES    ;49;0.8
49;28; CHAVANTES    ;49;0.8
49;29; CHAVANTES    ;49;0.8
49;30; CHAVANTES    ;49;0.8
49;31; CHAVANTES    ;49;0.8
49;32; CHAVANTES    ;49;0.8
49;33; CHAVANTES    ;49;0.8
49;34; CHAVANTES    ;49;0.8
49;35; CHAVANTES    ;49;0.8
49;36; CHAVANTES    ;49;0.8
49;37; CHAVANTES    ;49;0.8
49;38; CHAVANTES    ;49;0.8
49;39; CHAVANTES    ;49;0.8
49;40; CHAVANTES    ;49;0.8
49;41; CHAVANTES    ;49;0.8
49;42; CHAVANTES    ;49;0.8
49;43; CHAVANTES    ;49;0.8
49;44; CHAVANTES    ;49;0.8
49;45; CHAVANTES    ;49;0.8
49;46; CHAVANTES    ;49;0.8
49;47; CHAVANTES    ;49;0.8
49;48; CHAVANTES    ;49;0.8
49;49; CHAVANTES    ;48;0.8
49;50; CHAVANTES    ;48;0.8
49;51; CHAVANTES    ;48;0.8
49;52; CHAVANTES    ;48;0.8
49;53; CHAVANTES    ;48;0.8
49;54; CHAVANTES    ;48;0.8
49;55; CHAVANTES    ;48;0.8
49;56; CHAVANTES    ;48;0.8
49;57; CHAVANTES    ;48;0.8
49;58; CHAVANTES    ;48;0.8
49;59; CHAVANTES    ;51;0.8
49;60; CHAVANTES    ;51;0.8
49;61; CHAVANTES    ;51;0.8
49;62; CHAVANTES    ;51;0.8
49;63; CHAVANTES    ;51;0.8
49;64; CHAVANTES    ;52;0.8
49;65; CHAVANTES    ;52;0.8
50;1; L.N. GARCEZ  ;63;2.8
50;2; L.N. GARCEZ  ;63;2.8
50;3; L.N. GARCEZ  ;63;2.8
50;4; L.N. GARCEZ  ;63;2.8
50;5; L.N. GARCEZ  ;63;2.8
50;6; L.N. GARCEZ  ;63;2.8
50;7; L.N. GARCEZ  ;63;2.8
50;8; L.N. GARCEZ  ;63;2.8
50;9; L.N. GARCEZ  ;63;2.8
50;10; L.N. GARCEZ  ;63;2.8
50;11; L.N. GARCEZ  ;63;2.8
50;12; L.N. GARCEZ  ;63;2.8
50;13; L.N. GARCEZ  ;63;2.8
50;14; L.N. GARCEZ  ;63;2.8
50;15; L.N. GARCEZ  ;63;2.8
50;16; L.N. GARCEZ  ;63;2.8
50;17; L.N. GARCEZ  ;63;2.8
50;18; L.N. GARCEZ  ;63;2.8
50;19; L.N. GARCEZ  ;63;2.8
50;20; L.N. GARCEZ  ;63;2.8
50;21; L.N. GARCEZ  ;63;2.8
50;22; L.N. GARCEZ  ;63;2.8
50;23; L.N. GARCEZ  ;63;2.8
50;24; L.N. GARCEZ  ;63;2.8
50;25; L.N. GARCEZ  ;63;2.8
50;26; L.N. GARCEZ  ;63;2.8
50;27; L.N. GARCEZ  ;63;2.8
50;28; L.N. GARCEZ  ;63;2.8
50;29; L.N. GARCEZ  ;63;2.8
50;30; L.N. GARCEZ  ;63;2.8
50;31; L.N. GARCEZ  ;63;2.8
50;32; L.N. GARCEZ  ;63;2.8
50;33; L.N. GARCEZ  ;63;2.8
50;34; L.N. GARCEZ  ;63;2.8
50;35; L.N. GARCEZ  ;63;2.8
50;36; L.N. GARCEZ  ;63;2.8
50;37; L.N. GARCEZ  ;63;2.8
50;38; L.N. GARCEZ  ;63;2.8
50;39; L.N. GARCEZ  ;63;2.8
50;40; L.N. GARCEZ  ;63;2.8
50;41; L.N. GARCEZ  ;63;2.8
50;42; L.N. GARCEZ  ;63;2.8
50;43; L.N. GARCEZ  ;63;2.8
50;44; L.N. GARCEZ  ;63;2.8
50;45; L.N. GARCEZ  ;63;2.8
50;46; L.N. GARCEZ  ;63;2.8
50;47; L.N. GARCEZ  ;63;2.8
50;48; L.N. GARCEZ  ;63;2.8
50;49; L.N. GARCEZ  ;61;2.8
50;50; L.N. GARCEZ  ;61;2.8
50;51; L.N. GARCEZ  ;61;2.8
50;52; L.N. GARCEZ  ;61;2.8
50;53; L.N. GARCEZ  ;61;2.8
50;54; L.N. GARCEZ  ;59;2.8
50;55; L.N. GARCEZ  ;59;2.8
50;56; L.N. GARCEZ  ;59;2.8
50;57; L.N. GARCEZ  ;59;2.8
50;58; L.N. GARCEZ  ;59;2.8
50;59; L.N. GARCEZ  ;60;2.8
50;60; L.N. GARCEZ  ;60;2.8
50;61; L.N. GARCEZ  ;60;2.8
50;62; L.N. GARCEZ  ;60;2.8
50;63; L.N. GARCEZ  ;60;2.8
50;64; L.N. GARCEZ  ;61;2.8
50;65; L.N. GARCEZ  ;61;2.8
51;1; CANOAS II    ;5;0.2
51;2; CANOAS II    ;5;0.2
51;3; CANOAS II    ;5;0.2
51;4; CANOAS II    ;5;0.2
51;5; CANOAS II    ;5;0.2
51;6; CANOAS II    ;5;0.2
51;7; CANOAS II    ;5;0.2
51;8; CANOAS II    ;5;0.2
51;9; CANOAS II    ;5;0.2
51;10; CANOAS II    ;5;0.2
51;11; CANOAS II    ;5;0.2
51;12; CANOAS II    ;5;0.2
51;13; CANOAS II    ;5;0.2
51;14; CANOAS II    ;5;0.2
51;15; CANOAS II    ;5;0.2
51;16; CANOAS II    ;5;0.2
51;17; CANOAS II    ;5;0.2
51;18; CANOAS II    ;5;0.2
51;19; CANOAS II    ;5;0.2
51;20; CANOAS II    ;5;0.2
51;21; CANOAS II    ;5;0.2
51;22; CANOAS II    ;5;0.2
51;23; CANOAS II    ;5;0.2
51;24; CANOAS II    ;5;0.2
51;25; CANOAS II    ;5;0.2
51;26; CANOAS II    ;5;0.2
51;27; CANOAS II    ;5;0.2
51;28; CANOAS II    ;5;0.2
51;29; CANOAS II    ;5;0.2
51;30; CANOAS II    ;5;0.2
51;31; CANOAS II    ;5;0.2
51;32; CANOAS II    ;5;0.2
51;33; CANOAS II    ;5;0.2
51;34; CANOAS II    ;5;0.2
51;35; CANOAS II    ;5;0.2
51;36; CANOAS II    ;5;0.2
51;37; CANOAS II    ;5;0.2
51;38; CANOAS II    ;5;0.2
51;39; CANOAS II    ;5;0.2
51;40; CANOAS II    ;5;0.2
51;41; CANOAS II    ;5;0.2
51;42; CANOAS II    ;5;0.2
51;43; CANOAS II    ;5;0.2
51;44; CANOAS II    ;5;0.2
51;45; CANOAS II    ;5;0.2
51;46; CANOAS II    ;5;0.2
51;47; CANOAS II    ;5;0.2
51;48; CANOAS II    ;5;0.2
51;49; CANOAS II    ;5;0.2
51;50; CANOAS II    ;5;0.2
51;51; CANOAS II    ;5;0.2
51;52; CANOAS II    ;5;0.2
51;53; CANOAS II    ;5;0.2
51;54; CANOAS II    ;5;0.2
51;55; CANOAS II    ;5;0.2
51;56; CANOAS II    ;5;0.2
51;57; CANOAS II    ;5;0.2
51;58; CANOAS II    ;5;0.2
51;59; CANOAS II    ;5;0.2
51;60; CANOAS II    ;5;0.2
51;61; CANOAS II    ;5;0.2
51;62; CANOAS II    ;5;0.2
51;63; CANOAS II    ;5;0.2
51;64; CANOAS II    ;5;0.2
51;65; CANOAS II    ;5;0.2
52;1; CANOAS I     ;11;0.3
52;2; CANOAS I     ;11;0.3
52;3; CANOAS I     ;11;0.3
52;4; CANOAS I     ;11;0.3
52;5; CANOAS I     ;11;0.3
52;6; CANOAS I     ;11;0.3
52;7; CANOAS I     ;11;0.3
52;8; CANOAS I     ;11;0.3
52;9; CANOAS I     ;11;0.3
52;10; CANOAS I     ;11;0.3
52;11; CANOAS I     ;11;0.3
52;12; CANOAS I     ;11;0.3
52;13; CANOAS I     ;11;0.3
52;14; CANOAS I     ;11;0.3
52;15; CANOAS I     ;11;0.3
52;16; CANOAS I     ;11;0.3
52;17; CANOAS I     ;11;0.3
52;18; CANOAS I     ;11;0.3
52;19; CANOAS I     ;11;0.3
52;20; CANOAS I     ;11;0.3
52;21; CANOAS I     ;11;0.3
52;22; CANOAS I     ;11;0.3
52;23; CANOAS I     ;11;0.3
52;24; CANOAS I     ;11;0.3
52;25; CANOAS I     ;11;0.3
52;26; CANOAS I     ;11;0.3
52;27; CANOAS I     ;11;0.3
52;28; CANOAS I     ;11;0.3
52;29; CANOAS I     ;11;0.3
52;30; CANOAS I     ;11;0.3
52;31; CANOAS I     ;11;0.3
52;32; CANOAS I     ;11;0.3
52;33; CANOAS I     ;11;0.3
52;34; CANOAS I     ;11;0.3
52;35; CANOAS I     ;11;0.3
52;36; CANOAS I     ;11;0.3
52;37; CANOAS I     ;11;0.3
52;38; CANOAS I     ;11;0.3
52;39; CANOAS I     ;11;0.3
52;40; CANOAS I     ;11;0.3
52;41; CANOAS I     ;11;0.3
52;42; CANOAS I     ;11;0.3
52;43; CANOAS I     ;11;0.3
52;44; CANOAS I     ;11;0.3
52;45; CANOAS I     ;11;0.3
52;46; CANOAS I     ;11;0.3
52;47; CANOAS I     ;11;0.3
52;48; CANOAS I     ;11;0.3
52;49; CANOAS I     ;10;0.3
52;50; CANOAS I     ;10;0.3
52;51; CANOAS I     ;10;0.3
52;52; CANOAS I     ;10;0.3
52;53; CANOAS I     ;10;0.3
52;54; CANOAS I     ;10;0.3
52;55; CANOAS I     ;10;0.3
52;56; CANOAS I     ;10;0.3
52;57; CANOAS I     ;10;0.3
52;58; CANOAS I     ;10;0.3
52;59; CANOAS I     ;10;0.3
52;60; CANOAS I     ;10;0.3
52;61; CANOAS I     ;10;0.3
52;62; CANOAS I     ;10;0.3
52;63; CANOAS I     ;10;0.3
52;64; CANOAS I     ;10;0.3
52;65; CANOAS I     ;10;0.3
53;1; PARANAPANEMA ;0;0
53;2; PARANAPANEMA ;0;0
53;3; PARANAPANEMA ;0;0
53;4; PARANAPANEMA ;0;0
53;5; PARANAPANEMA ;0;0
53;6; PARANAPANEMA ;0;0
53;7; PARANAPANEMA ;0;0
53;8; PARANAPANEMA ;0;0
53;9; PARANAPANEMA ;0;0
53;10; PARANAPANEMA ;0;0
53;11; PARANAPANEMA ;0;0
53;12; PARANAPANEMA ;0;0
53;13; PARANAPANEMA ;0;0
53;14; PARANAPANEMA ;0;0
53;15; PARANAPANEMA ;0;0
53;16; PARANAPANEMA ;0;0
53;17; PARANAPANEMA ;0;0
53;18; PARANAPANEMA ;0;0
53;19; PARANAPANEMA ;0;0
53;20; PARANAPANEMA ;0;0
53;21; PARANAPANEMA ;0;0
53;22; PARANAPANEMA ;0;0
53;23; PARANAPANEMA ;0;0
53;24; PARANAPANEMA ;0;0
53;25; PARANAPANEMA ;0;0
53;26; PARANAPANEMA ;0;0
53;27; PARANAPANEMA ;0;0
53;28; PARANAPANEMA ;0;0
53;29; PARANAPANEMA ;0;0
53;30; PARANAPANEMA ;0;0
53;31; PARANAPANEMA ;0;0
53;32; PARANAPANEMA ;0;0
53;33; PARANAPANEMA ;0;0
53;34; PARANAPANEMA ;0;0
53;35; PARANAPANEMA ;0;0
53;36; PARANAPANEMA ;0;0
53;37; PARANAPANEMA ;0;0
53;38; PARANAPANEMA ;0;0
53;39; PARANAPANEMA ;0;0
53;40; PARANAPANEMA ;0;0
53;41; PARANAPANEMA ;0;0
53;42; PARANAPANEMA ;0;0
53;43; PARANAPANEMA ;0;0
53;44; PARANAPANEMA ;0;0
53;45; PARANAPANEMA ;0;0
53;46; PARANAPANEMA ;0;0
53;47; PARANAPANEMA ;0;0
53;48; PARANAPANEMA ;0;0
53;49; PARANAPANEMA ;0;0
53;50; PARANAPANEMA ;0;0
53;51; PARANAPANEMA ;0;0
53;52; PARANAPANEMA ;0;0
53;53; PARANAPANEMA ;0;0
53;54; PARANAPANEMA ;0;0
53;55; PARANAPANEMA ;0;0
53;56; PARANAPANEMA ;0;0
53;57; PARANAPANEMA ;0;0
53;58; PARANAPANEMA ;0;0
53;59; PARANAPANEMA ;0;0
53;60; PARANAPANEMA ;0;0
53;61; PARANAPANEMA ;0;0
53;62; PARANAPANEMA ;0;0
53;63; PARANAPANEMA ;0;0
53;64; PARANAPANEMA ;0;0
53;65; PARANAPANEMA ;0;0
57;1; MAUA         ;65;1
57;2; MAUA         ;65;1
57;3; MAUA         ;65;1
57;4; MAUA         ;65;1
57;5; MAUA         ;65;1
57;6; MAUA         ;65;1
57;7; MAUA         ;65;1
57;8; MAUA         ;65;1
57;9; MAUA         ;65;1
57;10; MAUA         ;65;1
57;11; MAUA         ;65;1
57;12; MAUA         ;65;1
57;13; MAUA         ;65;1
57;14; MAUA         ;65;1
57;15; MAUA         ;65;1
57;16; MAUA         ;65;1
57;17; MAUA         ;65;1
57;18; MAUA         ;65;1
57;19; MAUA         ;65;1
57;20; MAUA         ;65;1
57;21; MAUA         ;65;1
57;22; MAUA         ;65;1
57;23; MAUA         ;65;1
57;24; MAUA         ;65;1
57;25; MAUA         ;65;1
57;26; MAUA         ;65;1
57;27; MAUA         ;65;1
57;28; MAUA         ;65;1
57;29; MAUA         ;65;1
57;30; MAUA         ;65;1
57;31; MAUA         ;65;1
57;32; MAUA         ;65;1
57;33; MAUA         ;65;1
57;34; MAUA         ;65;1
57;35; MAUA         ;65;1
57;36; MAUA         ;65;1
57;37; MAUA         ;65;1
57;38; MAUA         ;65;1
57;39; MAUA         ;65;1
57;40; MAUA         ;65;1
57;41; MAUA         ;65;1
57;42; MAUA         ;65;1
57;43; MAUA         ;65;1
57;44; MAUA         ;65;1
57;45; MAUA         ;65;1
57;46; MAUA         ;65;1
57;47; MAUA         ;65;1
57;48; MAUA         ;65;1
57;49; MAUA         ;63;1
57;50; MAUA         ;63;1
57;51; MAUA         ;63;1
57;52; MAUA         ;63;1
57;53; MAUA         ;63;1
57;54; MAUA         ;65;1
57;55; MAUA         ;65;1
57;56; MAUA         ;65;1
57;57; MAUA         ;65;1
57;58; MAUA         ;65;1
57;59; MAUA         ;67;1
57;60; MAUA         ;67;1
57;61; MAUA         ;67;1
57;62; MAUA         ;67;1
57;63; MAUA         ;67;1
57;64; MAUA         ;66;1
57;65; MAUA         ;66;1
61;1; CAPIVARA     ;246;3.3
61;2; CAPIVARA     ;246;3.3
61;3; CAPIVARA     ;246;3.3
61;4; CAPIVARA     ;246;3.3
61;5; CAPIVARA     ;246;3.3
61;6; CAPIVARA     ;246;3.3
61;7; CAPIVARA     ;246;3.3
61;8; CAPIVARA     ;246;3.3
61;9; CAPIVARA     ;246;3.3
61;10; CAPIVARA     ;246;3.3
61;11; CAPIVARA     ;246;3.3
61;12; CAPIVARA     ;246;3.3
61;13; CAPIVARA     ;246;3.3
61;14; CAPIVARA     ;246;3.3
61;15; CAPIVARA     ;246;3.3
61;16; CAPIVARA     ;246;3.3
61;17; CAPIVARA     ;246;3.3
61;18; CAPIVARA     ;246;3.3
61;19; CAPIVARA     ;246;3.3
61;20; CAPIVARA     ;246;3.3
61;21; CAPIVARA     ;246;3.3
61;22; CAPIVARA     ;246;3.3
61;23; CAPIVARA     ;246;3.3
61;24; CAPIVARA     ;246;3.3
61;25; CAPIVARA     ;246;3.3
61;26; CAPIVARA     ;246;3.3
61;27; CAPIVARA     ;246;3.3
61;28; CAPIVARA     ;246;3.3
61;29; CAPIVARA     ;246;3.3
61;30; CAPIVARA     ;246;3.3
61;31; CAPIVARA     ;246;3.3
61;32; CAPIVARA     ;246;3.3
61;33; CAPIVARA     ;246;3.3
61;34; CAPIVARA     ;246;3.3
61;35; CAPIVARA     ;246;3.3
61;36; CAPIVARA     ;246;3.3
61;37; CAPIVARA     ;246;3.3
61;38; CAPIVARA     ;246;3.3
61;39; CAPIVARA     ;246;3.3
61;40; CAPIVARA     ;246;3.3
61;41; CAPIVARA     ;246;3.3
61;42; CAPIVARA     ;246;3.3
61;43; CAPIVARA     ;246;3.3
61;44; CAPIVARA     ;246;3.3
61;45; CAPIVARA     ;246;3.3
61;46; CAPIVARA     ;246;3.3
61;47; CAPIVARA     ;246;3.3
61;48; CAPIVARA     ;246;3.3
61;49; CAPIVARA     ;233;3.3
61;50; CAPIVARA     ;233;3.3
61;51; CAPIVARA     ;233;3.3
61;52; CAPIVARA     ;233;3.3
61;53; CAPIVARA     ;233;3.3
61;54; CAPIVARA     ;225;3.3
61;55; CAPIVARA     ;225;3.3
61;56; CAPIVARA     ;225;3.3
61;57; CAPIVARA     ;225;3.3
61;58; CAPIVARA     ;225;3.3
61;59; CAPIVARA     ;224;3.3
61;60; CAPIVARA     ;224;3.3
61;61; CAPIVARA     ;224;3.3
61;62; CAPIVARA     ;224;3.3
61;63; CAPIVARA     ;224;3.3
61;64; CAPIVARA     ;228;3.3
61;65; CAPIVARA     ;228;3.3
62;1; TAQUARUCU    ;39;0.3
62;2; TAQUARUCU    ;39;0.3
62;3; TAQUARUCU    ;39;0.3
62;4; TAQUARUCU    ;39;0.3
62;5; TAQUARUCU    ;39;0.3
62;6; TAQUARUCU    ;39;0.3
62;7; TAQUARUCU    ;39;0.3
62;8; TAQUARUCU    ;39;0.3
62;9; TAQUARUCU    ;39;0.3
62;10; TAQUARUCU    ;39;0.3
62;11; TAQUARUCU    ;39;0.3
62;12; TAQUARUCU    ;39;0.3
62;13; TAQUARUCU    ;39;0.3
62;14; TAQUARUCU    ;39;0.3
62;15; TAQUARUCU    ;39;0.3
62;16; TAQUARUCU    ;39;0.3
62;17; TAQUARUCU    ;39;0.3
62;18; TAQUARUCU    ;39;0.3
62;19; TAQUARUCU    ;39;0.3
62;20; TAQUARUCU    ;39;0.3
62;21; TAQUARUCU    ;39;0.3
62;22; TAQUARUCU    ;39;0.3
62;23; TAQUARUCU    ;39;0.3
62;24; TAQUARUCU    ;39;0.3
62;25; TAQUARUCU    ;39;0.3
62;26; TAQUARUCU    ;39;0.3
62;27; TAQUARUCU    ;39;0.3
62;28; TAQUARUCU    ;39;0.3
62;29; TAQUARUCU    ;39;0.3
62;30; TAQUARUCU    ;39;0.3
62;31; TAQUARUCU    ;39;0.3
62;32; TAQUARUCU    ;39;0.3
62;33; TAQUARUCU    ;39;0.3
62;34; TAQUARUCU    ;39;0.3
62;35; TAQUARUCU    ;39;0.3
62;36; TAQUARUCU    ;39;0.3
62;37; TAQUARUCU    ;39;0.3
62;38; TAQUARUCU    ;39;0.3
62;39; TAQUARUCU    ;39;0.3
62;40; TAQUARUCU    ;39;0.3
62;41; TAQUARUCU    ;39;0.3
62;42; TAQUARUCU    ;39;0.3
62;43; TAQUARUCU    ;39;0.3
62;44; TAQUARUCU    ;39;0.3
62;45; TAQUARUCU    ;39;0.3
62;46; TAQUARUCU    ;39;0.3
62;47; TAQUARUCU    ;39;0.3
62;48; TAQUARUCU    ;39;0.3
62;49; TAQUARUCU    ;38;0.3
62;50; TAQUARUCU    ;38;0.3
62;51; TAQUARUCU    ;38;0.3
62;52; TAQUARUCU    ;38;0.3
62;53; TAQUARUCU    ;38;0.3
62;54; TAQUARUCU    ;37;0.3
62;55; TAQUARUCU    ;37;0.3
62;56; TAQUARUCU    ;37;0.3
62;57; TAQUARUCU    ;37;0.3
62;58; TAQUARUCU    ;37;0.3
62;59; TAQUARUCU    ;37;0.3
62;60; TAQUARUCU    ;37;0.3
62;61; TAQUARUCU    ;37;0.3
62;62; TAQUARUCU    ;37;0.3
62;63; TAQUARUCU    ;37;0.3
62;64; TAQUARUCU    ;37;0.3
62;65; TAQUARUCU    ;37;0.3
63;1; ROSANA       ;92;2.1
63;2; ROSANA       ;92;2.1
63;3; ROSANA       ;92;2.1
63;4; ROSANA       ;92;2.1
63;5; ROSANA       ;92;2.1
63;6; ROSANA       ;92;2.1
63;7; ROSANA       ;92;2.1
63;8; ROSANA       ;92;2.1
63;9; ROSANA       ;92;2.1
63;10; ROSANA       ;92;2.1
63;11; ROSANA       ;92;2.1
63;12; ROSANA       ;92;2.1
63;13; ROSANA       ;92;2.1
63;14; ROSANA       ;92;2.1
63;15; ROSANA       ;92;2.1
63;16; ROSANA       ;92;2.1
63;17; ROSANA       ;92;2.1
63;18; ROSANA       ;92;2.1
63;19; ROSANA       ;92;2.1
63;20; ROSANA       ;92;2.1
63;21; ROSANA       ;92;2.1
63;22; ROSANA       ;92;2.1
63;23; ROSANA       ;92;2.1
63;24; ROSANA       ;92;2.1
63;25; ROSANA       ;92;2.1
63;26; ROSANA       ;92;2.1
63;27; ROSANA       ;92;2.1
63;28; ROSANA       ;92;2.1
63;29; ROSANA       ;92;2.1
63;30; ROSANA       ;92;2.1
63;31; ROSANA       ;92;2.1
63;32; ROSANA       ;92;2.1
63;33; ROSANA       ;92;2.1
63;34; ROSANA       ;92;2.1
63;35; ROSANA       ;92;2.1
63;36; ROSANA       ;92;2.1
63;37; ROSANA       ;92;2.1
63;38; ROSANA       ;92;2.1
63;39; ROSANA       ;92;2.1
63;40; ROSANA       ;92;2.1
63;41; ROSANA       ;92;2.1
63;42; ROSANA       ;92;2.1
63;43; ROSANA       ;92;2.1
63;44; ROSANA       ;92;2.1
63;45; ROSANA       ;92;2.1
63;46; ROSANA       ;92;2.1
63;47; ROSANA       ;92;2.1
63;48; ROSANA       ;92;2.1
63;49; ROSANA       ;89;2.1
63;50; ROSANA       ;89;2.1
63;51; ROSANA       ;89;2.1
63;52; ROSANA       ;89;2.1
63;53; ROSANA       ;89;2.1
63;54; ROSANA       ;87;2.1
63;55; ROSANA       ;87;2.1
63;56; ROSANA       ;87;2.1
63;57; ROSANA       ;87;2.1
63;58; ROSANA       ;87;2.1
63;59; ROSANA       ;87;2.1
63;60; ROSANA       ;87;2.1
63;61; ROSANA       ;87;2.1
63;62; ROSANA       ;87;2.1
63;63; ROSANA       ;87;2.1
63;64; ROSANA       ;87;2.1
63;65; ROSANA       ;87;2.1
66;1; ITAIPU       ;1206;17
66;2; ITAIPU       ;1206;17
66;3; ITAIPU       ;1206;17
66;4; ITAIPU       ;1206;17
66;5; ITAIPU       ;1206;17
66;6; ITAIPU       ;1206;17
66;7; ITAIPU       ;1206;17
66;8; ITAIPU       ;1206;17
66;9; ITAIPU       ;1206;17
66;10; ITAIPU       ;1206;17
66;11; ITAIPU       ;1206;17
66;12; ITAIPU       ;1206;17
66;13; ITAIPU       ;1206;17
66;14; ITAIPU       ;1206;17
66;15; ITAIPU       ;1206;17
66;16; ITAIPU       ;1206;17
66;17; ITAIPU       ;1206;17
66;18; ITAIPU       ;1206;17
66;19; ITAIPU       ;1206;17
66;20; ITAIPU       ;1206;17
66;21; ITAIPU       ;1206;17
66;22; ITAIPU       ;1206;17
66;23; ITAIPU       ;1206;17
66;24; ITAIPU       ;1206;17
66;25; ITAIPU       ;1206;17
66;26; ITAIPU       ;1206;17
66;27; ITAIPU       ;1206;17
66;28; ITAIPU       ;1206;17
66;29; ITAIPU       ;1206;17
66;30; ITAIPU       ;1206;17
66;31; ITAIPU       ;1206;17
66;32; ITAIPU       ;1206;17
66;33; ITAIPU       ;1206;17
66;34; ITAIPU       ;1206;17
66;35; ITAIPU       ;1206;17
66;36; ITAIPU       ;1206;17
66;37; ITAIPU       ;1206;17
66;38; ITAIPU       ;1206;17
66;39; ITAIPU       ;1206;17
66;40; ITAIPU       ;1206;17
66;41; ITAIPU       ;1206;17
66;42; ITAIPU       ;1206;17
66;43; ITAIPU       ;1206;17
66;44; ITAIPU       ;1206;17
66;45; ITAIPU       ;1206;17
66;46; ITAIPU       ;1206;17
66;47; ITAIPU       ;1206;17
66;48; ITAIPU       ;1206;17
66;49; ITAIPU       ;1137;17
66;50; ITAIPU       ;1137;17
66;51; ITAIPU       ;1137;17
66;52; ITAIPU       ;1137;17
66;53; ITAIPU       ;1137;17
66;54; ITAIPU       ;1083;17
66;55; ITAIPU       ;1083;17
66;56; ITAIPU       ;1083;17
66;57; ITAIPU       ;1083;17
66;58; ITAIPU       ;1083;17
66;59; ITAIPU       ;1040;17
66;60; ITAIPU       ;1040;17
66;61; ITAIPU       ;1040;17
66;62; ITAIPU       ;1040;17
66;63; ITAIPU       ;1040;17
66;64; ITAIPU       ;1010;17
66;65; ITAIPU       ;1010;17
71;1; STA CLARA PR ;38;0.4
71;2; STA CLARA PR ;38;0.4
71;3; STA CLARA PR ;38;0.4
71;4; STA CLARA PR ;38;0.4
71;5; STA CLARA PR ;38;0.4
71;6; STA CLARA PR ;38;0.4
71;7; STA CLARA PR ;38;0.4
71;8; STA CLARA PR ;38;0.4
71;9; STA CLARA PR ;38;0.4
71;10; STA CLARA PR ;38;0.4
71;11; STA CLARA PR ;38;0.4
71;12; STA CLARA PR ;38;0.4
71;13; STA CLARA PR ;38;0.4
71;14; STA CLARA PR ;38;0.4
71;15; STA CLARA PR ;38;0.4
71;16; STA CLARA PR ;38;0.4
71;17; STA CLARA PR ;38;0.4
71;18; STA CLARA PR ;38;0.4
71;19; STA CLARA PR ;38;0.4
71;20; STA CLARA PR ;38;0.4
71;21; STA CLARA PR ;38;0.4
71;22; STA CLARA PR ;38;0.4
71;23; STA CLARA PR ;38;0.4
71;24; STA CLARA PR ;38;0.4
71;25; STA CLARA PR ;38;0.4
71;26; STA CLARA PR ;38;0.4
71;27; STA CLARA PR ;38;0.4
71;28; STA CLARA PR ;38;0.4
71;29; STA CLARA PR ;38;0.4
71;30; STA CLARA PR ;38;0.4
71;31; STA CLARA PR ;38;0.4
71;32; STA CLARA PR ;38;0.4
71;33; STA CLARA PR ;38;0.4
71;34; STA CLARA PR ;38;0.4
71;35; STA CLARA PR ;38;0.4
71;36; STA CLARA PR ;38;0.4
71;37; STA CLARA PR ;38;0.4
71;38; STA CLARA PR ;38;0.4
71;39; STA CLARA PR ;38;0.4
71;40; STA CLARA PR ;38;0.4
71;41; STA CLARA PR ;38;0.4
71;42; STA CLARA PR ;38;0.4
71;43; STA CLARA PR ;38;0.4
71;44; STA CLARA PR ;38;0.4
71;45; STA CLARA PR ;38;0.4
71;46; STA CLARA PR ;38;0.4
71;47; STA CLARA PR ;38;0.4
71;48; STA CLARA PR ;38;0.4
71;49; STA CLARA PR ;36;0.4
71;50; STA CLARA PR ;36;0.4
71;51; STA CLARA PR ;36;0.4
71;52; STA CLARA PR ;36;0.4
71;53; STA CLARA PR ;36;0.4
71;54; STA CLARA PR ;36;0.4
71;55; STA CLARA PR ;36;0.4
71;56; STA CLARA PR ;36;0.4
71;57; STA CLARA PR ;36;0.4
71;58; STA CLARA PR ;36;0.4
71;59; STA CLARA PR ;35;0.4
71;60; STA CLARA PR ;35;0.4
71;61; STA CLARA PR ;35;0.4
71;62; STA CLARA PR ;35;0.4
71;63; STA CLARA PR ;35;0.4
71;64; STA CLARA PR ;35;0.4
71;65; STA CLARA PR ;35;0.4
72;1; FUNDAO       ;1;0
72;2; FUNDAO       ;1;0
72;3; FUNDAO       ;1;0
72;4; FUNDAO       ;1;0
72;5; FUNDAO       ;1;0
72;6; FUNDAO       ;1;0
72;7; FUNDAO       ;1;0
72;8; FUNDAO       ;1;0
72;9; FUNDAO       ;1;0
72;10; FUNDAO       ;1;0
72;11; FUNDAO       ;1;0
72;12; FUNDAO       ;1;0
72;13; FUNDAO       ;1;0
72;14; FUNDAO       ;1;0
72;15; FUNDAO       ;1;0
72;16; FUNDAO       ;1;0
72;17; FUNDAO       ;1;0
72;18; FUNDAO       ;1;0
72;19; FUNDAO       ;1;0
72;20; FUNDAO       ;1;0
72;21; FUNDAO       ;1;0
72;22; FUNDAO       ;1;0
72;23; FUNDAO       ;1;0
72;24; FUNDAO       ;1;0
72;25; FUNDAO       ;1;0
72;26; FUNDAO       ;1;0
72;27; FUNDAO       ;1;0
72;28; FUNDAO       ;1;0
72;29; FUNDAO       ;1;0
72;30; FUNDAO       ;1;0
72;31; FUNDAO       ;1;0
72;32; FUNDAO       ;1;0
72;33; FUNDAO       ;1;0
72;34; FUNDAO       ;1;0
72;35; FUNDAO       ;1;0
72;36; FUNDAO       ;1;0
72;37; FUNDAO       ;1;0
72;38; FUNDAO       ;1;0
72;39; FUNDAO       ;1;0
72;40; FUNDAO       ;1;0
72;41; FUNDAO       ;1;0
72;42; FUNDAO       ;1;0
72;43; FUNDAO       ;1;0
72;44; FUNDAO       ;1;0
72;45; FUNDAO       ;1;0
72;46; FUNDAO       ;1;0
72;47; FUNDAO       ;1;0
72;48; FUNDAO       ;1;0
72;49; FUNDAO       ;1;0
72;50; FUNDAO       ;1;0
72;51; FUNDAO       ;1;0
72;52; FUNDAO       ;1;0
72;53; FUNDAO       ;1;0
72;54; FUNDAO       ;1;0
72;55; FUNDAO       ;1;0
72;56; FUNDAO       ;1;0
72;57; FUNDAO       ;1;0
72;58; FUNDAO       ;1;0
72;59; FUNDAO       ;1;0
72;60; FUNDAO       ;1;0
72;61; FUNDAO       ;1;0
72;62; FUNDAO       ;1;0
72;63; FUNDAO       ;1;0
72;64; FUNDAO       ;1;0
72;65; FUNDAO       ;1;0
73;1; JORDAO       ;4;0
73;2; JORDAO       ;4;0
73;3; JORDAO       ;4;0
73;4; JORDAO       ;4;0
73;5; JORDAO       ;4;0
73;6; JORDAO       ;4;0
73;7; JORDAO       ;4;0
73;8; JORDAO       ;4;0
73;9; JORDAO       ;4;0
73;10; JORDAO       ;4;0
73;11; JORDAO       ;4;0
73;12; JORDAO       ;4;0
73;13; JORDAO       ;4;0
73;14; JORDAO       ;4;0
73;15; JORDAO       ;4;0
73;16; JORDAO       ;4;0
73;17; JORDAO       ;4;0
73;18; JORDAO       ;4;0
73;19; JORDAO       ;4;0
73;20; JORDAO       ;4;0
73;21; JORDAO       ;4;0
73;22; JORDAO       ;4;0
73;23; JORDAO       ;4;0
73;24; JORDAO       ;4;0
73;25; JORDAO       ;4;0
73;26; JORDAO       ;4;0
73;27; JORDAO       ;4;0
73;28; JORDAO       ;4;0
73;29; JORDAO       ;4;0
73;30; JORDAO       ;4;0
73;31; JORDAO       ;4;0
73;32; JORDAO       ;4;0
73;33; JORDAO       ;4;0
73;34; JORDAO       ;4;0
73;35; JORDAO       ;4;0
73;36; JORDAO       ;4;0
73;37; JORDAO       ;4;0
73;38; JORDAO       ;4;0
73;39; JORDAO       ;4;0
73;40; JORDAO       ;4;0
73;41; JORDAO       ;4;0
73;42; JORDAO       ;4;0
73;43; JORDAO       ;4;0
73;44; JORDAO       ;4;0
73;45; JORDAO       ;4;0
73;46; JORDAO       ;4;0
73;47; JORDAO       ;4;0
73;48; JORDAO       ;4;0
73;49; JORDAO       ;5;0
73;50; JORDAO       ;5;0
73;51; JORDAO       ;5;0
73;52; JORDAO       ;5;0
73;53; JORDAO       ;5;0
73;54; JORDAO       ;5;0
73;55; JORDAO       ;5;0
73;56; JORDAO       ;5;0
73;57; JORDAO       ;5;0
73;58; JORDAO       ;5;0
73;59; JORDAO       ;5;0
73;60; JORDAO       ;5;0
73;61; JORDAO       ;5;0
73;62; JORDAO       ;5;0
73;63; JORDAO       ;5;0
73;64; JORDAO       ;5;0
73;65; JORDAO       ;5;0
74;1; G.B. MUNHOZ  ;224;6.9
74;2; G.B. MUNHOZ  ;224;6.9
74;3; G.B. MUNHOZ  ;224;6.9
74;4; G.B. MUNHOZ  ;224;6.9
74;5; G.B. MUNHOZ  ;224;6.9
74;6; G.B. MUNHOZ  ;224;6.9
74;7; G.B. MUNHOZ  ;224;6.9
74;8; G.B. MUNHOZ  ;224;6.9
74;9; G.B. MUNHOZ  ;224;6.9
74;10; G.B. MUNHOZ  ;224;6.9
74;11; G.B. MUNHOZ  ;224;6.9
74;12; G.B. MUNHOZ  ;224;6.9
74;13; G.B. MUNHOZ  ;224;6.9
74;14; G.B. MUNHOZ  ;224;6.9
74;15; G.B. MUNHOZ  ;224;6.9
74;16; G.B. MUNHOZ  ;224;6.9
74;17; G.B. MUNHOZ  ;224;6.9
74;18; G.B. MUNHOZ  ;224;6.9
74;19; G.B. MUNHOZ  ;224;6.9
74;20; G.B. MUNHOZ  ;224;6.9
74;21; G.B. MUNHOZ  ;224;6.9
74;22; G.B. MUNHOZ  ;224;6.9
74;23; G.B. MUNHOZ  ;224;6.9
74;24; G.B. MUNHOZ  ;224;6.9
74;25; G.B. MUNHOZ  ;224;6.9
74;26; G.B. MUNHOZ  ;224;6.9
74;27; G.B. MUNHOZ  ;224;6.9
74;28; G.B. MUNHOZ  ;224;6.9
74;29; G.B. MUNHOZ  ;224;6.9
74;30; G.B. MUNHOZ  ;224;6.9
74;31; G.B. MUNHOZ  ;224;6.9
74;32; G.B. MUNHOZ  ;224;6.9
74;33; G.B. MUNHOZ  ;224;6.9
74;34; G.B. MUNHOZ  ;224;6.9
74;35; G.B. MUNHOZ  ;224;6.9
74;36; G.B. MUNHOZ  ;224;6.9
74;37; G.B. MUNHOZ  ;224;6.9
74;38; G.B. MUNHOZ  ;224;6.9
74;39; G.B. MUNHOZ  ;224;6.9
74;40; G.B. MUNHOZ  ;224;6.9
74;41; G.B. MUNHOZ  ;224;6.9
74;42; G.B. MUNHOZ  ;224;6.9
74;43; G.B. MUNHOZ  ;224;6.9
74;44; G.B. MUNHOZ  ;224;6.9
74;45; G.B. MUNHOZ  ;224;6.9
74;46; G.B. MUNHOZ  ;224;6.9
74;47; G.B. MUNHOZ  ;224;6.9
74;48; G.B. MUNHOZ  ;224;6.9
74;49; G.B. MUNHOZ  ;214;6.9
74;50; G.B. MUNHOZ  ;214;6.9
74;51; G.B. MUNHOZ  ;214;6.9
74;52; G.B. MUNHOZ  ;214;6.9
74;53; G.B. MUNHOZ  ;214;6.9
74;54; G.B. MUNHOZ  ;208;6.9
74;55; G.B. MUNHOZ  ;208;6.9
74;56; G.B. MUNHOZ  ;208;6.9
74;57; G.B. MUNHOZ  ;208;6.9
74;58; G.B. MUNHOZ  ;208;6.9
74;59; G.B. MUNHOZ  ;202;6.9
74;60; G.B. MUNHOZ  ;202;6.9
74;61; G.B. MUNHOZ  ;202;6.9
74;62; G.B. MUNHOZ  ;202;6.9
74;63; G.B. MUNHOZ  ;202;6.9
74;64; G.B. MUNHOZ  ;198;6.9
74;65; G.B. MUNHOZ  ;198;6.9
76;1; SEGREDO      ;22;0.1
76;2; SEGREDO      ;22;0.1
76;3; SEGREDO      ;22;0.1
76;4; SEGREDO      ;22;0.1
76;5; SEGREDO      ;22;0.1
76;6; SEGREDO      ;22;0.1
76;7; SEGREDO      ;22;0.1
76;8; SEGREDO      ;22;0.1
76;9; SEGREDO      ;22;0.1
76;10; SEGREDO      ;22;0.1
76;11; SEGREDO      ;22;0.1
76;12; SEGREDO      ;22;0.1
76;13; SEGREDO      ;22;0.1
76;14; SEGREDO      ;22;0.1
76;15; SEGREDO      ;22;0.1
76;16; SEGREDO      ;22;0.1
76;17; SEGREDO      ;22;0.1
76;18; SEGREDO      ;22;0.1
76;19; SEGREDO      ;22;0.1
76;20; SEGREDO      ;22;0.1
76;21; SEGREDO      ;22;0.1
76;22; SEGREDO      ;22;0.1
76;23; SEGREDO      ;22;0.1
76;24; SEGREDO      ;22;0.1
76;25; SEGREDO      ;22;0.1
76;26; SEGREDO      ;22;0.1
76;27; SEGREDO      ;22;0.1
76;28; SEGREDO      ;22;0.1
76;29; SEGREDO      ;22;0.1
76;30; SEGREDO      ;22;0.1
76;31; SEGREDO      ;22;0.1
76;32; SEGREDO      ;22;0.1
76;33; SEGREDO      ;22;0.1
76;34; SEGREDO      ;22;0.1
76;35; SEGREDO      ;22;0.1
76;36; SEGREDO      ;22;0.1
76;37; SEGREDO      ;22;0.1
76;38; SEGREDO      ;22;0.1
76;39; SEGREDO      ;22;0.1
76;40; SEGREDO      ;22;0.1
76;41; SEGREDO      ;22;0.1
76;42; SEGREDO      ;22;0.1
76;43; SEGREDO      ;22;0.1
76;44; SEGREDO      ;22;0.1
76;45; SEGREDO      ;22;0.1
76;46; SEGREDO      ;22;0.1
76;47; SEGREDO      ;22;0.1
76;48; SEGREDO      ;22;0.1
76;49; SEGREDO      ;23;0.1
76;50; SEGREDO      ;23;0.1
76;51; SEGREDO      ;23;0.1
76;52; SEGREDO      ;23;0.1
76;53; SEGREDO      ;23;0.1
76;54; SEGREDO      ;24;0.1
76;55; SEGREDO      ;24;0.1
76;56; SEGREDO      ;24;0.1
76;57; SEGREDO      ;24;0.1
76;58; SEGREDO      ;24;0.1
76;59; SEGREDO      ;24;0.1
76;60; SEGREDO      ;24;0.1
76;61; SEGREDO      ;24;0.1
76;62; SEGREDO      ;24;0.1
76;63; SEGREDO      ;24;0.1
76;64; SEGREDO      ;23;0.1
76;65; SEGREDO      ;23;0.1
77;1; SLT.SANTIAGO ;29;0.3
77;2; SLT.SANTIAGO ;29;0.3
77;3; SLT.SANTIAGO ;29;0.3
77;4; SLT.SANTIAGO ;29;0.3
77;5; SLT.SANTIAGO ;29;0.3
77;6; SLT.SANTIAGO ;29;0.3
77;7; SLT.SANTIAGO ;29;0.3
77;8; SLT.SANTIAGO ;29;0.3
77;9; SLT.SANTIAGO ;29;0.3
77;10; SLT.SANTIAGO ;29;0.3
77;11; SLT.SANTIAGO ;29;0.3
77;12; SLT.SANTIAGO ;29;0.3
77;13; SLT.SANTIAGO ;29;0.3
77;14; SLT.SANTIAGO ;29;0.3
77;15; SLT.SANTIAGO ;29;0.3
77;16; SLT.SANTIAGO ;29;0.3
77;17; SLT.SANTIAGO ;29;0.3
77;18; SLT.SANTIAGO ;29;0.3
77;19; SLT.SANTIAGO ;29;0.3
77;20; SLT.SANTIAGO ;29;0.3
77;21; SLT.SANTIAGO ;29;0.3
77;22; SLT.SANTIAGO ;29;0.3
77;23; SLT.SANTIAGO ;29;0.3
77;24; SLT.SANTIAGO ;29;0.3
77;25; SLT.SANTIAGO ;29;0.3
77;26; SLT.SANTIAGO ;29;0.3
77;27; SLT.SANTIAGO ;29;0.3
77;28; SLT.SANTIAGO ;29;0.3
77;29; SLT.SANTIAGO ;29;0.3
77;30; SLT.SANTIAGO ;29;0.3
77;31; SLT.SANTIAGO ;29;0.3
77;32; SLT.SANTIAGO ;29;0.3
77;33; SLT.SANTIAGO ;29;0.3
77;34; SLT.SANTIAGO ;29;0.3
77;35; SLT.SANTIAGO ;29;0.3
77;36; SLT.SANTIAGO ;29;0.3
77;37; SLT.SANTIAGO ;29;0.3
77;38; SLT.SANTIAGO ;29;0.3
77;39; SLT.SANTIAGO ;29;0.3
77;40; SLT.SANTIAGO ;29;0.3
77;41; SLT.SANTIAGO ;29;0.3
77;42; SLT.SANTIAGO ;29;0.3
77;43; SLT.SANTIAGO ;29;0.3
77;44; SLT.SANTIAGO ;29;0.3
77;45; SLT.SANTIAGO ;29;0.3
77;46; SLT.SANTIAGO ;29;0.3
77;47; SLT.SANTIAGO ;29;0.3
77;48; SLT.SANTIAGO ;29;0.3
77;49; SLT.SANTIAGO ;27;0.3
77;50; SLT.SANTIAGO ;27;0.3
77;51; SLT.SANTIAGO ;27;0.3
77;52; SLT.SANTIAGO ;27;0.3
77;53; SLT.SANTIAGO ;27;0.3
77;54; SLT.SANTIAGO ;26;0.3
77;55; SLT.SANTIAGO ;26;0.3
77;56; SLT.SANTIAGO ;26;0.3
77;57; SLT.SANTIAGO ;26;0.3
77;58; SLT.SANTIAGO ;26;0.3
77;59; SLT.SANTIAGO ;25;0.3
77;60; SLT.SANTIAGO ;25;0.3
77;61; SLT.SANTIAGO ;25;0.3
77;62; SLT.SANTIAGO ;25;0.3
77;63; SLT.SANTIAGO ;25;0.3
77;64; SLT.SANTIAGO ;24;0.3
77;65; SLT.SANTIAGO ;24;0.3
78;1; SALTO OSORIO ;12;0.1
78;2; SALTO OSORIO ;12;0.1
78;3; SALTO OSORIO ;12;0.1
78;4; SALTO OSORIO ;12;0.1
78;5; SALTO OSORIO ;12;0.1
78;6; SALTO OSORIO ;12;0.1
78;7; SALTO OSORIO ;12;0.1
78;8; SALTO OSORIO ;12;0.1
78;9; SALTO OSORIO ;12;0.1
78;10; SALTO OSORIO ;12;0.1
78;11; SALTO OSORIO ;12;0.1
78;12; SALTO OSORIO ;12;0.1
78;13; SALTO OSORIO ;12;0.1
78;14; SALTO OSORIO ;12;0.1
78;15; SALTO OSORIO ;12;0.1
78;16; SALTO OSORIO ;12;0.1
78;17; SALTO OSORIO ;12;0.1
78;18; SALTO OSORIO ;12;0.1
78;19; SALTO OSORIO ;12;0.1
78;20; SALTO OSORIO ;12;0.1
78;21; SALTO OSORIO ;12;0.1
78;22; SALTO OSORIO ;12;0.1
78;23; SALTO OSORIO ;12;0.1
78;24; SALTO OSORIO ;12;0.1
78;25; SALTO OSORIO ;12;0.1
78;26; SALTO OSORIO ;12;0.1
78;27; SALTO OSORIO ;12;0.1
78;28; SALTO OSORIO ;12;0.1
78;29; SALTO OSORIO ;12;0.1
78;30; SALTO OSORIO ;12;0.1
78;31; SALTO OSORIO ;12;0.1
78;32; SALTO OSORIO ;12;0.1
78;33; SALTO OSORIO ;12;0.1
78;34; SALTO OSORIO ;12;0.1
78;35; SALTO OSORIO ;12;0.1
78;36; SALTO OSORIO ;12;0.1
78;37; SALTO OSORIO ;12;0.1
78;38; SALTO OSORIO ;12;0.1
78;39; SALTO OSORIO ;12;0.1
78;40; SALTO OSORIO ;12;0.1
78;41; SALTO OSORIO ;12;0.1
78;42; SALTO OSORIO ;12;0.1
78;43; SALTO OSORIO ;12;0.1
78;44; SALTO OSORIO ;12;0.1
78;45; SALTO OSORIO ;12;0.1
78;46; SALTO OSORIO ;12;0.1
78;47; SALTO OSORIO ;12;0.1
78;48; SALTO OSORIO ;12;0.1
78;49; SALTO OSORIO ;11;0.1
78;50; SALTO OSORIO ;11;0.1
78;51; SALTO OSORIO ;11;0.1
78;52; SALTO OSORIO ;11;0.1
78;53; SALTO OSORIO ;11;0.1
78;54; SALTO OSORIO ;10;0.1
78;55; SALTO OSORIO ;10;0.1
78;56; SALTO OSORIO ;10;0.1
78;57; SALTO OSORIO ;10;0.1
78;58; SALTO OSORIO ;10;0.1
78;59; SALTO OSORIO ;10;0.1
78;60; SALTO OSORIO ;10;0.1
78;61; SALTO OSORIO ;10;0.1
78;62; SALTO OSORIO ;10;0.1
78;63; SALTO OSORIO ;10;0.1
78;64; SALTO OSORIO ;9;0.1
78;65; SALTO OSORIO ;9;0.1
82;1; SALTO CAXIAS ;72;1.1
82;2; SALTO CAXIAS ;72;1.1
82;3; SALTO CAXIAS ;72;1.1
82;4; SALTO CAXIAS ;72;1.1
82;5; SALTO CAXIAS ;72;1.1
82;6; SALTO CAXIAS ;72;1.1
82;7; SALTO CAXIAS ;72;1.1
82;8; SALTO CAXIAS ;72;1.1
82;9; SALTO CAXIAS ;72;1.1
82;10; SALTO CAXIAS ;72;1.1
82;11; SALTO CAXIAS ;72;1.1
82;12; SALTO CAXIAS ;72;1.1
82;13; SALTO CAXIAS ;72;1.1
82;14; SALTO CAXIAS ;72;1.1
82;15; SALTO CAXIAS ;72;1.1
82;16; SALTO CAXIAS ;72;1.1
82;17; SALTO CAXIAS ;72;1.1
82;18; SALTO CAXIAS ;72;1.1
82;19; SALTO CAXIAS ;72;1.1
82;20; SALTO CAXIAS ;72;1.1
82;21; SALTO CAXIAS ;72;1.1
82;22; SALTO CAXIAS ;72;1.1
82;23; SALTO CAXIAS ;72;1.1
82;24; SALTO CAXIAS ;72;1.1
82;25; SALTO CAXIAS ;72;1.1
82;26; SALTO CAXIAS ;72;1.1
82;27; SALTO CAXIAS ;72;1.1
82;28; SALTO CAXIAS ;72;1.1
82;29; SALTO CAXIAS ;72;1.1
82;30; SALTO CAXIAS ;72;1.1
82;31; SALTO CAXIAS ;72;1.1
82;32; SALTO CAXIAS ;72;1.1
82;33; SALTO CAXIAS ;72;1.1
82;34; SALTO CAXIAS ;72;1.1
82;35; SALTO CAXIAS ;72;1.1
82;36; SALTO CAXIAS ;72;1.1
82;37; SALTO CAXIAS ;72;1.1
82;38; SALTO CAXIAS ;72;1.1
82;39; SALTO CAXIAS ;72;1.1
82;40; SALTO CAXIAS ;72;1.1
82;41; SALTO CAXIAS ;72;1.1
82;42; SALTO CAXIAS ;72;1.1
82;43; SALTO CAXIAS ;72;1.1
82;44; SALTO CAXIAS ;72;1.1
82;45; SALTO CAXIAS ;72;1.1
82;46; SALTO CAXIAS ;72;1.1
82;47; SALTO CAXIAS ;72;1.1
82;48; SALTO CAXIAS ;72;1.1
82;49; SALTO CAXIAS ;66;1.1
82;50; SALTO CAXIAS ;66;1.1
82;51; SALTO CAXIAS ;66;1.1
82;52; SALTO CAXIAS ;66;1.1
82;53; SALTO CAXIAS ;66;1.1
82;54; SALTO CAXIAS ;64;1.1
82;55; SALTO CAXIAS ;64;1.1
82;56; SALTO CAXIAS ;64;1.1
82;57; SALTO CAXIAS ;64;1.1
82;58; SALTO CAXIAS ;64;1.1
82;59; SALTO CAXIAS ;62;1.1
82;60; SALTO CAXIAS ;62;1.1
82;61; SALTO CAXIAS ;62;1.1
82;62; SALTO CAXIAS ;62;1.1
82;63; SALTO CAXIAS ;62;1.1
82;64; SALTO CAXIAS ;59;1.1
82;65; SALTO CAXIAS ;59;1.1
83;1; BAIXO IGUACU ;29;1.2
83;2; BAIXO IGUACU ;29;1.2
83;3; BAIXO IGUACU ;29;1.2
83;4; BAIXO IGUACU ;29;1.2
83;5; BAIXO IGUACU ;29;1.2
83;6; BAIXO IGUACU ;29;1.2
83;7; BAIXO IGUACU ;29;1.2
83;8; BAIXO IGUACU ;29;1.2
83;9; BAIXO IGUACU ;29;1.2
83;10; BAIXO IGUACU ;29;1.2
83;11; BAIXO IGUACU ;29;1.2
83;12; BAIXO IGUACU ;29;1.2
83;13; BAIXO IGUACU ;29;1.2
83;14; BAIXO IGUACU ;29;1.2
83;15; BAIXO IGUACU ;29;1.2
83;16; BAIXO IGUACU ;29;1.2
83;17; BAIXO IGUACU ;29;1.2
83;18; BAIXO IGUACU ;29;1.2
83;19; BAIXO IGUACU ;29;1.2
83;20; BAIXO IGUACU ;29;1.2
83;21; BAIXO IGUACU ;29;1.2
83;22; BAIXO IGUACU ;29;1.2
83;23; BAIXO IGUACU ;29;1.2
83;24; BAIXO IGUACU ;29;1.2
83;25; BAIXO IGUACU ;29;1.2
83;26; BAIXO IGUACU ;29;1.2
83;27; BAIXO IGUACU ;29;1.2
83;28; BAIXO IGUACU ;29;1.2
83;29; BAIXO IGUACU ;29;1.2
83;30; BAIXO IGUACU ;29;1.2
83;31; BAIXO IGUACU ;29;1.2
83;32; BAIXO IGUACU ;29;1.2
83;33; BAIXO IGUACU ;29;1.2
83;34; BAIXO IGUACU ;29;1.2
83;35; BAIXO IGUACU ;29;1.2
83;36; BAIXO IGUACU ;29;1.2
83;37; BAIXO IGUACU ;29;1.2
83;38; BAIXO IGUACU ;29;1.2
83;39; BAIXO IGUACU ;29;1.2
83;40; BAIXO IGUACU ;29;1.2
83;41; BAIXO IGUACU ;29;1.2
83;42; BAIXO IGUACU ;29;1.2
83;43; BAIXO IGUACU ;29;1.2
83;44; BAIXO IGUACU ;29;1.2
83;45; BAIXO IGUACU ;29;1.2
83;46; BAIXO IGUACU ;29;1.2
83;47; BAIXO IGUACU ;29;1.2
83;48; BAIXO IGUACU ;29;1.2
83;49; BAIXO IGUACU ;26;1.2
83;50; BAIXO IGUACU ;26;1.2
83;51; BAIXO IGUACU ;26;1.2
83;52; BAIXO IGUACU ;26;1.2
83;53; BAIXO IGUACU ;26;1.2
83;54; BAIXO IGUACU ;25;1.2
83;55; BAIXO IGUACU ;25;1.2
83;56; BAIXO IGUACU ;25;1.2
83;57; BAIXO IGUACU ;25;1.2
83;58; BAIXO IGUACU ;25;1.2
83;59; BAIXO IGUACU ;25;1.2
83;60; BAIXO IGUACU ;25;1.2
83;61; BAIXO IGUACU ;25;1.2
83;62; BAIXO IGUACU ;25;1.2
83;63; BAIXO IGUACU ;25;1.2
83;64; BAIXO IGUACU ;24;1.2
83;65; BAIXO IGUACU ;24;1.2
86;1; BARRA GRANDE ;57;0.4
86;2; BARRA GRANDE ;57;0.4
86;3; BARRA GRANDE ;57;0.4
86;4; BARRA GRANDE ;57;0.4
86;5; BARRA GRANDE ;57;0.4
86;6; BARRA GRANDE ;57;0.4
86;7; BARRA GRANDE ;57;0.4
86;8; BARRA GRANDE ;57;0.4
86;9; BARRA GRANDE ;57;0.4
86;10; BARRA GRANDE ;57;0.4
86;11; BARRA GRANDE ;57;0.4
86;12; BARRA GRANDE ;57;0.4
86;13; BARRA GRANDE ;57;0.4
86;14; BARRA GRANDE ;57;0.4
86;15; BARRA GRANDE ;57;0.4
86;16; BARRA GRANDE ;57;0.4
86;17; BARRA GRANDE ;57;0.4
86;18; BARRA GRANDE ;57;0.4
86;19; BARRA GRANDE ;57;0.4
86;20; BARRA GRANDE ;57;0.4
86;21; BARRA GRANDE ;57;0.4
86;22; BARRA GRANDE ;57;0.4
86;23; BARRA GRANDE ;57;0.4
86;24; BARRA GRANDE ;57;0.4
86;25; BARRA GRANDE ;57;0.4
86;26; BARRA GRANDE ;57;0.4
86;27; BARRA GRANDE ;57;0.4
86;28; BARRA GRANDE ;57;0.4
86;29; BARRA GRANDE ;57;0.4
86;30; BARRA GRANDE ;57;0.4
86;31; BARRA GRANDE ;57;0.4
86;32; BARRA GRANDE ;57;0.4
86;33; BARRA GRANDE ;57;0.4
86;34; BARRA GRANDE ;57;0.4
86;35; BARRA GRANDE ;57;0.4
86;36; BARRA GRANDE ;57;0.4
86;37; BARRA GRANDE ;57;0.4
86;38; BARRA GRANDE ;57;0.4
86;39; BARRA GRANDE ;57;0.4
86;40; BARRA GRANDE ;57;0.4
86;41; BARRA GRANDE ;57;0.4
86;42; BARRA GRANDE ;57;0.4
86;43; BARRA GRANDE ;57;0.4
86;44; BARRA GRANDE ;57;0.4
86;45; BARRA GRANDE ;57;0.4
86;46; BARRA GRANDE ;57;0.4
86;47; BARRA GRANDE ;57;0.4
86;48; BARRA GRANDE ;57;0.4
86;49; BARRA GRANDE ;56;0.4
86;50; BARRA GRANDE ;56;0.4
86;51; BARRA GRANDE ;56;0.4
86;52; BARRA GRANDE ;56;0.4
86;53; BARRA GRANDE ;56;0.4
86;54; BARRA GRANDE ;53;0.4
86;55; BARRA GRANDE ;53;0.4
86;56; BARRA GRANDE ;53;0.4
86;57; BARRA GRANDE ;53;0.4
86;58; BARRA GRANDE ;53;0.4
86;59; BARRA GRANDE ;50;0.4
86;60; BARRA GRANDE ;50;0.4
86;61; BARRA GRANDE ;50;0.4
86;62; BARRA GRANDE ;50;0.4
86;63; BARRA GRANDE ;50;0.4
86;64; BARRA GRANDE ;48;0.4
86;65; BARRA GRANDE ;48;0.4
87;1; CANASTRA     ;4;0.5
87;2; CANASTRA     ;4;0.5
87;3; CANASTRA     ;4;0.5
87;4; CANASTRA     ;4;0.5
87;5; CANASTRA     ;4;0.5
87;6; CANASTRA     ;4;0.5
87;7; CANASTRA     ;4;0.5
87;8; CANASTRA     ;4;0.5
87;9; CANASTRA     ;4;0.5
87;10; CANASTRA     ;4;0.5
87;11; CANASTRA     ;4;0.5
87;12; CANASTRA     ;4;0.5
87;13; CANASTRA     ;4;0.5
87;14; CANASTRA     ;4;0.5
87;15; CANASTRA     ;4;0.5
87;16; CANASTRA     ;4;0.5
87;17; CANASTRA     ;4;0.5
87;18; CANASTRA     ;4;0.5
87;19; CANASTRA     ;4;0.5
87;20; CANASTRA     ;4;0.5
87;21; CANASTRA     ;4;0.5
87;22; CANASTRA     ;4;0.5
87;23; CANASTRA     ;4;0.5
87;24; CANASTRA     ;4;0.5
87;25; CANASTRA     ;4;0.5
87;26; CANASTRA     ;4;0.5
87;27; CANASTRA     ;4;0.5
87;28; CANASTRA     ;4;0.5
87;29; CANASTRA     ;4;0.5
87;30; CANASTRA     ;4;0.5
87;31; CANASTRA     ;4;0.5
87;32; CANASTRA     ;4;0.5
87;33; CANASTRA     ;4;0.5
87;34; CANASTRA     ;4;0.5
87;35; CANASTRA     ;4;0.5
87;36; CANASTRA     ;4;0.5
87;37; CANASTRA     ;4;0.5
87;38; CANASTRA     ;4;0.5
87;39; CANASTRA     ;4;0.5
87;40; CANASTRA     ;4;0.5
87;41; CANASTRA     ;4;0.5
87;42; CANASTRA     ;4;0.5
87;43; CANASTRA     ;4;0.5
87;44; CANASTRA     ;4;0.5
87;45; CANASTRA     ;4;0.5
87;46; CANASTRA     ;4;0.5
87;47; CANASTRA     ;4;0.5
87;48; CANASTRA     ;4;0.5
87;49; CANASTRA     ;4;0.5
87;50; CANASTRA     ;4;0.5
87;51; CANASTRA     ;4;0.5
87;52; CANASTRA     ;4;0.5
87;53; CANASTRA     ;4;0.5
87;54; CANASTRA     ;3;0.5
87;55; CANASTRA     ;3;0.5
87;56; CANASTRA     ;3;0.5
87;57; CANASTRA     ;3;0.5
87;58; CANASTRA     ;3;0.5
87;59; CANASTRA     ;3;0.5
87;60; CANASTRA     ;3;0.5
87;61; CANASTRA     ;3;0.5
87;62; CANASTRA     ;3;0.5
87;63; CANASTRA     ;3;0.5
87;64; CANASTRA     ;3;0.5
87;65; CANASTRA     ;3;0.5
88;1; SAO ROQUE    ;86;0.5
88;2; SAO ROQUE    ;86;0.5
88;3; SAO ROQUE    ;86;0.5
88;4; SAO ROQUE    ;86;0.5
88;5; SAO ROQUE    ;86;0.5
88;6; SAO ROQUE    ;86;0.5
88;7; SAO ROQUE    ;86;0.5
88;8; SAO ROQUE    ;86;0.5
88;9; SAO ROQUE    ;86;0.5
88;10; SAO ROQUE    ;86;0.5
88;11; SAO ROQUE    ;86;0.5
88;12; SAO ROQUE    ;86;0.5
88;13; SAO ROQUE    ;86;0.5
88;14; SAO ROQUE    ;86;0.5
88;15; SAO ROQUE    ;86;0.5
88;16; SAO ROQUE    ;86;0.5
88;17; SAO ROQUE    ;86;0.5
88;18; SAO ROQUE    ;86;0.5
88;19; SAO ROQUE    ;86;0.5
88;20; SAO ROQUE    ;86;0.5
88;21; SAO ROQUE    ;86;0.5
88;22; SAO ROQUE    ;86;0.5
88;23; SAO ROQUE    ;86;0.5
88;24; SAO ROQUE    ;86;0.5
88;25; SAO ROQUE    ;86;0.5
88;26; SAO ROQUE    ;86;0.5
88;27; SAO ROQUE    ;86;0.5
88;28; SAO ROQUE    ;86;0.5
88;29; SAO ROQUE    ;86;0.5
88;30; SAO ROQUE    ;86;0.5
88;31; SAO ROQUE    ;86;0.5
88;32; SAO ROQUE    ;86;0.5
88;33; SAO ROQUE    ;86;0.5
88;34; SAO ROQUE    ;86;0.5
88;35; SAO ROQUE    ;86;0.5
88;36; SAO ROQUE    ;86;0.5
88;37; SAO ROQUE    ;86;0.5
88;38; SAO ROQUE    ;86;0.5
88;39; SAO ROQUE    ;86;0.5
88;40; SAO ROQUE    ;86;0.5
88;41; SAO ROQUE    ;86;0.5
88;42; SAO ROQUE    ;86;0.5
88;43; SAO ROQUE    ;86;0.5
88;44; SAO ROQUE    ;86;0.5
88;45; SAO ROQUE    ;86;0.5
88;46; SAO ROQUE    ;86;0.5
88;47; SAO ROQUE    ;86;0.5
88;48; SAO ROQUE    ;86;0.5
88;49; SAO ROQUE    ;79;0.5
88;50; SAO ROQUE    ;79;0.5
88;51; SAO ROQUE    ;79;0.5
88;52; SAO ROQUE    ;79;0.5
88;53; SAO ROQUE    ;79;0.5
88;54; SAO ROQUE    ;76;0.5
88;55; SAO ROQUE    ;76;0.5
88;56; SAO ROQUE    ;76;0.5
88;57; SAO ROQUE    ;76;0.5
88;58; SAO ROQUE    ;76;0.5
88;59; SAO ROQUE    ;73;0.5
88;60; SAO ROQUE    ;73;0.5
88;61; SAO ROQUE    ;73;0.5
88;62; SAO ROQUE    ;73;0.5
88;63; SAO ROQUE    ;73;0.5
88;64; SAO ROQUE    ;69;0.5
88;65; SAO ROQUE    ;69;0.5
89;1; GARIBALDI    ;19;0.4
89;2; GARIBALDI    ;19;0.4
89;3; GARIBALDI    ;19;0.4
89;4; GARIBALDI    ;19;0.4
89;5; GARIBALDI    ;19;0.4
89;6; GARIBALDI    ;19;0.4
89;7; GARIBALDI    ;19;0.4
89;8; GARIBALDI    ;19;0.4
89;9; GARIBALDI    ;19;0.4
89;10; GARIBALDI    ;19;0.4
89;11; GARIBALDI    ;19;0.4
89;12; GARIBALDI    ;19;0.4
89;13; GARIBALDI    ;19;0.4
89;14; GARIBALDI    ;19;0.4
89;15; GARIBALDI    ;19;0.4
89;16; GARIBALDI    ;19;0.4
89;17; GARIBALDI    ;19;0.4
89;18; GARIBALDI    ;19;0.4
89;19; GARIBALDI    ;19;0.4
89;20; GARIBALDI    ;19;0.4
89;21; GARIBALDI    ;19;0.4
89;22; GARIBALDI    ;19;0.4
89;23; GARIBALDI    ;19;0.4
89;24; GARIBALDI    ;19;0.4
89;25; GARIBALDI    ;19;0.4
89;26; GARIBALDI    ;19;0.4
89;27; GARIBALDI    ;19;0.4
89;28; GARIBALDI    ;19;0.4
89;29; GARIBALDI    ;19;0.4
89;30; GARIBALDI    ;19;0.4
89;31; GARIBALDI    ;19;0.4
89;32; GARIBALDI    ;19;0.4
89;33; GARIBALDI    ;19;0.4
89;34; GARIBALDI    ;19;0.4
89;35; GARIBALDI    ;19;0.4
89;36; GARIBALDI    ;19;0.4
89;37; GARIBALDI    ;19;0.4
89;38; GARIBALDI    ;19;0.4
89;39; GARIBALDI    ;19;0.4
89;40; GARIBALDI    ;19;0.4
89;41; GARIBALDI    ;19;0.4
89;42; GARIBALDI    ;19;0.4
89;43; GARIBALDI    ;19;0.4
89;44; GARIBALDI    ;19;0.4
89;45; GARIBALDI    ;19;0.4
89;46; GARIBALDI    ;19;0.4
89;47; GARIBALDI    ;19;0.4
89;48; GARIBALDI    ;19;0.4
89;49; GARIBALDI    ;18;0.4
89;50; GARIBALDI    ;18;0.4
89;51; GARIBALDI    ;18;0.4
89;52; GARIBALDI    ;18;0.4
89;53; GARIBALDI    ;18;0.4
89;54; GARIBALDI    ;17;0.4
89;55; GARIBALDI    ;17;0.4
89;56; GARIBALDI    ;17;0.4
89;57; GARIBALDI    ;17;0.4
89;58; GARIBALDI    ;17;0.4
89;59; GARIBALDI    ;16;0.4
89;60; GARIBALDI    ;16;0.4
89;61; GARIBALDI    ;16;0.4
89;62; GARIBALDI    ;16;0.4
89;63; GARIBALDI    ;16;0.4
89;64; GARIBALDI    ;15;0.4
89;65; GARIBALDI    ;15;0.4
90;1; CAMPOS NOVOS ;10;0.1
90;2; CAMPOS NOVOS ;10;0.1
90;3; CAMPOS NOVOS ;10;0.1
90;4; CAMPOS NOVOS ;10;0.1
90;5; CAMPOS NOVOS ;10;0.1
90;6; CAMPOS NOVOS ;10;0.1
90;7; CAMPOS NOVOS ;10;0.1
90;8; CAMPOS NOVOS ;10;0.1
90;9; CAMPOS NOVOS ;10;0.1
90;10; CAMPOS NOVOS ;10;0.1
90;11; CAMPOS NOVOS ;10;0.1
90;12; CAMPOS NOVOS ;10;0.1
90;13; CAMPOS NOVOS ;10;0.1
90;14; CAMPOS NOVOS ;10;0.1
90;15; CAMPOS NOVOS ;10;0.1
90;16; CAMPOS NOVOS ;10;0.1
90;17; CAMPOS NOVOS ;10;0.1
90;18; CAMPOS NOVOS ;10;0.1
90;19; CAMPOS NOVOS ;10;0.1
90;20; CAMPOS NOVOS ;10;0.1
90;21; CAMPOS NOVOS ;10;0.1
90;22; CAMPOS NOVOS ;10;0.1
90;23; CAMPOS NOVOS ;10;0.1
90;24; CAMPOS NOVOS ;10;0.1
90;25; CAMPOS NOVOS ;10;0.1
90;26; CAMPOS NOVOS ;10;0.1
90;27; CAMPOS NOVOS ;10;0.1
90;28; CAMPOS NOVOS ;10;0.1
90;29; CAMPOS NOVOS ;10;0.1
90;30; CAMPOS NOVOS ;10;0.1
90;31; CAMPOS NOVOS ;10;0.1
90;32; CAMPOS NOVOS ;10;0.1
90;33; CAMPOS NOVOS ;10;0.1
90;34; CAMPOS NOVOS ;10;0.1
90;35; CAMPOS NOVOS ;10;0.1
90;36; CAMPOS NOVOS ;10;0.1
90;37; CAMPOS NOVOS ;10;0.1
90;38; CAMPOS NOVOS ;10;0.1
90;39; CAMPOS NOVOS ;10;0.1
90;40; CAMPOS NOVOS ;10;0.1
90;41; CAMPOS NOVOS ;10;0.1
90;42; CAMPOS NOVOS ;10;0.1
90;43; CAMPOS NOVOS ;10;0.1
90;44; CAMPOS NOVOS ;10;0.1
90;45; CAMPOS NOVOS ;10;0.1
90;46; CAMPOS NOVOS ;10;0.1
90;47; CAMPOS NOVOS ;10;0.1
90;48; CAMPOS NOVOS ;10;0.1
90;49; CAMPOS NOVOS ;10;0.1
90;50; CAMPOS NOVOS ;10;0.1
90;51; CAMPOS NOVOS ;10;0.1
90;52; CAMPOS NOVOS ;10;0.1
90;53; CAMPOS NOVOS ;10;0.1
90;54; CAMPOS NOVOS ;9;0.1
90;55; CAMPOS NOVOS ;9;0.1
90;56; CAMPOS NOVOS ;9;0.1
90;57; CAMPOS NOVOS ;9;0.1
90;58; CAMPOS NOVOS ;9;0.1
90;59; CAMPOS NOVOS ;9;0.1
90;60; CAMPOS NOVOS ;9;0.1
90;61; CAMPOS NOVOS ;9;0.1
90;62; CAMPOS NOVOS ;9;0.1
90;63; CAMPOS NOVOS ;9;0.1
90;64; CAMPOS NOVOS ;8;0.1
90;65; CAMPOS NOVOS ;8;0.1
91;1; MACHADINHO   ;43;0.2
91;2; MACHADINHO   ;43;0.2
91;3; MACHADINHO   ;43;0.2
91;4; MACHADINHO   ;43;0.2
91;5; MACHADINHO   ;43;0.2
91;6; MACHADINHO   ;43;0.2
91;7; MACHADINHO   ;43;0.2
91;8; MACHADINHO   ;43;0.2
91;9; MACHADINHO   ;43;0.2
91;10; MACHADINHO   ;43;0.2
91;11; MACHADINHO   ;43;0.2
91;12; MACHADINHO   ;43;0.2
91;13; MACHADINHO   ;43;0.2
91;14; MACHADINHO   ;43;0.2
91;15; MACHADINHO   ;43;0.2
91;16; MACHADINHO   ;43;0.2
91;17; MACHADINHO   ;43;0.2
91;18; MACHADINHO   ;43;0.2
91;19; MACHADINHO   ;43;0.2
91;20; MACHADINHO   ;43;0.2
91;21; MACHADINHO   ;43;0.2
91;22; MACHADINHO   ;43;0.2
91;23; MACHADINHO   ;43;0.2
91;24; MACHADINHO   ;43;0.2
91;25; MACHADINHO   ;43;0.2
91;26; MACHADINHO   ;43;0.2
91;27; MACHADINHO   ;43;0.2
91;28; MACHADINHO   ;43;0.2
91;29; MACHADINHO   ;43;0.2
91;30; MACHADINHO   ;43;0.2
91;31; MACHADINHO   ;43;0.2
91;32; MACHADINHO   ;43;0.2
91;33; MACHADINHO   ;43;0.2
91;34; MACHADINHO   ;43;0.2
91;35; MACHADINHO   ;43;0.2
91;36; MACHADINHO   ;43;0.2
91;37; MACHADINHO   ;43;0.2
91;38; MACHADINHO   ;43;0.2
91;39; MACHADINHO   ;43;0.2
91;40; MACHADINHO   ;43;0.2
91;41; MACHADINHO   ;43;0.2
91;42; MACHADINHO   ;43;0.2
91;43; MACHADINHO   ;43;0.2
91;44; MACHADINHO   ;43;0.2
91;45; MACHADINHO   ;43;0.2
91;46; MACHADINHO   ;43;0.2
91;47; MACHADINHO   ;43;0.2
91;48; MACHADINHO   ;43;0.2
91;49; MACHADINHO   ;38;0.2
91;50; MACHADINHO   ;38;0.2
91;51; MACHADINHO   ;38;0.2
91;52; MACHADINHO   ;38;0.2
91;53; MACHADINHO   ;38;0.2
91;54; MACHADINHO   ;36;0.2
91;55; MACHADINHO   ;36;0.2
91;56; MACHADINHO   ;36;0.2
91;57; MACHADINHO   ;36;0.2
91;58; MACHADINHO   ;36;0.2
91;59; MACHADINHO   ;35;0.2
91;60; MACHADINHO   ;35;0.2
91;61; MACHADINHO   ;35;0.2
91;62; MACHADINHO   ;35;0.2
91;63; MACHADINHO   ;35;0.2
91;64; MACHADINHO   ;34;0.2
91;65; MACHADINHO   ;34;0.2
92;1; ITA          ;99;1.6
92;2; ITA          ;99;1.6
92;3; ITA          ;99;1.6
92;4; ITA          ;99;1.6
92;5; ITA          ;99;1.6
92;6; ITA          ;99;1.6
92;7; ITA          ;99;1.6
92;8; ITA          ;99;1.6
92;9; ITA          ;99;1.6
92;10; ITA          ;99;1.6
92;11; ITA          ;99;1.6
92;12; ITA          ;99;1.6
92;13; ITA          ;99;1.6
92;14; ITA          ;99;1.6
92;15; ITA          ;99;1.6
92;16; ITA          ;99;1.6
92;17; ITA          ;99;1.6
92;18; ITA          ;99;1.6
92;19; ITA          ;99;1.6
92;20; ITA          ;99;1.6
92;21; ITA          ;99;1.6
92;22; ITA          ;99;1.6
92;23; ITA          ;99;1.6
92;24; ITA          ;99;1.6
92;25; ITA          ;99;1.6
92;26; ITA          ;99;1.6
92;27; ITA          ;99;1.6
92;28; ITA          ;99;1.6
92;29; ITA          ;99;1.6
92;30; ITA          ;99;1.6
92;31; ITA          ;99;1.6
92;32; ITA          ;99;1.6
92;33; ITA          ;99;1.6
92;34; ITA          ;99;1.6
92;35; ITA          ;99;1.6
92;36; ITA          ;99;1.6
92;37; ITA          ;99;1.6
92;38; ITA          ;99;1.6
92;39; ITA          ;99;1.6
92;40; ITA          ;99;1.6
92;41; ITA          ;99;1.6
92;42; ITA          ;99;1.6
92;43; ITA          ;99;1.6
92;44; ITA          ;99;1.6
92;45; ITA          ;99;1.6
92;46; ITA          ;99;1.6
92;47; ITA          ;99;1.6
92;48; ITA          ;99;1.6
92;49; ITA          ;88;1.6
92;50; ITA          ;88;1.6
92;51; ITA          ;88;1.6
92;52; ITA          ;88;1.6
92;53; ITA          ;88;1.6
92;54; ITA          ;79;1.6
92;55; ITA          ;79;1.6
92;56; ITA          ;79;1.6
92;57; ITA          ;79;1.6
92;58; ITA          ;79;1.6
92;59; ITA          ;72;1.6
92;60; ITA          ;72;1.6
92;61; ITA          ;72;1.6
92;62; ITA          ;72;1.6
92;63; ITA          ;72;1.6
92;64; ITA          ;67;1.6
92;65; ITA          ;67;1.6
93;1; PASSO FUNDO  ;12;0.3
93;2; PASSO FUNDO  ;12;0.3
93;3; PASSO FUNDO  ;12;0.3
93;4; PASSO FUNDO  ;12;0.3
93;5; PASSO FUNDO  ;12;0.3
93;6; PASSO FUNDO  ;12;0.3
93;7; PASSO FUNDO  ;12;0.3
93;8; PASSO FUNDO  ;12;0.3
93;9; PASSO FUNDO  ;12;0.3
93;10; PASSO FUNDO  ;12;0.3
93;11; PASSO FUNDO  ;12;0.3
93;12; PASSO FUNDO  ;12;0.3
93;13; PASSO FUNDO  ;12;0.3
93;14; PASSO FUNDO  ;12;0.3
93;15; PASSO FUNDO  ;12;0.3
93;16; PASSO FUNDO  ;12;0.3
93;17; PASSO FUNDO  ;12;0.3
93;18; PASSO FUNDO  ;12;0.3
93;19; PASSO FUNDO  ;12;0.3
93;20; PASSO FUNDO  ;12;0.3
93;21; PASSO FUNDO  ;12;0.3
93;22; PASSO FUNDO  ;12;0.3
93;23; PASSO FUNDO  ;12;0.3
93;24; PASSO FUNDO  ;12;0.3
93;25; PASSO FUNDO  ;12;0.3
93;26; PASSO FUNDO  ;12;0.3
93;27; PASSO FUNDO  ;12;0.3
93;28; PASSO FUNDO  ;12;0.3
93;29; PASSO FUNDO  ;12;0.3
93;30; PASSO FUNDO  ;12;0.3
93;31; PASSO FUNDO  ;12;0.3
93;32; PASSO FUNDO  ;12;0.3
93;33; PASSO FUNDO  ;12;0.3
93;34; PASSO FUNDO  ;12;0.3
93;35; PASSO FUNDO  ;12;0.3
93;36; PASSO FUNDO  ;12;0.3
93;37; PASSO FUNDO  ;12;0.3
93;38; PASSO FUNDO  ;12;0.3
93;39; PASSO FUNDO  ;12;0.3
93;40; PASSO FUNDO  ;12;0.3
93;41; PASSO FUNDO  ;12;0.3
93;42; PASSO FUNDO  ;12;0.3
93;43; PASSO FUNDO  ;12;0.3
93;44; PASSO FUNDO  ;12;0.3
93;45; PASSO FUNDO  ;12;0.3
93;46; PASSO FUNDO  ;12;0.3
93;47; PASSO FUNDO  ;12;0.3
93;48; PASSO FUNDO  ;12;0.3
93;49; PASSO FUNDO  ;10;0.3
93;50; PASSO FUNDO  ;10;0.3
93;51; PASSO FUNDO  ;10;0.3
93;52; PASSO FUNDO  ;10;0.3
93;53; PASSO FUNDO  ;10;0.3
93;54; PASSO FUNDO  ;8;0.3
93;55; PASSO FUNDO  ;8;0.3
93;56; PASSO FUNDO  ;8;0.3
93;57; PASSO FUNDO  ;8;0.3
93;58; PASSO FUNDO  ;8;0.3
93;59; PASSO FUNDO  ;7;0.3
93;60; PASSO FUNDO  ;7;0.3
93;61; PASSO FUNDO  ;7;0.3
93;62; PASSO FUNDO  ;7;0.3
93;63; PASSO FUNDO  ;7;0.3
93;64; PASSO FUNDO  ;6;0.3
93;65; PASSO FUNDO  ;6;0.3
94;1; MONJOLINHO   ;9;0.1
94;2; MONJOLINHO   ;9;0.1
94;3; MONJOLINHO   ;9;0.1
94;4; MONJOLINHO   ;9;0.1
94;5; MONJOLINHO   ;9;0.1
94;6; MONJOLINHO   ;9;0.1
94;7; MONJOLINHO   ;9;0.1
94;8; MONJOLINHO   ;9;0.1
94;9; MONJOLINHO   ;9;0.1
94;10; MONJOLINHO   ;9;0.1
94;11; MONJOLINHO   ;9;0.1
94;12; MONJOLINHO   ;9;0.1
94;13; MONJOLINHO   ;9;0.1
94;14; MONJOLINHO   ;9;0.1
94;15; MONJOLINHO   ;9;0.1
94;16; MONJOLINHO   ;9;0.1
94;17; MONJOLINHO   ;9;0.1
94;18; MONJOLINHO   ;9;0.1
94;19; MONJOLINHO   ;9;0.1
94;20; MONJOLINHO   ;9;0.1
94;21; MONJOLINHO   ;9;0.1
94;22; MONJOLINHO   ;9;0.1
94;23; MONJOLINHO   ;9;0.1
94;24; MONJOLINHO   ;9;0.1
94;25; MONJOLINHO   ;9;0.1
94;26; MONJOLINHO   ;9;0.1
94;27; MONJOLINHO   ;9;0.1
94;28; MONJOLINHO   ;9;0.1
94;29; MONJOLINHO   ;9;0.1
94;30; MONJOLINHO   ;9;0.1
94;31; MONJOLINHO   ;9;0.1
94;32; MONJOLINHO   ;9;0.1
94;33; MONJOLINHO   ;9;0.1
94;34; MONJOLINHO   ;9;0.1
94;35; MONJOLINHO   ;9;0.1
94;36; MONJOLINHO   ;9;0.1
94;37; MONJOLINHO   ;9;0.1
94;38; MONJOLINHO   ;9;0.1
94;39; MONJOLINHO   ;9;0.1
94;40; MONJOLINHO   ;9;0.1
94;41; MONJOLINHO   ;9;0.1
94;42; MONJOLINHO   ;9;0.1
94;43; MONJOLINHO   ;9;0.1
94;44; MONJOLINHO   ;9;0.1
94;45; MONJOLINHO   ;9;0.1
94;46; MONJOLINHO   ;9;0.1
94;47; MONJOLINHO   ;9;0.1
94;48; MONJOLINHO   ;9;0.1
94;49; MONJOLINHO   ;7;0.1
94;50; MONJOLINHO   ;7;0.1
94;51; MONJOLINHO   ;7;0.1
94;52; MONJOLINHO   ;7;0.1
94;53; MONJOLINHO   ;7;0.1
94;54; MONJOLINHO   ;6;0.1
94;55; MONJOLINHO   ;6;0.1
94;56; MONJOLINHO   ;6;0.1
94;57; MONJOLINHO   ;6;0.1
94;58; MONJOLINHO   ;6;0.1
94;59; MONJOLINHO   ;5;0.1
94;60; MONJOLINHO   ;5;0.1
94;61; MONJOLINHO   ;5;0.1
94;62; MONJOLINHO   ;5;0.1
94;63; MONJOLINHO   ;5;0.1
94;64; MONJOLINHO   ;4;0.1
94;65; MONJOLINHO   ;4;0.1
95;1; QUEBRA QUEIX ;21;0.1
95;2; QUEBRA QUEIX ;21;0.1
95;3; QUEBRA QUEIX ;21;0.1
95;4; QUEBRA QUEIX ;21;0.1
95;5; QUEBRA QUEIX ;21;0.1
95;6; QUEBRA QUEIX ;21;0.1
95;7; QUEBRA QUEIX ;21;0.1
95;8; QUEBRA QUEIX ;21;0.1
95;9; QUEBRA QUEIX ;21;0.1
95;10; QUEBRA QUEIX ;21;0.1
95;11; QUEBRA QUEIX ;21;0.1
95;12; QUEBRA QUEIX ;21;0.1
95;13; QUEBRA QUEIX ;21;0.1
95;14; QUEBRA QUEIX ;21;0.1
95;15; QUEBRA QUEIX ;21;0.1
95;16; QUEBRA QUEIX ;21;0.1
95;17; QUEBRA QUEIX ;21;0.1
95;18; QUEBRA QUEIX ;21;0.1
95;19; QUEBRA QUEIX ;21;0.1
95;20; QUEBRA QUEIX ;21;0.1
95;21; QUEBRA QUEIX ;21;0.1
95;22; QUEBRA QUEIX ;21;0.1
95;23; QUEBRA QUEIX ;21;0.1
95;24; QUEBRA QUEIX ;21;0.1
95;25; QUEBRA QUEIX ;21;0.1
95;26; QUEBRA QUEIX ;21;0.1
95;27; QUEBRA QUEIX ;21;0.1
95;28; QUEBRA QUEIX ;21;0.1
95;29; QUEBRA QUEIX ;21;0.1
95;30; QUEBRA QUEIX ;21;0.1
95;31; QUEBRA QUEIX ;21;0.1
95;32; QUEBRA QUEIX ;21;0.1
95;33; QUEBRA QUEIX ;21;0.1
95;34; QUEBRA QUEIX ;21;0.1
95;35; QUEBRA QUEIX ;21;0.1
95;36; QUEBRA QUEIX ;21;0.1
95;37; QUEBRA QUEIX ;21;0.1
95;38; QUEBRA QUEIX ;21;0.1
95;39; QUEBRA QUEIX ;21;0.1
95;40; QUEBRA QUEIX ;21;0.1
95;41; QUEBRA QUEIX ;21;0.1
95;42; QUEBRA QUEIX ;21;0.1
95;43; QUEBRA QUEIX ;21;0.1
95;44; QUEBRA QUEIX ;21;0.1
95;45; QUEBRA QUEIX ;21;0.1
95;46; QUEBRA QUEIX ;21;0.1
95;47; QUEBRA QUEIX ;21;0.1
95;48; QUEBRA QUEIX ;21;0.1
95;49; QUEBRA QUEIX ;20;0.1
95;50; QUEBRA QUEIX ;20;0.1
95;51; QUEBRA QUEIX ;20;0.1
95;52; QUEBRA QUEIX ;20;0.1
95;53; QUEBRA QUEIX ;20;0.1
95;54; QUEBRA QUEIX ;20;0.1
95;55; QUEBRA QUEIX ;20;0.1
95;56; QUEBRA QUEIX ;20;0.1
95;57; QUEBRA QUEIX ;20;0.1
95;58; QUEBRA QUEIX ;20;0.1
95;59; QUEBRA QUEIX ;19;0.1
95;60; QUEBRA QUEIX ;19;0.1
95;61; QUEBRA QUEIX ;19;0.1
95;62; QUEBRA QUEIX ;19;0.1
95;63; QUEBRA QUEIX ;19;0.1
95;64; QUEBRA QUEIX ;19;0.1
95;65; QUEBRA QUEIX ;19;0.1
97;1; CASTRO ALVES ;26;0.4
97;2; CASTRO ALVES ;26;0.4
97;3; CASTRO ALVES ;26;0.4
97;4; CASTRO ALVES ;26;0.4
97;5; CASTRO ALVES ;26;0.4
97;6; CASTRO ALVES ;26;0.4
97;7; CASTRO ALVES ;26;0.4
97;8; CASTRO ALVES ;26;0.4
97;9; CASTRO ALVES ;26;0.4
97;10; CASTRO ALVES ;26;0.4
97;11; CASTRO ALVES ;26;0.4
97;12; CASTRO ALVES ;26;0.4
97;13; CASTRO ALVES ;26;0.4
97;14; CASTRO ALVES ;26;0.4
97;15; CASTRO ALVES ;26;0.4
97;16; CASTRO ALVES ;26;0.4
97;17; CASTRO ALVES ;26;0.4
97;18; CASTRO ALVES ;26;0.4
97;19; CASTRO ALVES ;26;0.4
97;20; CASTRO ALVES ;26;0.4
97;21; CASTRO ALVES ;26;0.4
97;22; CASTRO ALVES ;26;0.4
97;23; CASTRO ALVES ;26;0.4
97;24; CASTRO ALVES ;26;0.4
97;25; CASTRO ALVES ;26;0.4
97;26; CASTRO ALVES ;26;0.4
97;27; CASTRO ALVES ;26;0.4
97;28; CASTRO ALVES ;26;0.4
97;29; CASTRO ALVES ;26;0.4
97;30; CASTRO ALVES ;26;0.4
97;31; CASTRO ALVES ;26;0.4
97;32; CASTRO ALVES ;26;0.4
97;33; CASTRO ALVES ;26;0.4
97;34; CASTRO ALVES ;26;0.4
97;35; CASTRO ALVES ;26;0.4
97;36; CASTRO ALVES ;26;0.4
97;37; CASTRO ALVES ;26;0.4
97;38; CASTRO ALVES ;26;0.4
97;39; CASTRO ALVES ;26;0.4
97;40; CASTRO ALVES ;26;0.4
97;41; CASTRO ALVES ;26;0.4
97;42; CASTRO ALVES ;26;0.4
97;43; CASTRO ALVES ;26;0.4
97;44; CASTRO ALVES ;26;0.4
97;45; CASTRO ALVES ;26;0.4
97;46; CASTRO ALVES ;26;0.4
97;47; CASTRO ALVES ;26;0.4
97;48; CASTRO ALVES ;26;0.4
97;49; CASTRO ALVES ;26;0.4
97;50; CASTRO ALVES ;26;0.4
97;51; CASTRO ALVES ;26;0.4
97;52; CASTRO ALVES ;26;0.4
97;53; CASTRO ALVES ;26;0.4
97;54; CASTRO ALVES ;25;0.4
97;55; CASTRO ALVES ;25;0.4
97;56; CASTRO ALVES ;25;0.4
97;57; CASTRO ALVES ;25;0.4
97;58; CASTRO ALVES ;25;0.4
97;59; CASTRO ALVES ;24;0.4
97;60; CASTRO ALVES ;24;0.4
97;61; CASTRO ALVES ;24;0.4
97;62; CASTRO ALVES ;24;0.4
97;63; CASTRO ALVES ;24;0.4
97;64; CASTRO ALVES ;23;0.4
97;65; CASTRO ALVES ;23;0.4
98;1; MONTE CLARO  ;16;0.9
98;2; MONTE CLARO  ;16;0.9
98;3; MONTE CLARO  ;16;0.9
98;4; MONTE CLARO  ;16;0.9
98;5; MONTE CLARO  ;16;0.9
98;6; MONTE CLARO  ;16;0.9
98;7; MONTE CLARO  ;16;0.9
98;8; MONTE CLARO  ;16;0.9
98;9; MONTE CLARO  ;16;0.9
98;10; MONTE CLARO  ;16;0.9
98;11; MONTE CLARO  ;16;0.9
98;12; MONTE CLARO  ;16;0.9
98;13; MONTE CLARO  ;16;0.9
98;14; MONTE CLARO  ;16;0.9
98;15; MONTE CLARO  ;16;0.9
98;16; MONTE CLARO  ;16;0.9
98;17; MONTE CLARO  ;16;0.9
98;18; MONTE CLARO  ;16;0.9
98;19; MONTE CLARO  ;16;0.9
98;20; MONTE CLARO  ;16;0.9
98;21; MONTE CLARO  ;16;0.9
98;22; MONTE CLARO  ;16;0.9
98;23; MONTE CLARO  ;16;0.9
98;24; MONTE CLARO  ;16;0.9
98;25; MONTE CLARO  ;16;0.9
98;26; MONTE CLARO  ;16;0.9
98;27; MONTE CLARO  ;16;0.9
98;28; MONTE CLARO  ;16;0.9
98;29; MONTE CLARO  ;16;0.9
98;30; MONTE CLARO  ;16;0.9
98;31; MONTE CLARO  ;16;0.9
98;32; MONTE CLARO  ;16;0.9
98;33; MONTE CLARO  ;16;0.9
98;34; MONTE CLARO  ;16;0.9
98;35; MONTE CLARO  ;16;0.9
98;36; MONTE CLARO  ;16;0.9
98;37; MONTE CLARO  ;16;0.9
98;38; MONTE CLARO  ;16;0.9
98;39; MONTE CLARO  ;16;0.9
98;40; MONTE CLARO  ;16;0.9
98;41; MONTE CLARO  ;16;0.9
98;42; MONTE CLARO  ;16;0.9
98;43; MONTE CLARO  ;16;0.9
98;44; MONTE CLARO  ;16;0.9
98;45; MONTE CLARO  ;16;0.9
98;46; MONTE CLARO  ;16;0.9
98;47; MONTE CLARO  ;16;0.9
98;48; MONTE CLARO  ;16;0.9
98;49; MONTE CLARO  ;13;0.9
98;50; MONTE CLARO  ;13;0.9
98;51; MONTE CLARO  ;13;0.9
98;52; MONTE CLARO  ;13;0.9
98;53; MONTE CLARO  ;13;0.9
98;54; MONTE CLARO  ;12;0.9
98;55; MONTE CLARO  ;12;0.9
98;56; MONTE CLARO  ;12;0.9
98;57; MONTE CLARO  ;12;0.9
98;58; MONTE CLARO  ;12;0.9
98;59; MONTE CLARO  ;10;0.9
98;60; MONTE CLARO  ;10;0.9
98;61; MONTE CLARO  ;10;0.9
98;62; MONTE CLARO  ;10;0.9
98;63; MONTE CLARO  ;10;0.9
98;64; MONTE CLARO  ;10;0.9
98;65; MONTE CLARO  ;10;0.9
99;1; 14 DE JULHO  ;2;0.5
99;2; 14 DE JULHO  ;2;0.5
99;3; 14 DE JULHO  ;2;0.5
99;4; 14 DE JULHO  ;2;0.5
99;5; 14 DE JULHO  ;2;0.5
99;6; 14 DE JULHO  ;2;0.5
99;7; 14 DE JULHO  ;2;0.5
99;8; 14 DE JULHO  ;2;0.5
99;9; 14 DE JULHO  ;2;0.5
99;10; 14 DE JULHO  ;2;0.5
99;11; 14 DE JULHO  ;2;0.5
99;12; 14 DE JULHO  ;2;0.5
99;13; 14 DE JULHO  ;2;0.5
99;14; 14 DE JULHO  ;2;0.5
99;15; 14 DE JULHO  ;2;0.5
99;16; 14 DE JULHO  ;2;0.5
99;17; 14 DE JULHO  ;2;0.5
99;18; 14 DE JULHO  ;2;0.5
99;19; 14 DE JULHO  ;2;0.5
99;20; 14 DE JULHO  ;2;0.5
99;21; 14 DE JULHO  ;2;0.5
99;22; 14 DE JULHO  ;2;0.5
99;23; 14 DE JULHO  ;2;0.5
99;24; 14 DE JULHO  ;2;0.5
99;25; 14 DE JULHO  ;2;0.5
99;26; 14 DE JULHO  ;2;0.5
99;27; 14 DE JULHO  ;2;0.5
99;28; 14 DE JULHO  ;2;0.5
99;29; 14 DE JULHO  ;2;0.5
99;30; 14 DE JULHO  ;2;0.5
99;31; 14 DE JULHO  ;2;0.5
99;32; 14 DE JULHO  ;2;0.5
99;33; 14 DE JULHO  ;2;0.5
99;34; 14 DE JULHO  ;2;0.5
99;35; 14 DE JULHO  ;2;0.5
99;36; 14 DE JULHO  ;2;0.5
99;37; 14 DE JULHO  ;2;0.5
99;38; 14 DE JULHO  ;2;0.5
99;39; 14 DE JULHO  ;2;0.5
99;40; 14 DE JULHO  ;2;0.5
99;41; 14 DE JULHO  ;2;0.5
99;42; 14 DE JULHO  ;2;0.5
99;43; 14 DE JULHO  ;2;0.5
99;44; 14 DE JULHO  ;2;0.5
99;45; 14 DE JULHO  ;2;0.5
99;46; 14 DE JULHO  ;2;0.5
99;47; 14 DE JULHO  ;2;0.5
99;48; 14 DE JULHO  ;2;0.5
99;49; 14 DE JULHO  ;2;0.5
99;50; 14 DE JULHO  ;2;0.5
99;51; 14 DE JULHO  ;2;0.5
99;52; 14 DE JULHO  ;2;0.5
99;53; 14 DE JULHO  ;2;0.5
99;54; 14 DE JULHO  ;2;0.5
99;55; 14 DE JULHO  ;2;0.5
99;56; 14 DE JULHO  ;2;0.5
99;57; 14 DE JULHO  ;2;0.5
99;58; 14 DE JULHO  ;2;0.5
99;59; 14 DE JULHO  ;1;0.5
99;60; 14 DE JULHO  ;1;0.5
99;61; 14 DE JULHO  ;1;0.5
99;62; 14 DE JULHO  ;1;0.5
99;63; 14 DE JULHO  ;1;0.5
99;64; 14 DE JULHO  ;1;0.5
99;65; 14 DE JULHO  ;1;0.5
101;1; SAO JOSE     ;66;0.5
101;2; SAO JOSE     ;66;0.5
101;3; SAO JOSE     ;66;0.5
101;4; SAO JOSE     ;66;0.5
101;5; SAO JOSE     ;66;0.5
101;6; SAO JOSE     ;66;0.5
101;7; SAO JOSE     ;66;0.5
101;8; SAO JOSE     ;66;0.5
101;9; SAO JOSE     ;66;0.5
101;10; SAO JOSE     ;66;0.5
101;11; SAO JOSE     ;66;0.5
101;12; SAO JOSE     ;66;0.5
101;13; SAO JOSE     ;66;0.5
101;14; SAO JOSE     ;66;0.5
101;15; SAO JOSE     ;66;0.5
101;16; SAO JOSE     ;66;0.5
101;17; SAO JOSE     ;66;0.5
101;18; SAO JOSE     ;66;0.5
101;19; SAO JOSE     ;66;0.5
101;20; SAO JOSE     ;66;0.5
101;21; SAO JOSE     ;66;0.5
101;22; SAO JOSE     ;66;0.5
101;23; SAO JOSE     ;66;0.5
101;24; SAO JOSE     ;66;0.5
101;25; SAO JOSE     ;66;0.5
101;26; SAO JOSE     ;66;0.5
101;27; SAO JOSE     ;66;0.5
101;28; SAO JOSE     ;66;0.5
101;29; SAO JOSE     ;66;0.5
101;30; SAO JOSE     ;66;0.5
101;31; SAO JOSE     ;66;0.5
101;32; SAO JOSE     ;66;0.5
101;33; SAO JOSE     ;66;0.5
101;34; SAO JOSE     ;66;0.5
101;35; SAO JOSE     ;66;0.5
101;36; SAO JOSE     ;66;0.5
101;37; SAO JOSE     ;66;0.5
101;38; SAO JOSE     ;66;0.5
101;39; SAO JOSE     ;66;0.5
101;40; SAO JOSE     ;66;0.5
101;41; SAO JOSE     ;66;0.5
101;42; SAO JOSE     ;66;0.5
101;43; SAO JOSE     ;66;0.5
101;44; SAO JOSE     ;66;0.5
101;45; SAO JOSE     ;66;0.5
101;46; SAO JOSE     ;66;0.5
101;47; SAO JOSE     ;66;0.5
101;48; SAO JOSE     ;66;0.5
101;49; SAO JOSE     ;62;0.5
101;50; SAO JOSE     ;62;0.5
101;51; SAO JOSE     ;62;0.5
101;52; SAO JOSE     ;62;0.5
101;53; SAO JOSE     ;62;0.5
101;54; SAO JOSE     ;58;0.5
101;55; SAO JOSE     ;58;0.5
101;56; SAO JOSE     ;58;0.5
101;57; SAO JOSE     ;58;0.5
101;58; SAO JOSE     ;58;0.5
101;59; SAO JOSE     ;55;0.5
101;60; SAO JOSE     ;55;0.5
101;61; SAO JOSE     ;55;0.5
101;62; SAO JOSE     ;55;0.5
101;63; SAO JOSE     ;55;0.5
101;64; SAO JOSE     ;53;0.5
101;65; SAO JOSE     ;53;0.5
102;1; PASSO S JOAO ;3;0
102;2; PASSO S JOAO ;3;0
102;3; PASSO S JOAO ;3;0
102;4; PASSO S JOAO ;3;0
102;5; PASSO S JOAO ;3;0
102;6; PASSO S JOAO ;3;0
102;7; PASSO S JOAO ;3;0
102;8; PASSO S JOAO ;3;0
102;9; PASSO S JOAO ;3;0
102;10; PASSO S JOAO ;3;0
102;11; PASSO S JOAO ;3;0
102;12; PASSO S JOAO ;3;0
102;13; PASSO S JOAO ;3;0
102;14; PASSO S JOAO ;3;0
102;15; PASSO S JOAO ;3;0
102;16; PASSO S JOAO ;3;0
102;17; PASSO S JOAO ;3;0
102;18; PASSO S JOAO ;3;0
102;19; PASSO S JOAO ;3;0
102;20; PASSO S JOAO ;3;0
102;21; PASSO S JOAO ;3;0
102;22; PASSO S JOAO ;3;0
102;23; PASSO S JOAO ;3;0
102;24; PASSO S JOAO ;3;0
102;25; PASSO S JOAO ;3;0
102;26; PASSO S JOAO ;3;0
102;27; PASSO S JOAO ;3;0
102;28; PASSO S JOAO ;3;0
102;29; PASSO S JOAO ;3;0
102;30; PASSO S JOAO ;3;0
102;31; PASSO S JOAO ;3;0
102;32; PASSO S JOAO ;3;0
102;33; PASSO S JOAO ;3;0
102;34; PASSO S JOAO ;3;0
102;35; PASSO S JOAO ;3;0
102;36; PASSO S JOAO ;3;0
102;37; PASSO S JOAO ;3;0
102;38; PASSO S JOAO ;3;0
102;39; PASSO S JOAO ;3;0
102;40; PASSO S JOAO ;3;0
102;41; PASSO S JOAO ;3;0
102;42; PASSO S JOAO ;3;0
102;43; PASSO S JOAO ;3;0
102;44; PASSO S JOAO ;3;0
102;45; PASSO S JOAO ;3;0
102;46; PASSO S JOAO ;3;0
102;47; PASSO S JOAO ;3;0
102;48; PASSO S JOAO ;3;0
102;49; PASSO S JOAO ;2;0
102;50; PASSO S JOAO ;2;0
102;51; PASSO S JOAO ;2;0
102;52; PASSO S JOAO ;2;0
102;53; PASSO S JOAO ;2;0
102;54; PASSO S JOAO ;2;0
102;55; PASSO S JOAO ;2;0
102;56; PASSO S JOAO ;2;0
102;57; PASSO S JOAO ;2;0
102;58; PASSO S JOAO ;2;0
102;59; PASSO S JOAO ;2;0
102;60; PASSO S JOAO ;2;0
102;61; PASSO S JOAO ;2;0
102;62; PASSO S JOAO ;2;0
102;63; PASSO S JOAO ;2;0
102;64; PASSO S JOAO ;2;0
102;65; PASSO S JOAO ;2;0
103;1; FOZ CHAPECO  ;62;0.8
103;2; FOZ CHAPECO  ;62;0.8
103;3; FOZ CHAPECO  ;62;0.8
103;4; FOZ CHAPECO  ;62;0.8
103;5; FOZ CHAPECO  ;62;0.8
103;6; FOZ CHAPECO  ;62;0.8
103;7; FOZ CHAPECO  ;62;0.8
103;8; FOZ CHAPECO  ;62;0.8
103;9; FOZ CHAPECO  ;62;0.8
103;10; FOZ CHAPECO  ;62;0.8
103;11; FOZ CHAPECO  ;62;0.8
103;12; FOZ CHAPECO  ;62;0.8
103;13; FOZ CHAPECO  ;62;0.8
103;14; FOZ CHAPECO  ;62;0.8
103;15; FOZ CHAPECO  ;62;0.8
103;16; FOZ CHAPECO  ;62;0.8
103;17; FOZ CHAPECO  ;62;0.8
103;18; FOZ CHAPECO  ;62;0.8
103;19; FOZ CHAPECO  ;62;0.8
103;20; FOZ CHAPECO  ;62;0.8
103;21; FOZ CHAPECO  ;62;0.8
103;22; FOZ CHAPECO  ;62;0.8
103;23; FOZ CHAPECO  ;62;0.8
103;24; FOZ CHAPECO  ;62;0.8
103;25; FOZ CHAPECO  ;62;0.8
103;26; FOZ CHAPECO  ;62;0.8
103;27; FOZ CHAPECO  ;62;0.8
103;28; FOZ CHAPECO  ;62;0.8
103;29; FOZ CHAPECO  ;62;0.8
103;30; FOZ CHAPECO  ;62;0.8
103;31; FOZ CHAPECO  ;62;0.8
103;32; FOZ CHAPECO  ;62;0.8
103;33; FOZ CHAPECO  ;62;0.8
103;34; FOZ CHAPECO  ;62;0.8
103;35; FOZ CHAPECO  ;62;0.8
103;36; FOZ CHAPECO  ;62;0.8
103;37; FOZ CHAPECO  ;62;0.8
103;38; FOZ CHAPECO  ;62;0.8
103;39; FOZ CHAPECO  ;62;0.8
103;40; FOZ CHAPECO  ;62;0.8
103;41; FOZ CHAPECO  ;62;0.8
103;42; FOZ CHAPECO  ;62;0.8
103;43; FOZ CHAPECO  ;62;0.8
103;44; FOZ CHAPECO  ;62;0.8
103;45; FOZ CHAPECO  ;62;0.8
103;46; FOZ CHAPECO  ;62;0.8
103;47; FOZ CHAPECO  ;62;0.8
103;48; FOZ CHAPECO  ;62;0.8
103;49; FOZ CHAPECO  ;58;0.8
103;50; FOZ CHAPECO  ;58;0.8
103;51; FOZ CHAPECO  ;58;0.8
103;52; FOZ CHAPECO  ;58;0.8
103;53; FOZ CHAPECO  ;58;0.8
103;54; FOZ CHAPECO  ;55;0.8
103;55; FOZ CHAPECO  ;55;0.8
103;56; FOZ CHAPECO  ;55;0.8
103;57; FOZ CHAPECO  ;55;0.8
103;58; FOZ CHAPECO  ;55;0.8
103;59; FOZ CHAPECO  ;52;0.8
103;60; FOZ CHAPECO  ;52;0.8
103;61; FOZ CHAPECO  ;52;0.8
103;62; FOZ CHAPECO  ;52;0.8
103;63; FOZ CHAPECO  ;52;0.8
103;64; FOZ CHAPECO  ;50;0.8
103;65; FOZ CHAPECO  ;50;0.8
107;1; EDGARD SOUZA ;55;0
107;2; EDGARD SOUZA ;55;0
107;3; EDGARD SOUZA ;55;0
107;4; EDGARD SOUZA ;55;0
107;5; EDGARD SOUZA ;55;0
107;6; EDGARD SOUZA ;55;0
107;7; EDGARD SOUZA ;55;0
107;8; EDGARD SOUZA ;55;0
107;9; EDGARD SOUZA ;55;0
107;10; EDGARD SOUZA ;55;0
107;11; EDGARD SOUZA ;55;0
107;12; EDGARD SOUZA ;55;0
107;13; EDGARD SOUZA ;55;0
107;14; EDGARD SOUZA ;55;0
107;15; EDGARD SOUZA ;55;0
107;16; EDGARD SOUZA ;55;0
107;17; EDGARD SOUZA ;55;0
107;18; EDGARD SOUZA ;55;0
107;19; EDGARD SOUZA ;55;0
107;20; EDGARD SOUZA ;55;0
107;21; EDGARD SOUZA ;55;0
107;22; EDGARD SOUZA ;55;0
107;23; EDGARD SOUZA ;55;0
107;24; EDGARD SOUZA ;55;0
107;25; EDGARD SOUZA ;55;0
107;26; EDGARD SOUZA ;55;0
107;27; EDGARD SOUZA ;55;0
107;28; EDGARD SOUZA ;55;0
107;29; EDGARD SOUZA ;55;0
107;30; EDGARD SOUZA ;55;0
107;31; EDGARD SOUZA ;55;0
107;32; EDGARD SOUZA ;55;0
107;33; EDGARD SOUZA ;55;0
107;34; EDGARD SOUZA ;55;0
107;35; EDGARD SOUZA ;55;0
107;36; EDGARD SOUZA ;55;0
107;37; EDGARD SOUZA ;55;0
107;38; EDGARD SOUZA ;55;0
107;39; EDGARD SOUZA ;55;0
107;40; EDGARD SOUZA ;55;0
107;41; EDGARD SOUZA ;55;0
107;42; EDGARD SOUZA ;55;0
107;43; EDGARD SOUZA ;55;0
107;44; EDGARD SOUZA ;55;0
107;45; EDGARD SOUZA ;55;0
107;46; EDGARD SOUZA ;55;0
107;47; EDGARD SOUZA ;55;0
107;48; EDGARD SOUZA ;55;0
107;49; EDGARD SOUZA ;53;0
107;50; EDGARD SOUZA ;53;0
107;51; EDGARD SOUZA ;53;0
107;52; EDGARD SOUZA ;53;0
107;53; EDGARD SOUZA ;53;0
107;54; EDGARD SOUZA ;60;0
107;55; EDGARD SOUZA ;60;0
107;56; EDGARD SOUZA ;60;0
107;57; EDGARD SOUZA ;60;0
107;58; EDGARD SOUZA ;60;0
107;59; EDGARD SOUZA ;62;0
107;60; EDGARD SOUZA ;62;0
107;61; EDGARD SOUZA ;62;0
107;62; EDGARD SOUZA ;62;0
107;63; EDGARD SOUZA ;62;0
107;64; EDGARD SOUZA ;64;0
107;65; EDGARD SOUZA ;64;0
108;1; TRAICAO      ;0;0
108;2; TRAICAO      ;0;0
108;3; TRAICAO      ;0;0
108;4; TRAICAO      ;0;0
108;5; TRAICAO      ;0;0
108;6; TRAICAO      ;0;0
108;7; TRAICAO      ;0;0
108;8; TRAICAO      ;0;0
108;9; TRAICAO      ;0;0
108;10; TRAICAO      ;0;0
108;11; TRAICAO      ;0;0
108;12; TRAICAO      ;0;0
108;13; TRAICAO      ;0;0
108;14; TRAICAO      ;0;0
108;15; TRAICAO      ;0;0
108;16; TRAICAO      ;0;0
108;17; TRAICAO      ;0;0
108;18; TRAICAO      ;0;0
108;19; TRAICAO      ;0;0
108;20; TRAICAO      ;0;0
108;21; TRAICAO      ;0;0
108;22; TRAICAO      ;0;0
108;23; TRAICAO      ;0;0
108;24; TRAICAO      ;0;0
108;25; TRAICAO      ;0;0
108;26; TRAICAO      ;0;0
108;27; TRAICAO      ;0;0
108;28; TRAICAO      ;0;0
108;29; TRAICAO      ;0;0
108;30; TRAICAO      ;0;0
108;31; TRAICAO      ;0;0
108;32; TRAICAO      ;0;0
108;33; TRAICAO      ;0;0
108;34; TRAICAO      ;0;0
108;35; TRAICAO      ;0;0
108;36; TRAICAO      ;0;0
108;37; TRAICAO      ;0;0
108;38; TRAICAO      ;0;0
108;39; TRAICAO      ;0;0
108;40; TRAICAO      ;0;0
108;41; TRAICAO      ;0;0
108;42; TRAICAO      ;0;0
108;43; TRAICAO      ;0;0
108;44; TRAICAO      ;0;0
108;45; TRAICAO      ;0;0
108;46; TRAICAO      ;0;0
108;47; TRAICAO      ;0;0
108;48; TRAICAO      ;0;0
108;49; TRAICAO      ;0;0
108;50; TRAICAO      ;0;0
108;51; TRAICAO      ;0;0
108;52; TRAICAO      ;0;0
108;53; TRAICAO      ;0;0
108;54; TRAICAO      ;0;0
108;55; TRAICAO      ;0;0
108;56; TRAICAO      ;0;0
108;57; TRAICAO      ;0;0
108;58; TRAICAO      ;0;0
108;59; TRAICAO      ;0;0
108;60; TRAICAO      ;0;0
108;61; TRAICAO      ;0;0
108;62; TRAICAO      ;0;0
108;63; TRAICAO      ;0;0
108;64; TRAICAO      ;0;0
108;65; TRAICAO      ;0;0
109;1; PEDREIRA     ;0;0
109;2; PEDREIRA     ;0;0
109;3; PEDREIRA     ;0;0
109;4; PEDREIRA     ;0;0
109;5; PEDREIRA     ;0;0
109;6; PEDREIRA     ;0;0
109;7; PEDREIRA     ;0;0
109;8; PEDREIRA     ;0;0
109;9; PEDREIRA     ;0;0
109;10; PEDREIRA     ;0;0
109;11; PEDREIRA     ;0;0
109;12; PEDREIRA     ;0;0
109;13; PEDREIRA     ;0;0
109;14; PEDREIRA     ;0;0
109;15; PEDREIRA     ;0;0
109;16; PEDREIRA     ;0;0
109;17; PEDREIRA     ;0;0
109;18; PEDREIRA     ;0;0
109;19; PEDREIRA     ;0;0
109;20; PEDREIRA     ;0;0
109;21; PEDREIRA     ;0;0
109;22; PEDREIRA     ;0;0
109;23; PEDREIRA     ;0;0
109;24; PEDREIRA     ;0;0
109;25; PEDREIRA     ;0;0
109;26; PEDREIRA     ;0;0
109;27; PEDREIRA     ;0;0
109;28; PEDREIRA     ;0;0
109;29; PEDREIRA     ;0;0
109;30; PEDREIRA     ;0;0
109;31; PEDREIRA     ;0;0
109;32; PEDREIRA     ;0;0
109;33; PEDREIRA     ;0;0
109;34; PEDREIRA     ;0;0
109;35; PEDREIRA     ;0;0
109;36; PEDREIRA     ;0;0
109;37; PEDREIRA     ;0;0
109;38; PEDREIRA     ;0;0
109;39; PEDREIRA     ;0;0
109;40; PEDREIRA     ;0;0
109;41; PEDREIRA     ;0;0
109;42; PEDREIRA     ;0;0
109;43; PEDREIRA     ;0;0
109;44; PEDREIRA     ;0;0
109;45; PEDREIRA     ;0;0
109;46; PEDREIRA     ;0;0
109;47; PEDREIRA     ;0;0
109;48; PEDREIRA     ;0;0
109;49; PEDREIRA     ;0;0
109;50; PEDREIRA     ;0;0
109;51; PEDREIRA     ;0;0
109;52; PEDREIRA     ;0;0
109;53; PEDREIRA     ;0;0
109;54; PEDREIRA     ;0;0
109;55; PEDREIRA     ;0;0
109;56; PEDREIRA     ;0;0
109;57; PEDREIRA     ;0;0
109;58; PEDREIRA     ;0;0
109;59; PEDREIRA     ;0;0
109;60; PEDREIRA     ;0;0
109;61; PEDREIRA     ;0;0
109;62; PEDREIRA     ;0;0
109;63; PEDREIRA     ;0;0
109;64; PEDREIRA     ;0;0
109;65; PEDREIRA     ;0;0
110;1; ERNESTINA    ;10;0
110;2; ERNESTINA    ;10;0
110;3; ERNESTINA    ;10;0
110;4; ERNESTINA    ;10;0
110;5; ERNESTINA    ;10;0
110;6; ERNESTINA    ;10;0
110;7; ERNESTINA    ;10;0
110;8; ERNESTINA    ;10;0
110;9; ERNESTINA    ;10;0
110;10; ERNESTINA    ;10;0
110;11; ERNESTINA    ;10;0
110;12; ERNESTINA    ;10;0
110;13; ERNESTINA    ;10;0
110;14; ERNESTINA    ;10;0
110;15; ERNESTINA    ;10;0
110;16; ERNESTINA    ;10;0
110;17; ERNESTINA    ;10;0
110;18; ERNESTINA    ;10;0
110;19; ERNESTINA    ;10;0
110;20; ERNESTINA    ;10;0
110;21; ERNESTINA    ;10;0
110;22; ERNESTINA    ;10;0
110;23; ERNESTINA    ;10;0
110;24; ERNESTINA    ;10;0
110;25; ERNESTINA    ;10;0
110;26; ERNESTINA    ;10;0
110;27; ERNESTINA    ;10;0
110;28; ERNESTINA    ;10;0
110;29; ERNESTINA    ;10;0
110;30; ERNESTINA    ;10;0
110;31; ERNESTINA    ;10;0
110;32; ERNESTINA    ;10;0
110;33; ERNESTINA    ;10;0
110;34; ERNESTINA    ;10;0
110;35; ERNESTINA    ;10;0
110;36; ERNESTINA    ;10;0
110;37; ERNESTINA    ;10;0
110;38; ERNESTINA    ;10;0
110;39; ERNESTINA    ;10;0
110;40; ERNESTINA    ;10;0
110;41; ERNESTINA    ;10;0
110;42; ERNESTINA    ;10;0
110;43; ERNESTINA    ;10;0
110;44; ERNESTINA    ;10;0
110;45; ERNESTINA    ;10;0
110;46; ERNESTINA    ;10;0
110;47; ERNESTINA    ;10;0
110;48; ERNESTINA    ;10;0
110;49; ERNESTINA    ;10;0
110;50; ERNESTINA    ;10;0
110;51; ERNESTINA    ;10;0
110;52; ERNESTINA    ;10;0
110;53; ERNESTINA    ;10;0
110;54; ERNESTINA    ;10;0
110;55; ERNESTINA    ;10;0
110;56; ERNESTINA    ;10;0
110;57; ERNESTINA    ;10;0
110;58; ERNESTINA    ;10;0
110;59; ERNESTINA    ;9;0
110;60; ERNESTINA    ;9;0
110;61; ERNESTINA    ;9;0
110;62; ERNESTINA    ;9;0
110;63; ERNESTINA    ;9;0
110;64; ERNESTINA    ;9;0
110;65; ERNESTINA    ;9;0
111;1; PASSO REAL   ;77;0.3
111;2; PASSO REAL   ;77;0.3
111;3; PASSO REAL   ;77;0.3
111;4; PASSO REAL   ;77;0.3
111;5; PASSO REAL   ;77;0.3
111;6; PASSO REAL   ;77;0.3
111;7; PASSO REAL   ;77;0.3
111;8; PASSO REAL   ;77;0.3
111;9; PASSO REAL   ;77;0.3
111;10; PASSO REAL   ;77;0.3
111;11; PASSO REAL   ;77;0.3
111;12; PASSO REAL   ;77;0.3
111;13; PASSO REAL   ;77;0.3
111;14; PASSO REAL   ;77;0.3
111;15; PASSO REAL   ;77;0.3
111;16; PASSO REAL   ;77;0.3
111;17; PASSO REAL   ;77;0.3
111;18; PASSO REAL   ;77;0.3
111;19; PASSO REAL   ;77;0.3
111;20; PASSO REAL   ;77;0.3
111;21; PASSO REAL   ;77;0.3
111;22; PASSO REAL   ;77;0.3
111;23; PASSO REAL   ;77;0.3
111;24; PASSO REAL   ;77;0.3
111;25; PASSO REAL   ;77;0.3
111;26; PASSO REAL   ;77;0.3
111;27; PASSO REAL   ;77;0.3
111;28; PASSO REAL   ;77;0.3
111;29; PASSO REAL   ;77;0.3
111;30; PASSO REAL   ;77;0.3
111;31; PASSO REAL   ;77;0.3
111;32; PASSO REAL   ;77;0.3
111;33; PASSO REAL   ;77;0.3
111;34; PASSO REAL   ;77;0.3
111;35; PASSO REAL   ;77;0.3
111;36; PASSO REAL   ;77;0.3
111;37; PASSO REAL   ;77;0.3
111;38; PASSO REAL   ;77;0.3
111;39; PASSO REAL   ;77;0.3
111;40; PASSO REAL   ;77;0.3
111;41; PASSO REAL   ;77;0.3
111;42; PASSO REAL   ;77;0.3
111;43; PASSO REAL   ;77;0.3
111;44; PASSO REAL   ;77;0.3
111;45; PASSO REAL   ;77;0.3
111;46; PASSO REAL   ;77;0.3
111;47; PASSO REAL   ;77;0.3
111;48; PASSO REAL   ;77;0.3
111;49; PASSO REAL   ;73;0.3
111;50; PASSO REAL   ;73;0.3
111;51; PASSO REAL   ;73;0.3
111;52; PASSO REAL   ;73;0.3
111;53; PASSO REAL   ;73;0.3
111;54; PASSO REAL   ;70;0.3
111;55; PASSO REAL   ;70;0.3
111;56; PASSO REAL   ;70;0.3
111;57; PASSO REAL   ;70;0.3
111;58; PASSO REAL   ;70;0.3
111;59; PASSO REAL   ;67;0.3
111;60; PASSO REAL   ;67;0.3
111;61; PASSO REAL   ;67;0.3
111;62; PASSO REAL   ;67;0.3
111;63; PASSO REAL   ;67;0.3
111;64; PASSO REAL   ;66;0.3
111;65; PASSO REAL   ;66;0.3
112;1; JACUI        ;0;0
112;2; JACUI        ;0;0
112;3; JACUI        ;0;0
112;4; JACUI        ;0;0
112;5; JACUI        ;0;0
112;6; JACUI        ;0;0
112;7; JACUI        ;0;0
112;8; JACUI        ;0;0
112;9; JACUI        ;0;0
112;10; JACUI        ;0;0
112;11; JACUI        ;0;0
112;12; JACUI        ;0;0
112;13; JACUI        ;0;0
112;14; JACUI        ;0;0
112;15; JACUI        ;0;0
112;16; JACUI        ;0;0
112;17; JACUI        ;0;0
112;18; JACUI        ;0;0
112;19; JACUI        ;0;0
112;20; JACUI        ;0;0
112;21; JACUI        ;0;0
112;22; JACUI        ;0;0
112;23; JACUI        ;0;0
112;24; JACUI        ;0;0
112;25; JACUI        ;0;0
112;26; JACUI        ;0;0
112;27; JACUI        ;0;0
112;28; JACUI        ;0;0
112;29; JACUI        ;0;0
112;30; JACUI        ;0;0
112;31; JACUI        ;0;0
112;32; JACUI        ;0;0
112;33; JACUI        ;0;0
112;34; JACUI        ;0;0
112;35; JACUI        ;0;0
112;36; JACUI        ;0;0
112;37; JACUI        ;0;0
112;38; JACUI        ;0;0
112;39; JACUI        ;0;0
112;40; JACUI        ;0;0
112;41; JACUI        ;0;0
112;42; JACUI        ;0;0
112;43; JACUI        ;0;0
112;44; JACUI        ;0;0
112;45; JACUI        ;0;0
112;46; JACUI        ;0;0
112;47; JACUI        ;0;0
112;48; JACUI        ;0;0
112;49; JACUI        ;0;0
112;50; JACUI        ;0;0
112;51; JACUI        ;0;0
112;52; JACUI        ;0;0
112;53; JACUI        ;0;0
112;54; JACUI        ;0;0
112;55; JACUI        ;0;0
112;56; JACUI        ;0;0
112;57; JACUI        ;0;0
112;58; JACUI        ;0;0
112;59; JACUI        ;0;0
112;60; JACUI        ;0;0
112;61; JACUI        ;0;0
112;62; JACUI        ;0;0
112;63; JACUI        ;0;0
112;64; JACUI        ;0;0
112;65; JACUI        ;0;0
113;1; ITAUBA       ;3;0
113;2; ITAUBA       ;3;0
113;3; ITAUBA       ;3;0
113;4; ITAUBA       ;3;0
113;5; ITAUBA       ;3;0
113;6; ITAUBA       ;3;0
113;7; ITAUBA       ;3;0
113;8; ITAUBA       ;3;0
113;9; ITAUBA       ;3;0
113;10; ITAUBA       ;3;0
113;11; ITAUBA       ;3;0
113;12; ITAUBA       ;3;0
113;13; ITAUBA       ;3;0
113;14; ITAUBA       ;3;0
113;15; ITAUBA       ;3;0
113;16; ITAUBA       ;3;0
113;17; ITAUBA       ;3;0
113;18; ITAUBA       ;3;0
113;19; ITAUBA       ;3;0
113;20; ITAUBA       ;3;0
113;21; ITAUBA       ;3;0
113;22; ITAUBA       ;3;0
113;23; ITAUBA       ;3;0
113;24; ITAUBA       ;3;0
113;25; ITAUBA       ;3;0
113;26; ITAUBA       ;3;0
113;27; ITAUBA       ;3;0
113;28; ITAUBA       ;3;0
113;29; ITAUBA       ;3;0
113;30; ITAUBA       ;3;0
113;31; ITAUBA       ;3;0
113;32; ITAUBA       ;3;0
113;33; ITAUBA       ;3;0
113;34; ITAUBA       ;3;0
113;35; ITAUBA       ;3;0
113;36; ITAUBA       ;3;0
113;37; ITAUBA       ;3;0
113;38; ITAUBA       ;3;0
113;39; ITAUBA       ;3;0
113;40; ITAUBA       ;3;0
113;41; ITAUBA       ;3;0
113;42; ITAUBA       ;3;0
113;43; ITAUBA       ;3;0
113;44; ITAUBA       ;3;0
113;45; ITAUBA       ;3;0
113;46; ITAUBA       ;3;0
113;47; ITAUBA       ;3;0
113;48; ITAUBA       ;3;0
113;49; ITAUBA       ;3;0
113;50; ITAUBA       ;3;0
113;51; ITAUBA       ;3;0
113;52; ITAUBA       ;3;0
113;53; ITAUBA       ;3;0
113;54; ITAUBA       ;3;0
113;55; ITAUBA       ;3;0
113;56; ITAUBA       ;3;0
113;57; ITAUBA       ;3;0
113;58; ITAUBA       ;3;0
113;59; ITAUBA       ;3;0
113;60; ITAUBA       ;3;0
113;61; ITAUBA       ;3;0
113;62; ITAUBA       ;3;0
113;63; ITAUBA       ;3;0
113;64; ITAUBA       ;2;0
113;65; ITAUBA       ;2;0
114;1; D. FRANCISCA ;4;0
114;2; D. FRANCISCA ;4;0
114;3; D. FRANCISCA ;4;0
114;4; D. FRANCISCA ;4;0
114;5; D. FRANCISCA ;4;0
114;6; D. FRANCISCA ;4;0
114;7; D. FRANCISCA ;4;0
114;8; D. FRANCISCA ;4;0
114;9; D. FRANCISCA ;4;0
114;10; D. FRANCISCA ;4;0
114;11; D. FRANCISCA ;4;0
114;12; D. FRANCISCA ;4;0
114;13; D. FRANCISCA ;4;0
114;14; D. FRANCISCA ;4;0
114;15; D. FRANCISCA ;4;0
114;16; D. FRANCISCA ;4;0
114;17; D. FRANCISCA ;4;0
114;18; D. FRANCISCA ;4;0
114;19; D. FRANCISCA ;4;0
114;20; D. FRANCISCA ;4;0
114;21; D. FRANCISCA ;4;0
114;22; D. FRANCISCA ;4;0
114;23; D. FRANCISCA ;4;0
114;24; D. FRANCISCA ;4;0
114;25; D. FRANCISCA ;4;0
114;26; D. FRANCISCA ;4;0
114;27; D. FRANCISCA ;4;0
114;28; D. FRANCISCA ;4;0
114;29; D. FRANCISCA ;4;0
114;30; D. FRANCISCA ;4;0
114;31; D. FRANCISCA ;4;0
114;32; D. FRANCISCA ;4;0
114;33; D. FRANCISCA ;4;0
114;34; D. FRANCISCA ;4;0
114;35; D. FRANCISCA ;4;0
114;36; D. FRANCISCA ;4;0
114;37; D. FRANCISCA ;4;0
114;38; D. FRANCISCA ;4;0
114;39; D. FRANCISCA ;4;0
114;40; D. FRANCISCA ;4;0
114;41; D. FRANCISCA ;4;0
114;42; D. FRANCISCA ;4;0
114;43; D. FRANCISCA ;4;0
114;44; D. FRANCISCA ;4;0
114;45; D. FRANCISCA ;4;0
114;46; D. FRANCISCA ;4;0
114;47; D. FRANCISCA ;4;0
114;48; D. FRANCISCA ;4;0
114;49; D. FRANCISCA ;3;0
114;50; D. FRANCISCA ;3;0
114;51; D. FRANCISCA ;3;0
114;52; D. FRANCISCA ;3;0
114;53; D. FRANCISCA ;3;0
114;54; D. FRANCISCA ;3;0
114;55; D. FRANCISCA ;3;0
114;56; D. FRANCISCA ;3;0
114;57; D. FRANCISCA ;3;0
114;58; D. FRANCISCA ;3;0
114;59; D. FRANCISCA ;3;0
114;60; D. FRANCISCA ;3;0
114;61; D. FRANCISCA ;3;0
114;62; D. FRANCISCA ;3;0
114;63; D. FRANCISCA ;3;0
114;64; D. FRANCISCA ;3;0
114;65; D. FRANCISCA ;3;0
115;1; G.P. SOUZA   ;14;0.1
115;2; G.P. SOUZA   ;14;0.1
115;3; G.P. SOUZA   ;14;0.1
115;4; G.P. SOUZA   ;14;0.1
115;5; G.P. SOUZA   ;14;0.1
115;6; G.P. SOUZA   ;14;0.1
115;7; G.P. SOUZA   ;14;0.1
115;8; G.P. SOUZA   ;14;0.1
115;9; G.P. SOUZA   ;14;0.1
115;10; G.P. SOUZA   ;14;0.1
115;11; G.P. SOUZA   ;14;0.1
115;12; G.P. SOUZA   ;14;0.1
115;13; G.P. SOUZA   ;14;0.1
115;14; G.P. SOUZA   ;14;0.1
115;15; G.P. SOUZA   ;14;0.1
115;16; G.P. SOUZA   ;14;0.1
115;17; G.P. SOUZA   ;14;0.1
115;18; G.P. SOUZA   ;14;0.1
115;19; G.P. SOUZA   ;14;0.1
115;20; G.P. SOUZA   ;14;0.1
115;21; G.P. SOUZA   ;14;0.1
115;22; G.P. SOUZA   ;14;0.1
115;23; G.P. SOUZA   ;14;0.1
115;24; G.P. SOUZA   ;14;0.1
115;25; G.P. SOUZA   ;14;0.1
115;26; G.P. SOUZA   ;14;0.1
115;27; G.P. SOUZA   ;14;0.1
115;28; G.P. SOUZA   ;14;0.1
115;29; G.P. SOUZA   ;14;0.1
115;30; G.P. SOUZA   ;14;0.1
115;31; G.P. SOUZA   ;14;0.1
115;32; G.P. SOUZA   ;14;0.1
115;33; G.P. SOUZA   ;14;0.1
115;34; G.P. SOUZA   ;14;0.1
115;35; G.P. SOUZA   ;14;0.1
115;36; G.P. SOUZA   ;14;0.1
115;37; G.P. SOUZA   ;14;0.1
115;38; G.P. SOUZA   ;14;0.1
115;39; G.P. SOUZA   ;14;0.1
115;40; G.P. SOUZA   ;14;0.1
115;41; G.P. SOUZA   ;14;0.1
115;42; G.P. SOUZA   ;14;0.1
115;43; G.P. SOUZA   ;14;0.1
115;44; G.P. SOUZA   ;14;0.1
115;45; G.P. SOUZA   ;14;0.1
115;46; G.P. SOUZA   ;14;0.1
115;47; G.P. SOUZA   ;14;0.1
115;48; G.P. SOUZA   ;14;0.1
115;49; G.P. SOUZA   ;14;0.1
115;50; G.P. SOUZA   ;14;0.1
115;51; G.P. SOUZA   ;14;0.1
115;52; G.P. SOUZA   ;14;0.1
115;53; G.P. SOUZA   ;14;0.1
115;54; G.P. SOUZA   ;15;0.1
115;55; G.P. SOUZA   ;15;0.1
115;56; G.P. SOUZA   ;15;0.1
115;57; G.P. SOUZA   ;15;0.1
115;58; G.P. SOUZA   ;15;0.1
115;59; G.P. SOUZA   ;15;0.1
115;60; G.P. SOUZA   ;15;0.1
115;61; G.P. SOUZA   ;15;0.1
115;62; G.P. SOUZA   ;15;0.1
115;63; G.P. SOUZA   ;15;0.1
115;64; G.P. SOUZA   ;14;0.1
115;65; G.P. SOUZA   ;14;0.1
117;1; GUARAPIRANGA ;10;10.3
117;2; GUARAPIRANGA ;10;10.3
117;3; GUARAPIRANGA ;10;10.3
117;4; GUARAPIRANGA ;10;10.3
117;5; GUARAPIRANGA ;10;10.3
117;6; GUARAPIRANGA ;10;10.3
117;7; GUARAPIRANGA ;10;10.3
117;8; GUARAPIRANGA ;10;10.3
117;9; GUARAPIRANGA ;10;10.3
117;10; GUARAPIRANGA ;10;10.3
117;11; GUARAPIRANGA ;10;10.3
117;12; GUARAPIRANGA ;10;10.3
117;13; GUARAPIRANGA ;10;10.3
117;14; GUARAPIRANGA ;10;10.3
117;15; GUARAPIRANGA ;10;10.3
117;16; GUARAPIRANGA ;10;10.3
117;17; GUARAPIRANGA ;10;10.3
117;18; GUARAPIRANGA ;10;10.3
117;19; GUARAPIRANGA ;10;10.3
117;20; GUARAPIRANGA ;10;10.3
117;21; GUARAPIRANGA ;10;10.3
117;22; GUARAPIRANGA ;10;10.3
117;23; GUARAPIRANGA ;10;10.3
117;24; GUARAPIRANGA ;10;10.3
117;25; GUARAPIRANGA ;10;10.3
117;26; GUARAPIRANGA ;10;10.3
117;27; GUARAPIRANGA ;10;10.3
117;28; GUARAPIRANGA ;10;10.3
117;29; GUARAPIRANGA ;10;10.3
117;30; GUARAPIRANGA ;10;10.3
117;31; GUARAPIRANGA ;10;10.3
117;32; GUARAPIRANGA ;10;10.3
117;33; GUARAPIRANGA ;10;10.3
117;34; GUARAPIRANGA ;10;10.3
117;35; GUARAPIRANGA ;10;10.3
117;36; GUARAPIRANGA ;10;10.3
117;37; GUARAPIRANGA ;10;10.3
117;38; GUARAPIRANGA ;10;10.3
117;39; GUARAPIRANGA ;10;10.3
117;40; GUARAPIRANGA ;10;10.3
117;41; GUARAPIRANGA ;10;10.3
117;42; GUARAPIRANGA ;10;10.3
117;43; GUARAPIRANGA ;10;10.3
117;44; GUARAPIRANGA ;10;10.3
117;45; GUARAPIRANGA ;10;10.3
117;46; GUARAPIRANGA ;10;10.3
117;47; GUARAPIRANGA ;10;10.3
117;48; GUARAPIRANGA ;10;10.3
117;49; GUARAPIRANGA ;9;10.3
117;50; GUARAPIRANGA ;9;10.3
117;51; GUARAPIRANGA ;9;10.3
117;52; GUARAPIRANGA ;9;10.3
117;53; GUARAPIRANGA ;9;10.3
117;54; GUARAPIRANGA ;10;10.3
117;55; GUARAPIRANGA ;10;10.3
117;56; GUARAPIRANGA ;10;10.3
117;57; GUARAPIRANGA ;10;10.3
117;58; GUARAPIRANGA ;10;10.3
117;59; GUARAPIRANGA ;11;10.3
117;60; GUARAPIRANGA ;11;10.3
117;61; GUARAPIRANGA ;11;10.3
117;62; GUARAPIRANGA ;11;10.3
117;63; GUARAPIRANGA ;11;10.3
117;64; GUARAPIRANGA ;11;10.3
117;65; GUARAPIRANGA ;11;10.3
118;1; BILLINGS     ;12;7.9
118;2; BILLINGS     ;12;7.9
118;3; BILLINGS     ;12;7.9
118;4; BILLINGS     ;12;7.9
118;5; BILLINGS     ;12;7.9
118;6; BILLINGS     ;12;7.9
118;7; BILLINGS     ;12;7.9
118;8; BILLINGS     ;12;7.9
118;9; BILLINGS     ;12;7.9
118;10; BILLINGS     ;12;7.9
118;11; BILLINGS     ;12;7.9
118;12; BILLINGS     ;12;7.9
118;13; BILLINGS     ;12;7.9
118;14; BILLINGS     ;12;7.9
118;15; BILLINGS     ;12;7.9
118;16; BILLINGS     ;12;7.9
118;17; BILLINGS     ;12;7.9
118;18; BILLINGS     ;12;7.9
118;19; BILLINGS     ;12;7.9
118;20; BILLINGS     ;12;7.9
118;21; BILLINGS     ;12;7.9
118;22; BILLINGS     ;12;7.9
118;23; BILLINGS     ;12;7.9
118;24; BILLINGS     ;12;7.9
118;25; BILLINGS     ;12;7.9
118;26; BILLINGS     ;12;7.9
118;27; BILLINGS     ;12;7.9
118;28; BILLINGS     ;12;7.9
118;29; BILLINGS     ;12;7.9
118;30; BILLINGS     ;12;7.9
118;31; BILLINGS     ;12;7.9
118;32; BILLINGS     ;12;7.9
118;33; BILLINGS     ;12;7.9
118;34; BILLINGS     ;12;7.9
118;35; BILLINGS     ;12;7.9
118;36; BILLINGS     ;12;7.9
118;37; BILLINGS     ;12;7.9
118;38; BILLINGS     ;12;7.9
118;39; BILLINGS     ;12;7.9
118;40; BILLINGS     ;12;7.9
118;41; BILLINGS     ;12;7.9
118;42; BILLINGS     ;12;7.9
118;43; BILLINGS     ;12;7.9
118;44; BILLINGS     ;12;7.9
118;45; BILLINGS     ;12;7.9
118;46; BILLINGS     ;12;7.9
118;47; BILLINGS     ;12;7.9
118;48; BILLINGS     ;12;7.9
118;49; BILLINGS     ;11;7.9
118;50; BILLINGS     ;11;7.9
118;51; BILLINGS     ;11;7.9
118;52; BILLINGS     ;11;7.9
118;53; BILLINGS     ;11;7.9
118;54; BILLINGS     ;13;7.9
118;55; BILLINGS     ;13;7.9
118;56; BILLINGS     ;13;7.9
118;57; BILLINGS     ;13;7.9
118;58; BILLINGS     ;13;7.9
118;59; BILLINGS     ;13;7.9
118;60; BILLINGS     ;13;7.9
118;61; BILLINGS     ;13;7.9
118;62; BILLINGS     ;13;7.9
118;63; BILLINGS     ;13;7.9
118;64; BILLINGS     ;13;7.9
118;65; BILLINGS     ;13;7.9
119;1; HENRY BORDEN ;0;0
119;2; HENRY BORDEN ;0;0
119;3; HENRY BORDEN ;0;0
119;4; HENRY BORDEN ;0;0
119;5; HENRY BORDEN ;0;0
119;6; HENRY BORDEN ;0;0
119;7; HENRY BORDEN ;0;0
119;8; HENRY BORDEN ;0;0
119;9; HENRY BORDEN ;0;0
119;10; HENRY BORDEN ;0;0
119;11; HENRY BORDEN ;0;0
119;12; HENRY BORDEN ;0;0
119;13; HENRY BORDEN ;0;0
119;14; HENRY BORDEN ;0;0
119;15; HENRY BORDEN ;0;0
119;16; HENRY BORDEN ;0;0
119;17; HENRY BORDEN ;0;0
119;18; HENRY BORDEN ;0;0
119;19; HENRY BORDEN ;0;0
119;20; HENRY BORDEN ;0;0
119;21; HENRY BORDEN ;0;0
119;22; HENRY BORDEN ;0;0
119;23; HENRY BORDEN ;0;0
119;24; HENRY BORDEN ;0;0
119;25; HENRY BORDEN ;0;0
119;26; HENRY BORDEN ;0;0
119;27; HENRY BORDEN ;0;0
119;28; HENRY BORDEN ;0;0
119;29; HENRY BORDEN ;0;0
119;30; HENRY BORDEN ;0;0
119;31; HENRY BORDEN ;0;0
119;32; HENRY BORDEN ;0;0
119;33; HENRY BORDEN ;0;0
119;34; HENRY BORDEN ;0;0
119;35; HENRY BORDEN ;0;0
119;36; HENRY BORDEN ;0;0
119;37; HENRY BORDEN ;0;0
119;38; HENRY BORDEN ;0;0
119;39; HENRY BORDEN ;0;0
119;40; HENRY BORDEN ;0;0
119;41; HENRY BORDEN ;0;0
119;42; HENRY BORDEN ;0;0
119;43; HENRY BORDEN ;0;0
119;44; HENRY BORDEN ;0;0
119;45; HENRY BORDEN ;0;0
119;46; HENRY BORDEN ;0;0
119;47; HENRY BORDEN ;0;0
119;48; HENRY BORDEN ;0;0
119;49; HENRY BORDEN ;0;0
119;50; HENRY BORDEN ;0;0
119;51; HENRY BORDEN ;0;0
119;52; HENRY BORDEN ;0;0
119;53; HENRY BORDEN ;0;0
119;54; HENRY BORDEN ;0;0
119;55; HENRY BORDEN ;0;0
119;56; HENRY BORDEN ;0;0
119;57; HENRY BORDEN ;0;0
119;58; HENRY BORDEN ;0;0
119;59; HENRY BORDEN ;0;0
119;60; HENRY BORDEN ;0;0
119;61; HENRY BORDEN ;0;0
119;62; HENRY BORDEN ;0;0
119;63; HENRY BORDEN ;0;0
119;64; HENRY BORDEN ;0;0
119;65; HENRY BORDEN ;0;0
120;1; JAGUARI      ;19;5.2
120;2; JAGUARI      ;19;5.2
120;3; JAGUARI      ;19;5.2
120;4; JAGUARI      ;19;5.2
120;5; JAGUARI      ;19;5.2
120;6; JAGUARI      ;19;5.2
120;7; JAGUARI      ;19;5.2
120;8; JAGUARI      ;19;5.2
120;9; JAGUARI      ;19;5.2
120;10; JAGUARI      ;19;5.2
120;11; JAGUARI      ;19;5.2
120;12; JAGUARI      ;19;5.2
120;13; JAGUARI      ;19;5.2
120;14; JAGUARI      ;19;5.2
120;15; JAGUARI      ;19;5.2
120;16; JAGUARI      ;19;5.2
120;17; JAGUARI      ;19;5.2
120;18; JAGUARI      ;19;5.2
120;19; JAGUARI      ;19;5.2
120;20; JAGUARI      ;19;5.2
120;21; JAGUARI      ;19;5.2
120;22; JAGUARI      ;19;5.2
120;23; JAGUARI      ;19;5.2
120;24; JAGUARI      ;19;5.2
120;25; JAGUARI      ;19;5.2
120;26; JAGUARI      ;19;5.2
120;27; JAGUARI      ;19;5.2
120;28; JAGUARI      ;19;5.2
120;29; JAGUARI      ;19;5.2
120;30; JAGUARI      ;19;5.2
120;31; JAGUARI      ;19;5.2
120;32; JAGUARI      ;19;5.2
120;33; JAGUARI      ;19;5.2
120;34; JAGUARI      ;19;5.2
120;35; JAGUARI      ;19;5.2
120;36; JAGUARI      ;19;5.2
120;37; JAGUARI      ;19;5.2
120;38; JAGUARI      ;19;5.2
120;39; JAGUARI      ;19;5.2
120;40; JAGUARI      ;19;5.2
120;41; JAGUARI      ;19;5.2
120;42; JAGUARI      ;19;5.2
120;43; JAGUARI      ;19;5.2
120;44; JAGUARI      ;19;5.2
120;45; JAGUARI      ;19;5.2
120;46; JAGUARI      ;19;5.2
120;47; JAGUARI      ;19;5.2
120;48; JAGUARI      ;19;5.2
120;49; JAGUARI      ;18;5.2
120;50; JAGUARI      ;18;5.2
120;51; JAGUARI      ;18;5.2
120;52; JAGUARI      ;18;5.2
120;53; JAGUARI      ;18;5.2
120;54; JAGUARI      ;18;5.2
120;55; JAGUARI      ;18;5.2
120;56; JAGUARI      ;18;5.2
120;57; JAGUARI      ;18;5.2
120;58; JAGUARI      ;18;5.2
120;59; JAGUARI      ;18;5.2
120;60; JAGUARI      ;18;5.2
120;61; JAGUARI      ;18;5.2
120;62; JAGUARI      ;18;5.2
120;63; JAGUARI      ;18;5.2
120;64; JAGUARI      ;17;5.2
120;65; JAGUARI      ;17;5.2
121;1; PARAIBUNA    ;45;0.2
121;2; PARAIBUNA    ;45;0.2
121;3; PARAIBUNA    ;45;0.2
121;4; PARAIBUNA    ;45;0.2
121;5; PARAIBUNA    ;45;0.2
121;6; PARAIBUNA    ;45;0.2
121;7; PARAIBUNA    ;45;0.2
121;8; PARAIBUNA    ;45;0.2
121;9; PARAIBUNA    ;45;0.2
121;10; PARAIBUNA    ;45;0.2
121;11; PARAIBUNA    ;45;0.2
121;12; PARAIBUNA    ;45;0.2
121;13; PARAIBUNA    ;45;0.2
121;14; PARAIBUNA    ;45;0.2
121;15; PARAIBUNA    ;45;0.2
121;16; PARAIBUNA    ;45;0.2
121;17; PARAIBUNA    ;45;0.2
121;18; PARAIBUNA    ;45;0.2
121;19; PARAIBUNA    ;45;0.2
121;20; PARAIBUNA    ;45;0.2
121;21; PARAIBUNA    ;45;0.2
121;22; PARAIBUNA    ;45;0.2
121;23; PARAIBUNA    ;45;0.2
121;24; PARAIBUNA    ;45;0.2
121;25; PARAIBUNA    ;45;0.2
121;26; PARAIBUNA    ;45;0.2
121;27; PARAIBUNA    ;45;0.2
121;28; PARAIBUNA    ;45;0.2
121;29; PARAIBUNA    ;45;0.2
121;30; PARAIBUNA    ;45;0.2
121;31; PARAIBUNA    ;45;0.2
121;32; PARAIBUNA    ;45;0.2
121;33; PARAIBUNA    ;45;0.2
121;34; PARAIBUNA    ;45;0.2
121;35; PARAIBUNA    ;45;0.2
121;36; PARAIBUNA    ;45;0.2
121;37; PARAIBUNA    ;45;0.2
121;38; PARAIBUNA    ;45;0.2
121;39; PARAIBUNA    ;45;0.2
121;40; PARAIBUNA    ;45;0.2
121;41; PARAIBUNA    ;45;0.2
121;42; PARAIBUNA    ;45;0.2
121;43; PARAIBUNA    ;45;0.2
121;44; PARAIBUNA    ;45;0.2
121;45; PARAIBUNA    ;45;0.2
121;46; PARAIBUNA    ;45;0.2
121;47; PARAIBUNA    ;45;0.2
121;48; PARAIBUNA    ;45;0.2
121;49; PARAIBUNA    ;45;0.2
121;50; PARAIBUNA    ;45;0.2
121;51; PARAIBUNA    ;45;0.2
121;52; PARAIBUNA    ;45;0.2
121;53; PARAIBUNA    ;45;0.2
121;54; PARAIBUNA    ;45;0.2
121;55; PARAIBUNA    ;45;0.2
121;56; PARAIBUNA    ;45;0.2
121;57; PARAIBUNA    ;45;0.2
121;58; PARAIBUNA    ;45;0.2
121;59; PARAIBUNA    ;45;0.2
121;60; PARAIBUNA    ;45;0.2
121;61; PARAIBUNA    ;45;0.2
121;62; PARAIBUNA    ;45;0.2
121;63; PARAIBUNA    ;45;0.2
121;64; PARAIBUNA    ;46;0.2
121;65; PARAIBUNA    ;46;0.2
122;1; SANTA BRANCA ;7;0
122;2; SANTA BRANCA ;7;0
122;3; SANTA BRANCA ;7;0
122;4; SANTA BRANCA ;7;0
122;5; SANTA BRANCA ;7;0
122;6; SANTA BRANCA ;7;0
122;7; SANTA BRANCA ;7;0
122;8; SANTA BRANCA ;7;0
122;9; SANTA BRANCA ;7;0
122;10; SANTA BRANCA ;7;0
122;11; SANTA BRANCA ;7;0
122;12; SANTA BRANCA ;7;0
122;13; SANTA BRANCA ;7;0
122;14; SANTA BRANCA ;7;0
122;15; SANTA BRANCA ;7;0
122;16; SANTA BRANCA ;7;0
122;17; SANTA BRANCA ;7;0
122;18; SANTA BRANCA ;7;0
122;19; SANTA BRANCA ;7;0
122;20; SANTA BRANCA ;7;0
122;21; SANTA BRANCA ;7;0
122;22; SANTA BRANCA ;7;0
122;23; SANTA BRANCA ;7;0
122;24; SANTA BRANCA ;7;0
122;25; SANTA BRANCA ;7;0
122;26; SANTA BRANCA ;7;0
122;27; SANTA BRANCA ;7;0
122;28; SANTA BRANCA ;7;0
122;29; SANTA BRANCA ;7;0
122;30; SANTA BRANCA ;7;0
122;31; SANTA BRANCA ;7;0
122;32; SANTA BRANCA ;7;0
122;33; SANTA BRANCA ;7;0
122;34; SANTA BRANCA ;7;0
122;35; SANTA BRANCA ;7;0
122;36; SANTA BRANCA ;7;0
122;37; SANTA BRANCA ;7;0
122;38; SANTA BRANCA ;7;0
122;39; SANTA BRANCA ;7;0
122;40; SANTA BRANCA ;7;0
122;41; SANTA BRANCA ;7;0
122;42; SANTA BRANCA ;7;0
122;43; SANTA BRANCA ;7;0
122;44; SANTA BRANCA ;7;0
122;45; SANTA BRANCA ;7;0
122;46; SANTA BRANCA ;7;0
122;47; SANTA BRANCA ;7;0
122;48; SANTA BRANCA ;7;0
122;49; SANTA BRANCA ;7;0
122;50; SANTA BRANCA ;7;0
122;51; SANTA BRANCA ;7;0
122;52; SANTA BRANCA ;7;0
122;53; SANTA BRANCA ;7;0
122;54; SANTA BRANCA ;7;0
122;55; SANTA BRANCA ;7;0
122;56; SANTA BRANCA ;7;0
122;57; SANTA BRANCA ;7;0
122;58; SANTA BRANCA ;7;0
122;59; SANTA BRANCA ;7;0
122;60; SANTA BRANCA ;7;0
122;61; SANTA BRANCA ;7;0
122;62; SANTA BRANCA ;7;0
122;63; SANTA BRANCA ;7;0
122;64; SANTA BRANCA ;7;0
122;65; SANTA BRANCA ;7;0
123;1; FUNIL        ;88;9
123;2; FUNIL        ;88;9
123;3; FUNIL        ;88;9
123;4; FUNIL        ;88;9
123;5; FUNIL        ;88;9
123;6; FUNIL        ;88;9
123;7; FUNIL        ;88;9
123;8; FUNIL        ;88;9
123;9; FUNIL        ;88;9
123;10; FUNIL        ;88;9
123;11; FUNIL        ;88;9
123;12; FUNIL        ;88;9
123;13; FUNIL        ;88;9
123;14; FUNIL        ;88;9
123;15; FUNIL        ;88;9
123;16; FUNIL        ;88;9
123;17; FUNIL        ;88;9
123;18; FUNIL        ;88;9
123;19; FUNIL        ;88;9
123;20; FUNIL        ;88;9
123;21; FUNIL        ;88;9
123;22; FUNIL        ;88;9
123;23; FUNIL        ;88;9
123;24; FUNIL        ;88;9
123;25; FUNIL        ;88;9
123;26; FUNIL        ;88;9
123;27; FUNIL        ;88;9
123;28; FUNIL        ;88;9
123;29; FUNIL        ;88;9
123;30; FUNIL        ;88;9
123;31; FUNIL        ;88;9
123;32; FUNIL        ;88;9
123;33; FUNIL        ;88;9
123;34; FUNIL        ;88;9
123;35; FUNIL        ;88;9
123;36; FUNIL        ;88;9
123;37; FUNIL        ;88;9
123;38; FUNIL        ;88;9
123;39; FUNIL        ;88;9
123;40; FUNIL        ;88;9
123;41; FUNIL        ;88;9
123;42; FUNIL        ;88;9
123;43; FUNIL        ;88;9
123;44; FUNIL        ;88;9
123;45; FUNIL        ;88;9
123;46; FUNIL        ;88;9
123;47; FUNIL        ;88;9
123;48; FUNIL        ;88;9
123;49; FUNIL        ;84;9
123;50; FUNIL        ;84;9
123;51; FUNIL        ;84;9
123;52; FUNIL        ;84;9
123;53; FUNIL        ;84;9
123;54; FUNIL        ;82;9
123;55; FUNIL        ;82;9
123;56; FUNIL        ;82;9
123;57; FUNIL        ;82;9
123;58; FUNIL        ;82;9
123;59; FUNIL        ;80;9
123;60; FUNIL        ;80;9
123;61; FUNIL        ;80;9
123;62; FUNIL        ;80;9
123;63; FUNIL        ;80;9
123;64; FUNIL        ;79;9
123;65; FUNIL        ;79;9
124;1; LAJES        ;7;0
124;2; LAJES        ;7;0
124;3; LAJES        ;7;0
124;4; LAJES        ;7;0
124;5; LAJES        ;7;0
124;6; LAJES        ;7;0
124;7; LAJES        ;7;0
124;8; LAJES        ;7;0
124;9; LAJES        ;7;0
124;10; LAJES        ;7;0
124;11; LAJES        ;7;0
124;12; LAJES        ;7;0
124;13; LAJES        ;7;0
124;14; LAJES        ;7;0
124;15; LAJES        ;7;0
124;16; LAJES        ;7;0
124;17; LAJES        ;7;0
124;18; LAJES        ;7;0
124;19; LAJES        ;7;0
124;20; LAJES        ;7;0
124;21; LAJES        ;7;0
124;22; LAJES        ;7;0
124;23; LAJES        ;7;0
124;24; LAJES        ;7;0
124;25; LAJES        ;7;0
124;26; LAJES        ;7;0
124;27; LAJES        ;7;0
124;28; LAJES        ;7;0
124;29; LAJES        ;7;0
124;30; LAJES        ;7;0
124;31; LAJES        ;7;0
124;32; LAJES        ;7;0
124;33; LAJES        ;7;0
124;34; LAJES        ;7;0
124;35; LAJES        ;7;0
124;36; LAJES        ;7;0
124;37; LAJES        ;7;0
124;38; LAJES        ;7;0
124;39; LAJES        ;7;0
124;40; LAJES        ;7;0
124;41; LAJES        ;7;0
124;42; LAJES        ;7;0
124;43; LAJES        ;7;0
124;44; LAJES        ;7;0
124;45; LAJES        ;7;0
124;46; LAJES        ;7;0
124;47; LAJES        ;7;0
124;48; LAJES        ;7;0
124;49; LAJES        ;7;0
124;50; LAJES        ;7;0
124;51; LAJES        ;7;0
124;52; LAJES        ;7;0
124;53; LAJES        ;7;0
124;54; LAJES        ;6;0
124;55; LAJES        ;6;0
124;56; LAJES        ;6;0
124;57; LAJES        ;6;0
124;58; LAJES        ;6;0
124;59; LAJES        ;6;0
124;60; LAJES        ;6;0
124;61; LAJES        ;6;0
124;62; LAJES        ;6;0
124;63; LAJES        ;6;0
124;64; LAJES        ;6;0
124;65; LAJES        ;6;0
125;1; STA CECILIA  ;54;0.8
125;2; STA CECILIA  ;54;0.8
125;3; STA CECILIA  ;54;0.8
125;4; STA CECILIA  ;54;0.8
125;5; STA CECILIA  ;54;0.8
125;6; STA CECILIA  ;54;0.8
125;7; STA CECILIA  ;54;0.8
125;8; STA CECILIA  ;54;0.8
125;9; STA CECILIA  ;54;0.8
125;10; STA CECILIA  ;54;0.8
125;11; STA CECILIA  ;54;0.8
125;12; STA CECILIA  ;54;0.8
125;13; STA CECILIA  ;54;0.8
125;14; STA CECILIA  ;54;0.8
125;15; STA CECILIA  ;54;0.8
125;16; STA CECILIA  ;54;0.8
125;17; STA CECILIA  ;54;0.8
125;18; STA CECILIA  ;54;0.8
125;19; STA CECILIA  ;54;0.8
125;20; STA CECILIA  ;54;0.8
125;21; STA CECILIA  ;54;0.8
125;22; STA CECILIA  ;54;0.8
125;23; STA CECILIA  ;54;0.8
125;24; STA CECILIA  ;54;0.8
125;25; STA CECILIA  ;54;0.8
125;26; STA CECILIA  ;54;0.8
125;27; STA CECILIA  ;54;0.8
125;28; STA CECILIA  ;54;0.8
125;29; STA CECILIA  ;54;0.8
125;30; STA CECILIA  ;54;0.8
125;31; STA CECILIA  ;54;0.8
125;32; STA CECILIA  ;54;0.8
125;33; STA CECILIA  ;54;0.8
125;34; STA CECILIA  ;54;0.8
125;35; STA CECILIA  ;54;0.8
125;36; STA CECILIA  ;54;0.8
125;37; STA CECILIA  ;54;0.8
125;38; STA CECILIA  ;54;0.8
125;39; STA CECILIA  ;54;0.8
125;40; STA CECILIA  ;54;0.8
125;41; STA CECILIA  ;54;0.8
125;42; STA CECILIA  ;54;0.8
125;43; STA CECILIA  ;54;0.8
125;44; STA CECILIA  ;54;0.8
125;45; STA CECILIA  ;54;0.8
125;46; STA CECILIA  ;54;0.8
125;47; STA CECILIA  ;54;0.8
125;48; STA CECILIA  ;54;0.8
125;49; STA CECILIA  ;53;0.8
125;50; STA CECILIA  ;53;0.8
125;51; STA CECILIA  ;53;0.8
125;52; STA CECILIA  ;53;0.8
125;53; STA CECILIA  ;53;0.8
125;54; STA CECILIA  ;53;0.8
125;55; STA CECILIA  ;53;0.8
125;56; STA CECILIA  ;53;0.8
125;57; STA CECILIA  ;53;0.8
125;58; STA CECILIA  ;53;0.8
125;59; STA CECILIA  ;53;0.8
125;60; STA CECILIA  ;53;0.8
125;61; STA CECILIA  ;53;0.8
125;62; STA CECILIA  ;53;0.8
125;63; STA CECILIA  ;53;0.8
125;64; STA CECILIA  ;53;0.8
125;65; STA CECILIA  ;53;0.8
126;1; PICADA       ;25;0.1
126;2; PICADA       ;25;0.1
126;3; PICADA       ;25;0.1
126;4; PICADA       ;25;0.1
126;5; PICADA       ;25;0.1
126;6; PICADA       ;25;0.1
126;7; PICADA       ;25;0.1
126;8; PICADA       ;25;0.1
126;9; PICADA       ;25;0.1
126;10; PICADA       ;25;0.1
126;11; PICADA       ;25;0.1
126;12; PICADA       ;25;0.1
126;13; PICADA       ;25;0.1
126;14; PICADA       ;25;0.1
126;15; PICADA       ;25;0.1
126;16; PICADA       ;25;0.1
126;17; PICADA       ;25;0.1
126;18; PICADA       ;25;0.1
126;19; PICADA       ;25;0.1
126;20; PICADA       ;25;0.1
126;21; PICADA       ;25;0.1
126;22; PICADA       ;25;0.1
126;23; PICADA       ;25;0.1
126;24; PICADA       ;25;0.1
126;25; PICADA       ;25;0.1
126;26; PICADA       ;25;0.1
126;27; PICADA       ;25;0.1
126;28; PICADA       ;25;0.1
126;29; PICADA       ;25;0.1
126;30; PICADA       ;25;0.1
126;31; PICADA       ;25;0.1
126;32; PICADA       ;25;0.1
126;33; PICADA       ;25;0.1
126;34; PICADA       ;25;0.1
126;35; PICADA       ;25;0.1
126;36; PICADA       ;25;0.1
126;37; PICADA       ;25;0.1
126;38; PICADA       ;25;0.1
126;39; PICADA       ;25;0.1
126;40; PICADA       ;25;0.1
126;41; PICADA       ;25;0.1
126;42; PICADA       ;25;0.1
126;43; PICADA       ;25;0.1
126;44; PICADA       ;25;0.1
126;45; PICADA       ;25;0.1
126;46; PICADA       ;25;0.1
126;47; PICADA       ;25;0.1
126;48; PICADA       ;25;0.1
126;49; PICADA       ;25;0.1
126;50; PICADA       ;25;0.1
126;51; PICADA       ;25;0.1
126;52; PICADA       ;25;0.1
126;53; PICADA       ;25;0.1
126;54; PICADA       ;24;0.1
126;55; PICADA       ;24;0.1
126;56; PICADA       ;24;0.1
126;57; PICADA       ;24;0.1
126;58; PICADA       ;24;0.1
126;59; PICADA       ;24;0.1
126;60; PICADA       ;24;0.1
126;61; PICADA       ;24;0.1
126;62; PICADA       ;24;0.1
126;63; PICADA       ;24;0.1
126;64; PICADA       ;24;0.1
126;65; PICADA       ;24;0.1
127;1; SOBRAGI      ;24;0.8
127;2; SOBRAGI      ;24;0.8
127;3; SOBRAGI      ;24;0.8
127;4; SOBRAGI      ;24;0.8
127;5; SOBRAGI      ;24;0.8
127;6; SOBRAGI      ;24;0.8
127;7; SOBRAGI      ;24;0.8
127;8; SOBRAGI      ;24;0.8
127;9; SOBRAGI      ;24;0.8
127;10; SOBRAGI      ;24;0.8
127;11; SOBRAGI      ;24;0.8
127;12; SOBRAGI      ;24;0.8
127;13; SOBRAGI      ;24;0.8
127;14; SOBRAGI      ;24;0.8
127;15; SOBRAGI      ;24;0.8
127;16; SOBRAGI      ;24;0.8
127;17; SOBRAGI      ;24;0.8
127;18; SOBRAGI      ;24;0.8
127;19; SOBRAGI      ;24;0.8
127;20; SOBRAGI      ;24;0.8
127;21; SOBRAGI      ;24;0.8
127;22; SOBRAGI      ;24;0.8
127;23; SOBRAGI      ;24;0.8
127;24; SOBRAGI      ;24;0.8
127;25; SOBRAGI      ;24;0.8
127;26; SOBRAGI      ;24;0.8
127;27; SOBRAGI      ;24;0.8
127;28; SOBRAGI      ;24;0.8
127;29; SOBRAGI      ;24;0.8
127;30; SOBRAGI      ;24;0.8
127;31; SOBRAGI      ;24;0.8
127;32; SOBRAGI      ;24;0.8
127;33; SOBRAGI      ;24;0.8
127;34; SOBRAGI      ;24;0.8
127;35; SOBRAGI      ;24;0.8
127;36; SOBRAGI      ;24;0.8
127;37; SOBRAGI      ;24;0.8
127;38; SOBRAGI      ;24;0.8
127;39; SOBRAGI      ;24;0.8
127;40; SOBRAGI      ;24;0.8
127;41; SOBRAGI      ;24;0.8
127;42; SOBRAGI      ;24;0.8
127;43; SOBRAGI      ;24;0.8
127;44; SOBRAGI      ;24;0.8
127;45; SOBRAGI      ;24;0.8
127;46; SOBRAGI      ;24;0.8
127;47; SOBRAGI      ;24;0.8
127;48; SOBRAGI      ;24;0.8
127;49; SOBRAGI      ;24;0.8
127;50; SOBRAGI      ;24;0.8
127;51; SOBRAGI      ;24;0.8
127;52; SOBRAGI      ;24;0.8
127;53; SOBRAGI      ;24;0.8
127;54; SOBRAGI      ;23;0.8
127;55; SOBRAGI      ;23;0.8
127;56; SOBRAGI      ;23;0.8
127;57; SOBRAGI      ;23;0.8
127;58; SOBRAGI      ;23;0.8
127;59; SOBRAGI      ;23;0.8
127;60; SOBRAGI      ;23;0.8
127;61; SOBRAGI      ;23;0.8
127;62; SOBRAGI      ;23;0.8
127;63; SOBRAGI      ;23;0.8
127;64; SOBRAGI      ;23;0.8
127;65; SOBRAGI      ;23;0.8
129;1; SIMPLICIO    ;118;91.5
129;2; SIMPLICIO    ;118;91.5
129;3; SIMPLICIO    ;118;91.5
129;4; SIMPLICIO    ;118;91.5
129;5; SIMPLICIO    ;118;91.5
129;6; SIMPLICIO    ;118;91.5
129;7; SIMPLICIO    ;118;91.5
129;8; SIMPLICIO    ;118;91.5
129;9; SIMPLICIO    ;118;91.5
129;10; SIMPLICIO    ;118;91.5
129;11; SIMPLICIO    ;118;91.5
129;12; SIMPLICIO    ;118;91.5
129;13; SIMPLICIO    ;118;91.5
129;14; SIMPLICIO    ;118;91.5
129;15; SIMPLICIO    ;118;91.5
129;16; SIMPLICIO    ;118;91.5
129;17; SIMPLICIO    ;118;91.5
129;18; SIMPLICIO    ;118;91.5
129;19; SIMPLICIO    ;118;91.5
129;20; SIMPLICIO    ;118;91.5
129;21; SIMPLICIO    ;118;91.5
129;22; SIMPLICIO    ;118;91.5
129;23; SIMPLICIO    ;118;91.5
129;24; SIMPLICIO    ;118;91.5
129;25; SIMPLICIO    ;118;91.5
129;26; SIMPLICIO    ;118;91.5
129;27; SIMPLICIO    ;118;91.5
129;28; SIMPLICIO    ;118;91.5
129;29; SIMPLICIO    ;118;91.5
129;30; SIMPLICIO    ;118;91.5
129;31; SIMPLICIO    ;118;91.5
129;32; SIMPLICIO    ;118;91.5
129;33; SIMPLICIO    ;118;91.5
129;34; SIMPLICIO    ;118;91.5
129;35; SIMPLICIO    ;118;91.5
129;36; SIMPLICIO    ;118;91.5
129;37; SIMPLICIO    ;118;91.5
129;38; SIMPLICIO    ;118;91.5
129;39; SIMPLICIO    ;118;91.5
129;40; SIMPLICIO    ;118;91.5
129;41; SIMPLICIO    ;118;91.5
129;42; SIMPLICIO    ;118;91.5
129;43; SIMPLICIO    ;118;91.5
129;44; SIMPLICIO    ;118;91.5
129;45; SIMPLICIO    ;118;91.5
129;46; SIMPLICIO    ;118;91.5
129;47; SIMPLICIO    ;118;91.5
129;48; SIMPLICIO    ;118;91.5
129;49; SIMPLICIO    ;116;91.5
129;50; SIMPLICIO    ;116;91.5
129;51; SIMPLICIO    ;116;91.5
129;52; SIMPLICIO    ;116;91.5
129;53; SIMPLICIO    ;116;91.5
129;54; SIMPLICIO    ;115;91.5
129;55; SIMPLICIO    ;115;91.5
129;56; SIMPLICIO    ;115;91.5
129;57; SIMPLICIO    ;115;91.5
129;58; SIMPLICIO    ;115;91.5
129;59; SIMPLICIO    ;115;91.5
129;60; SIMPLICIO    ;115;91.5
129;61; SIMPLICIO    ;115;91.5
129;62; SIMPLICIO    ;115;91.5
129;63; SIMPLICIO    ;115;91.5
129;64; SIMPLICIO    ;114;91.5
129;65; SIMPLICIO    ;114;91.5
130;1; ILHA POMBOS  ;48;0
130;2; ILHA POMBOS  ;48;0
130;3; ILHA POMBOS  ;48;0
130;4; ILHA POMBOS  ;48;0
130;5; ILHA POMBOS  ;48;0
130;6; ILHA POMBOS  ;48;0
130;7; ILHA POMBOS  ;48;0
130;8; ILHA POMBOS  ;48;0
130;9; ILHA POMBOS  ;48;0
130;10; ILHA POMBOS  ;48;0
130;11; ILHA POMBOS  ;48;0
130;12; ILHA POMBOS  ;48;0
130;13; ILHA POMBOS  ;48;0
130;14; ILHA POMBOS  ;48;0
130;15; ILHA POMBOS  ;48;0
130;16; ILHA POMBOS  ;48;0
130;17; ILHA POMBOS  ;48;0
130;18; ILHA POMBOS  ;48;0
130;19; ILHA POMBOS  ;48;0
130;20; ILHA POMBOS  ;48;0
130;21; ILHA POMBOS  ;48;0
130;22; ILHA POMBOS  ;48;0
130;23; ILHA POMBOS  ;48;0
130;24; ILHA POMBOS  ;48;0
130;25; ILHA POMBOS  ;48;0
130;26; ILHA POMBOS  ;48;0
130;27; ILHA POMBOS  ;48;0
130;28; ILHA POMBOS  ;48;0
130;29; ILHA POMBOS  ;48;0
130;30; ILHA POMBOS  ;48;0
130;31; ILHA POMBOS  ;48;0
130;32; ILHA POMBOS  ;48;0
130;33; ILHA POMBOS  ;48;0
130;34; ILHA POMBOS  ;48;0
130;35; ILHA POMBOS  ;48;0
130;36; ILHA POMBOS  ;48;0
130;37; ILHA POMBOS  ;48;0
130;38; ILHA POMBOS  ;48;0
130;39; ILHA POMBOS  ;48;0
130;40; ILHA POMBOS  ;48;0
130;41; ILHA POMBOS  ;48;0
130;42; ILHA POMBOS  ;48;0
130;43; ILHA POMBOS  ;48;0
130;44; ILHA POMBOS  ;48;0
130;45; ILHA POMBOS  ;48;0
130;46; ILHA POMBOS  ;48;0
130;47; ILHA POMBOS  ;48;0
130;48; ILHA POMBOS  ;48;0
130;49; ILHA POMBOS  ;47;0
130;50; ILHA POMBOS  ;47;0
130;51; ILHA POMBOS  ;47;0
130;52; ILHA POMBOS  ;47;0
130;53; ILHA POMBOS  ;47;0
130;54; ILHA POMBOS  ;47;0
130;55; ILHA POMBOS  ;47;0
130;56; ILHA POMBOS  ;47;0
130;57; ILHA POMBOS  ;47;0
130;58; ILHA POMBOS  ;47;0
130;59; ILHA POMBOS  ;47;0
130;60; ILHA POMBOS  ;47;0
130;61; ILHA POMBOS  ;47;0
130;62; ILHA POMBOS  ;47;0
130;63; ILHA POMBOS  ;47;0
130;64; ILHA POMBOS  ;46;0
130;65; ILHA POMBOS  ;46;0
131;1; NILO PECANHA ;0;0
131;2; NILO PECANHA ;0;0
131;3; NILO PECANHA ;0;0
131;4; NILO PECANHA ;0;0
131;5; NILO PECANHA ;0;0
131;6; NILO PECANHA ;0;0
131;7; NILO PECANHA ;0;0
131;8; NILO PECANHA ;0;0
131;9; NILO PECANHA ;0;0
131;10; NILO PECANHA ;0;0
131;11; NILO PECANHA ;0;0
131;12; NILO PECANHA ;0;0
131;13; NILO PECANHA ;0;0
131;14; NILO PECANHA ;0;0
131;15; NILO PECANHA ;0;0
131;16; NILO PECANHA ;0;0
131;17; NILO PECANHA ;0;0
131;18; NILO PECANHA ;0;0
131;19; NILO PECANHA ;0;0
131;20; NILO PECANHA ;0;0
131;21; NILO PECANHA ;0;0
131;22; NILO PECANHA ;0;0
131;23; NILO PECANHA ;0;0
131;24; NILO PECANHA ;0;0
131;25; NILO PECANHA ;0;0
131;26; NILO PECANHA ;0;0
131;27; NILO PECANHA ;0;0
131;28; NILO PECANHA ;0;0
131;29; NILO PECANHA ;0;0
131;30; NILO PECANHA ;0;0
131;31; NILO PECANHA ;0;0
131;32; NILO PECANHA ;0;0
131;33; NILO PECANHA ;0;0
131;34; NILO PECANHA ;0;0
131;35; NILO PECANHA ;0;0
131;36; NILO PECANHA ;0;0
131;37; NILO PECANHA ;0;0
131;38; NILO PECANHA ;0;0
131;39; NILO PECANHA ;0;0
131;40; NILO PECANHA ;0;0
131;41; NILO PECANHA ;0;0
131;42; NILO PECANHA ;0;0
131;43; NILO PECANHA ;0;0
131;44; NILO PECANHA ;0;0
131;45; NILO PECANHA ;0;0
131;46; NILO PECANHA ;0;0
131;47; NILO PECANHA ;0;0
131;48; NILO PECANHA ;0;0
131;49; NILO PECANHA ;0;0
131;50; NILO PECANHA ;0;0
131;51; NILO PECANHA ;0;0
131;52; NILO PECANHA ;0;0
131;53; NILO PECANHA ;0;0
131;54; NILO PECANHA ;0;0
131;55; NILO PECANHA ;0;0
131;56; NILO PECANHA ;0;0
131;57; NILO PECANHA ;0;0
131;58; NILO PECANHA ;0;0
131;59; NILO PECANHA ;0;0
131;60; NILO PECANHA ;0;0
131;61; NILO PECANHA ;0;0
131;62; NILO PECANHA ;0;0
131;63; NILO PECANHA ;0;0
131;64; NILO PECANHA ;0;0
131;65; NILO PECANHA ;0;0
133;1; P. PASSOS    ;0;0
133;2; P. PASSOS    ;0;0
133;3; P. PASSOS    ;0;0
133;4; P. PASSOS    ;0;0
133;5; P. PASSOS    ;0;0
133;6; P. PASSOS    ;0;0
133;7; P. PASSOS    ;0;0
133;8; P. PASSOS    ;0;0
133;9; P. PASSOS    ;0;0
133;10; P. PASSOS    ;0;0
133;11; P. PASSOS    ;0;0
133;12; P. PASSOS    ;0;0
133;13; P. PASSOS    ;0;0
133;14; P. PASSOS    ;0;0
133;15; P. PASSOS    ;0;0
133;16; P. PASSOS    ;0;0
133;17; P. PASSOS    ;0;0
133;18; P. PASSOS    ;0;0
133;19; P. PASSOS    ;0;0
133;20; P. PASSOS    ;0;0
133;21; P. PASSOS    ;0;0
133;22; P. PASSOS    ;0;0
133;23; P. PASSOS    ;0;0
133;24; P. PASSOS    ;0;0
133;25; P. PASSOS    ;0;0
133;26; P. PASSOS    ;0;0
133;27; P. PASSOS    ;0;0
133;28; P. PASSOS    ;0;0
133;29; P. PASSOS    ;0;0
133;30; P. PASSOS    ;0;0
133;31; P. PASSOS    ;0;0
133;32; P. PASSOS    ;0;0
133;33; P. PASSOS    ;0;0
133;34; P. PASSOS    ;0;0
133;35; P. PASSOS    ;0;0
133;36; P. PASSOS    ;0;0
133;37; P. PASSOS    ;0;0
133;38; P. PASSOS    ;0;0
133;39; P. PASSOS    ;0;0
133;40; P. PASSOS    ;0;0
133;41; P. PASSOS    ;0;0
133;42; P. PASSOS    ;0;0
133;43; P. PASSOS    ;0;0
133;44; P. PASSOS    ;0;0
133;45; P. PASSOS    ;0;0
133;46; P. PASSOS    ;0;0
133;47; P. PASSOS    ;0;0
133;48; P. PASSOS    ;0;0
133;49; P. PASSOS    ;0;0
133;50; P. PASSOS    ;0;0
133;51; P. PASSOS    ;0;0
133;52; P. PASSOS    ;0;0
133;53; P. PASSOS    ;0;0
133;54; P. PASSOS    ;0;0
133;55; P. PASSOS    ;0;0
133;56; P. PASSOS    ;0;0
133;57; P. PASSOS    ;0;0
133;58; P. PASSOS    ;0;0
133;59; P. PASSOS    ;0;0
133;60; P. PASSOS    ;0;0
133;61; P. PASSOS    ;0;0
133;62; P. PASSOS    ;0;0
133;63; P. PASSOS    ;0;0
133;64; P. PASSOS    ;0;0
133;65; P. PASSOS    ;0;0
134;1; SALTO GRANDE ;139;0.3
134;2; SALTO GRANDE ;139;0.3
134;3; SALTO GRANDE ;139;0.3
134;4; SALTO GRANDE ;139;0.3
134;5; SALTO GRANDE ;139;0.3
134;6; SALTO GRANDE ;139;0.3
134;7; SALTO GRANDE ;139;0.3
134;8; SALTO GRANDE ;139;0.3
134;9; SALTO GRANDE ;139;0.3
134;10; SALTO GRANDE ;139;0.3
134;11; SALTO GRANDE ;139;0.3
134;12; SALTO GRANDE ;139;0.3
134;13; SALTO GRANDE ;139;0.3
134;14; SALTO GRANDE ;139;0.3
134;15; SALTO GRANDE ;139;0.3
134;16; SALTO GRANDE ;139;0.3
134;17; SALTO GRANDE ;139;0.3
134;18; SALTO GRANDE ;139;0.3
134;19; SALTO GRANDE ;139;0.3
134;20; SALTO GRANDE ;139;0.3
134;21; SALTO GRANDE ;139;0.3
134;22; SALTO GRANDE ;139;0.3
134;23; SALTO GRANDE ;139;0.3
134;24; SALTO GRANDE ;139;0.3
134;25; SALTO GRANDE ;139;0.3
134;26; SALTO GRANDE ;139;0.3
134;27; SALTO GRANDE ;139;0.3
134;28; SALTO GRANDE ;139;0.3
134;29; SALTO GRANDE ;139;0.3
134;30; SALTO GRANDE ;139;0.3
134;31; SALTO GRANDE ;139;0.3
134;32; SALTO GRANDE ;139;0.3
134;33; SALTO GRANDE ;139;0.3
134;34; SALTO GRANDE ;139;0.3
134;35; SALTO GRANDE ;139;0.3
134;36; SALTO GRANDE ;139;0.3
134;37; SALTO GRANDE ;139;0.3
134;38; SALTO GRANDE ;139;0.3
134;39; SALTO GRANDE ;139;0.3
134;40; SALTO GRANDE ;139;0.3
134;41; SALTO GRANDE ;139;0.3
134;42; SALTO GRANDE ;139;0.3
134;43; SALTO GRANDE ;139;0.3
134;44; SALTO GRANDE ;139;0.3
134;45; SALTO GRANDE ;139;0.3
134;46; SALTO GRANDE ;139;0.3
134;47; SALTO GRANDE ;139;0.3
134;48; SALTO GRANDE ;139;0.3
134;49; SALTO GRANDE ;122;0.3
134;50; SALTO GRANDE ;122;0.3
134;51; SALTO GRANDE ;122;0.3
134;52; SALTO GRANDE ;122;0.3
134;53; SALTO GRANDE ;122;0.3
134;54; SALTO GRANDE ;113;0.3
134;55; SALTO GRANDE ;113;0.3
134;56; SALTO GRANDE ;113;0.3
134;57; SALTO GRANDE ;113;0.3
134;58; SALTO GRANDE ;113;0.3
134;59; SALTO GRANDE ;105;0.3
134;60; SALTO GRANDE ;105;0.3
134;61; SALTO GRANDE ;105;0.3
134;62; SALTO GRANDE ;105;0.3
134;63; SALTO GRANDE ;105;0.3
134;64; SALTO GRANDE ;98;0.3
134;65; SALTO GRANDE ;98;0.3
135;1; P. ESTRELA   ;0;0
135;2; P. ESTRELA   ;0;0
135;3; P. ESTRELA   ;0;0
135;4; P. ESTRELA   ;0;0
135;5; P. ESTRELA   ;0;0
135;6; P. ESTRELA   ;0;0
135;7; P. ESTRELA   ;0;0
135;8; P. ESTRELA   ;0;0
135;9; P. ESTRELA   ;0;0
135;10; P. ESTRELA   ;0;0
135;11; P. ESTRELA   ;0;0
135;12; P. ESTRELA   ;0;0
135;13; P. ESTRELA   ;0;0
135;14; P. ESTRELA   ;0;0
135;15; P. ESTRELA   ;0;0
135;16; P. ESTRELA   ;0;0
135;17; P. ESTRELA   ;0;0
135;18; P. ESTRELA   ;0;0
135;19; P. ESTRELA   ;0;0
135;20; P. ESTRELA   ;0;0
135;21; P. ESTRELA   ;0;0
135;22; P. ESTRELA   ;0;0
135;23; P. ESTRELA   ;0;0
135;24; P. ESTRELA   ;0;0
135;25; P. ESTRELA   ;0;0
135;26; P. ESTRELA   ;0;0
135;27; P. ESTRELA   ;0;0
135;28; P. ESTRELA   ;0;0
135;29; P. ESTRELA   ;0;0
135;30; P. ESTRELA   ;0;0
135;31; P. ESTRELA   ;0;0
135;32; P. ESTRELA   ;0;0
135;33; P. ESTRELA   ;0;0
135;34; P. ESTRELA   ;0;0
135;35; P. ESTRELA   ;0;0
135;36; P. ESTRELA   ;0;0
135;37; P. ESTRELA   ;0;0
135;38; P. ESTRELA   ;0;0
135;39; P. ESTRELA   ;0;0
135;40; P. ESTRELA   ;0;0
135;41; P. ESTRELA   ;0;0
135;42; P. ESTRELA   ;0;0
135;43; P. ESTRELA   ;0;0
135;44; P. ESTRELA   ;0;0
135;45; P. ESTRELA   ;0;0
135;46; P. ESTRELA   ;0;0
135;47; P. ESTRELA   ;0;0
135;48; P. ESTRELA   ;0;0
135;49; P. ESTRELA   ;0;0
135;50; P. ESTRELA   ;0;0
135;51; P. ESTRELA   ;0;0
135;52; P. ESTRELA   ;0;0
135;53; P. ESTRELA   ;0;0
135;54; P. ESTRELA   ;0;0
135;55; P. ESTRELA   ;0;0
135;56; P. ESTRELA   ;0;0
135;57; P. ESTRELA   ;0;0
135;58; P. ESTRELA   ;0;0
135;59; P. ESTRELA   ;0;0
135;60; P. ESTRELA   ;0;0
135;61; P. ESTRELA   ;0;0
135;62; P. ESTRELA   ;0;0
135;63; P. ESTRELA   ;0;0
135;64; P. ESTRELA   ;0;0
135;65; P. ESTRELA   ;0;0
139;1; CANDONGA     ;150;1.3
139;2; CANDONGA     ;150;1.3
139;3; CANDONGA     ;150;1.3
139;4; CANDONGA     ;150;1.3
139;5; CANDONGA     ;150;1.3
139;6; CANDONGA     ;150;1.3
139;7; CANDONGA     ;150;1.3
139;8; CANDONGA     ;150;1.3
139;9; CANDONGA     ;150;1.3
139;10; CANDONGA     ;150;1.3
139;11; CANDONGA     ;150;1.3
139;12; CANDONGA     ;150;1.3
139;13; CANDONGA     ;150;1.3
139;14; CANDONGA     ;150;1.3
139;15; CANDONGA     ;150;1.3
139;16; CANDONGA     ;150;1.3
139;17; CANDONGA     ;150;1.3
139;18; CANDONGA     ;150;1.3
139;19; CANDONGA     ;150;1.3
139;20; CANDONGA     ;150;1.3
139;21; CANDONGA     ;150;1.3
139;22; CANDONGA     ;150;1.3
139;23; CANDONGA     ;150;1.3
139;24; CANDONGA     ;150;1.3
139;25; CANDONGA     ;150;1.3
139;26; CANDONGA     ;150;1.3
139;27; CANDONGA     ;150;1.3
139;28; CANDONGA     ;150;1.3
139;29; CANDONGA     ;150;1.3
139;30; CANDONGA     ;150;1.3
139;31; CANDONGA     ;150;1.3
139;32; CANDONGA     ;150;1.3
139;33; CANDONGA     ;150;1.3
139;34; CANDONGA     ;150;1.3
139;35; CANDONGA     ;150;1.3
139;36; CANDONGA     ;150;1.3
139;37; CANDONGA     ;150;1.3
139;38; CANDONGA     ;150;1.3
139;39; CANDONGA     ;150;1.3
139;40; CANDONGA     ;150;1.3
139;41; CANDONGA     ;150;1.3
139;42; CANDONGA     ;150;1.3
139;43; CANDONGA     ;150;1.3
139;44; CANDONGA     ;150;1.3
139;45; CANDONGA     ;150;1.3
139;46; CANDONGA     ;150;1.3
139;47; CANDONGA     ;150;1.3
139;48; CANDONGA     ;150;1.3
139;49; CANDONGA     ;142;1.3
139;50; CANDONGA     ;142;1.3
139;51; CANDONGA     ;142;1.3
139;52; CANDONGA     ;142;1.3
139;53; CANDONGA     ;142;1.3
139;54; CANDONGA     ;138;1.3
139;55; CANDONGA     ;138;1.3
139;56; CANDONGA     ;138;1.3
139;57; CANDONGA     ;138;1.3
139;58; CANDONGA     ;138;1.3
139;59; CANDONGA     ;135;1.3
139;60; CANDONGA     ;135;1.3
139;61; CANDONGA     ;135;1.3
139;62; CANDONGA     ;135;1.3
139;63; CANDONGA     ;135;1.3
139;64; CANDONGA     ;134;1.3
139;65; CANDONGA     ;134;1.3
141;1; BAGUARI      ;178;3.9
141;2; BAGUARI      ;178;3.9
141;3; BAGUARI      ;178;3.9
141;4; BAGUARI      ;178;3.9
141;5; BAGUARI      ;178;3.9
141;6; BAGUARI      ;178;3.9
141;7; BAGUARI      ;178;3.9
141;8; BAGUARI      ;178;3.9
141;9; BAGUARI      ;178;3.9
141;10; BAGUARI      ;178;3.9
141;11; BAGUARI      ;178;3.9
141;12; BAGUARI      ;178;3.9
141;13; BAGUARI      ;178;3.9
141;14; BAGUARI      ;178;3.9
141;15; BAGUARI      ;178;3.9
141;16; BAGUARI      ;178;3.9
141;17; BAGUARI      ;178;3.9
141;18; BAGUARI      ;178;3.9
141;19; BAGUARI      ;178;3.9
141;20; BAGUARI      ;178;3.9
141;21; BAGUARI      ;178;3.9
141;22; BAGUARI      ;178;3.9
141;23; BAGUARI      ;178;3.9
141;24; BAGUARI      ;178;3.9
141;25; BAGUARI      ;178;3.9
141;26; BAGUARI      ;178;3.9
141;27; BAGUARI      ;178;3.9
141;28; BAGUARI      ;178;3.9
141;29; BAGUARI      ;178;3.9
141;30; BAGUARI      ;178;3.9
141;31; BAGUARI      ;178;3.9
141;32; BAGUARI      ;178;3.9
141;33; BAGUARI      ;178;3.9
141;34; BAGUARI      ;178;3.9
141;35; BAGUARI      ;178;3.9
141;36; BAGUARI      ;178;3.9
141;37; BAGUARI      ;178;3.9
141;38; BAGUARI      ;178;3.9
141;39; BAGUARI      ;178;3.9
141;40; BAGUARI      ;178;3.9
141;41; BAGUARI      ;178;3.9
141;42; BAGUARI      ;178;3.9
141;43; BAGUARI      ;178;3.9
141;44; BAGUARI      ;178;3.9
141;45; BAGUARI      ;178;3.9
141;46; BAGUARI      ;178;3.9
141;47; BAGUARI      ;178;3.9
141;48; BAGUARI      ;178;3.9
141;49; BAGUARI      ;160;3.9
141;50; BAGUARI      ;160;3.9
141;51; BAGUARI      ;160;3.9
141;52; BAGUARI      ;160;3.9
141;53; BAGUARI      ;160;3.9
141;54; BAGUARI      ;146;3.9
141;55; BAGUARI      ;146;3.9
141;56; BAGUARI      ;146;3.9
141;57; BAGUARI      ;146;3.9
141;58; BAGUARI      ;146;3.9
141;59; BAGUARI      ;135;3.9
141;60; BAGUARI      ;135;3.9
141;61; BAGUARI      ;135;3.9
141;62; BAGUARI      ;135;3.9
141;63; BAGUARI      ;135;3.9
141;64; BAGUARI      ;126;3.9
141;65; BAGUARI      ;126;3.9
143;1; AIMORES      ;76;2.9
143;2; AIMORES      ;76;2.9
143;3; AIMORES      ;76;2.9
143;4; AIMORES      ;76;2.9
143;5; AIMORES      ;76;2.9
143;6; AIMORES      ;76;2.9
143;7; AIMORES      ;76;2.9
143;8; AIMORES      ;76;2.9
143;9; AIMORES      ;76;2.9
143;10; AIMORES      ;76;2.9
143;11; AIMORES      ;76;2.9
143;12; AIMORES      ;76;2.9
143;13; AIMORES      ;76;2.9
143;14; AIMORES      ;76;2.9
143;15; AIMORES      ;76;2.9
143;16; AIMORES      ;76;2.9
143;17; AIMORES      ;76;2.9
143;18; AIMORES      ;76;2.9
143;19; AIMORES      ;76;2.9
143;20; AIMORES      ;76;2.9
143;21; AIMORES      ;76;2.9
143;22; AIMORES      ;76;2.9
143;23; AIMORES      ;76;2.9
143;24; AIMORES      ;76;2.9
143;25; AIMORES      ;76;2.9
143;26; AIMORES      ;76;2.9
143;27; AIMORES      ;76;2.9
143;28; AIMORES      ;76;2.9
143;29; AIMORES      ;76;2.9
143;30; AIMORES      ;76;2.9
143;31; AIMORES      ;76;2.9
143;32; AIMORES      ;76;2.9
143;33; AIMORES      ;76;2.9
143;34; AIMORES      ;76;2.9
143;35; AIMORES      ;76;2.9
143;36; AIMORES      ;76;2.9
143;37; AIMORES      ;76;2.9
143;38; AIMORES      ;76;2.9
143;39; AIMORES      ;76;2.9
143;40; AIMORES      ;76;2.9
143;41; AIMORES      ;76;2.9
143;42; AIMORES      ;76;2.9
143;43; AIMORES      ;76;2.9
143;44; AIMORES      ;76;2.9
143;45; AIMORES      ;76;2.9
143;46; AIMORES      ;76;2.9
143;47; AIMORES      ;76;2.9
143;48; AIMORES      ;76;2.9
143;49; AIMORES      ;68;2.9
143;50; AIMORES      ;68;2.9
143;51; AIMORES      ;68;2.9
143;52; AIMORES      ;68;2.9
143;53; AIMORES      ;68;2.9
143;54; AIMORES      ;62;2.9
143;55; AIMORES      ;62;2.9
143;56; AIMORES      ;62;2.9
143;57; AIMORES      ;62;2.9
143;58; AIMORES      ;62;2.9
143;59; AIMORES      ;58;2.9
143;60; AIMORES      ;58;2.9
143;61; AIMORES      ;58;2.9
143;62; AIMORES      ;58;2.9
143;63; AIMORES      ;58;2.9
143;64; AIMORES      ;54;2.9
143;65; AIMORES      ;54;2.9
144;1; MASCARENHAS  ;136;2.7
144;2; MASCARENHAS  ;136;2.7
144;3; MASCARENHAS  ;136;2.7
144;4; MASCARENHAS  ;136;2.7
144;5; MASCARENHAS  ;136;2.7
144;6; MASCARENHAS  ;136;2.7
144;7; MASCARENHAS  ;136;2.7
144;8; MASCARENHAS  ;136;2.7
144;9; MASCARENHAS  ;136;2.7
144;10; MASCARENHAS  ;136;2.7
144;11; MASCARENHAS  ;136;2.7
144;12; MASCARENHAS  ;136;2.7
144;13; MASCARENHAS  ;136;2.7
144;14; MASCARENHAS  ;136;2.7
144;15; MASCARENHAS  ;136;2.7
144;16; MASCARENHAS  ;136;2.7
144;17; MASCARENHAS  ;136;2.7
144;18; MASCARENHAS  ;136;2.7
144;19; MASCARENHAS  ;136;2.7
144;20; MASCARENHAS  ;136;2.7
144;21; MASCARENHAS  ;136;2.7
144;22; MASCARENHAS  ;136;2.7
144;23; MASCARENHAS  ;136;2.7
144;24; MASCARENHAS  ;136;2.7
144;25; MASCARENHAS  ;136;2.7
144;26; MASCARENHAS  ;136;2.7
144;27; MASCARENHAS  ;136;2.7
144;28; MASCARENHAS  ;136;2.7
144;29; MASCARENHAS  ;136;2.7
144;30; MASCARENHAS  ;136;2.7
144;31; MASCARENHAS  ;136;2.7
144;32; MASCARENHAS  ;136;2.7
144;33; MASCARENHAS  ;136;2.7
144;34; MASCARENHAS  ;136;2.7
144;35; MASCARENHAS  ;136;2.7
144;36; MASCARENHAS  ;136;2.7
144;37; MASCARENHAS  ;136;2.7
144;38; MASCARENHAS  ;136;2.7
144;39; MASCARENHAS  ;136;2.7
144;40; MASCARENHAS  ;136;2.7
144;41; MASCARENHAS  ;136;2.7
144;42; MASCARENHAS  ;136;2.7
144;43; MASCARENHAS  ;136;2.7
144;44; MASCARENHAS  ;136;2.7
144;45; MASCARENHAS  ;136;2.7
144;46; MASCARENHAS  ;136;2.7
144;47; MASCARENHAS  ;136;2.7
144;48; MASCARENHAS  ;136;2.7
144;49; MASCARENHAS  ;122;2.7
144;50; MASCARENHAS  ;122;2.7
144;51; MASCARENHAS  ;122;2.7
144;52; MASCARENHAS  ;122;2.7
144;53; MASCARENHAS  ;122;2.7
144;54; MASCARENHAS  ;112;2.7
144;55; MASCARENHAS  ;112;2.7
144;56; MASCARENHAS  ;112;2.7
144;57; MASCARENHAS  ;112;2.7
144;58; MASCARENHAS  ;112;2.7
144;59; MASCARENHAS  ;103;2.7
144;60; MASCARENHAS  ;103;2.7
144;61; MASCARENHAS  ;103;2.7
144;62; MASCARENHAS  ;103;2.7
144;63; MASCARENHAS  ;103;2.7
144;64; MASCARENHAS  ;97;2.7
144;65; MASCARENHAS  ;97;2.7
145;1; SUICA        ;15;0.1
145;2; SUICA        ;15;0.1
145;3; SUICA        ;15;0.1
145;4; SUICA        ;15;0.1
145;5; SUICA        ;15;0.1
145;6; SUICA        ;15;0.1
145;7; SUICA        ;15;0.1
145;8; SUICA        ;15;0.1
145;9; SUICA        ;15;0.1
145;10; SUICA        ;15;0.1
145;11; SUICA        ;15;0.1
145;12; SUICA        ;15;0.1
145;13; SUICA        ;15;0.1
145;14; SUICA        ;15;0.1
145;15; SUICA        ;15;0.1
145;16; SUICA        ;15;0.1
145;17; SUICA        ;15;0.1
145;18; SUICA        ;15;0.1
145;19; SUICA        ;15;0.1
145;20; SUICA        ;15;0.1
145;21; SUICA        ;15;0.1
145;22; SUICA        ;15;0.1
145;23; SUICA        ;15;0.1
145;24; SUICA        ;15;0.1
145;25; SUICA        ;15;0.1
145;26; SUICA        ;15;0.1
145;27; SUICA        ;15;0.1
145;28; SUICA        ;15;0.1
145;29; SUICA        ;15;0.1
145;30; SUICA        ;15;0.1
145;31; SUICA        ;15;0.1
145;32; SUICA        ;15;0.1
145;33; SUICA        ;15;0.1
145;34; SUICA        ;15;0.1
145;35; SUICA        ;15;0.1
145;36; SUICA        ;15;0.1
145;37; SUICA        ;15;0.1
145;38; SUICA        ;15;0.1
145;39; SUICA        ;15;0.1
145;40; SUICA        ;15;0.1
145;41; SUICA        ;15;0.1
145;42; SUICA        ;15;0.1
145;43; SUICA        ;15;0.1
145;44; SUICA        ;15;0.1
145;45; SUICA        ;15;0.1
145;46; SUICA        ;15;0.1
145;47; SUICA        ;15;0.1
145;48; SUICA        ;15;0.1
145;49; SUICA        ;14;0.1
145;50; SUICA        ;14;0.1
145;51; SUICA        ;14;0.1
145;52; SUICA        ;14;0.1
145;53; SUICA        ;14;0.1
145;54; SUICA        ;12;0.1
145;55; SUICA        ;12;0.1
145;56; SUICA        ;12;0.1
145;57; SUICA        ;12;0.1
145;58; SUICA        ;12;0.1
145;59; SUICA        ;11;0.1
145;60; SUICA        ;11;0.1
145;61; SUICA        ;11;0.1
145;62; SUICA        ;11;0.1
145;63; SUICA        ;11;0.1
145;64; SUICA        ;10;0.1
145;65; SUICA        ;10;0.1
146;1; FONTES C     ;0;5.5
146;2; FONTES C     ;0;5.5
146;3; FONTES C     ;0;5.5
146;4; FONTES C     ;0;5.5
146;5; FONTES C     ;0;5.5
146;6; FONTES C     ;0;5.5
146;7; FONTES C     ;0;5.5
146;8; FONTES C     ;0;5.5
146;9; FONTES C     ;0;5.5
146;10; FONTES C     ;0;5.5
146;11; FONTES C     ;0;5.5
146;12; FONTES C     ;0;5.5
146;13; FONTES C     ;0;5.5
146;14; FONTES C     ;0;5.5
146;15; FONTES C     ;0;5.5
146;16; FONTES C     ;0;5.5
146;17; FONTES C     ;0;5.5
146;18; FONTES C     ;0;5.5
146;19; FONTES C     ;0;5.5
146;20; FONTES C     ;0;5.5
146;21; FONTES C     ;0;5.5
146;22; FONTES C     ;0;5.5
146;23; FONTES C     ;0;5.5
146;24; FONTES C     ;0;5.5
146;25; FONTES C     ;0;5.5
146;26; FONTES C     ;0;5.5
146;27; FONTES C     ;0;5.5
146;28; FONTES C     ;0;5.5
146;29; FONTES C     ;0;5.5
146;30; FONTES C     ;0;5.5
146;31; FONTES C     ;0;5.5
146;32; FONTES C     ;0;5.5
146;33; FONTES C     ;0;5.5
146;34; FONTES C     ;0;5.5
146;35; FONTES C     ;0;5.5
146;36; FONTES C     ;0;5.5
146;37; FONTES C     ;0;5.5
146;38; FONTES C     ;0;5.5
146;39; FONTES C     ;0;5.5
146;40; FONTES C     ;0;5.5
146;41; FONTES C     ;0;5.5
146;42; FONTES C     ;0;5.5
146;43; FONTES C     ;0;5.5
146;44; FONTES C     ;0;5.5
146;45; FONTES C     ;0;5.5
146;46; FONTES C     ;0;5.5
146;47; FONTES C     ;0;5.5
146;48; FONTES C     ;0;5.5
146;49; FONTES C     ;0;5.5
146;50; FONTES C     ;0;5.5
146;51; FONTES C     ;0;5.5
146;52; FONTES C     ;0;5.5
146;53; FONTES C     ;0;5.5
146;54; FONTES C     ;0;5.5
146;55; FONTES C     ;0;5.5
146;56; FONTES C     ;0;5.5
146;57; FONTES C     ;0;5.5
146;58; FONTES C     ;0;5.5
146;59; FONTES C     ;0;5.5
146;60; FONTES C     ;0;5.5
146;61; FONTES C     ;0;5.5
146;62; FONTES C     ;0;5.5
146;63; FONTES C     ;0;5.5
146;64; FONTES C     ;0;5.5
146;65; FONTES C     ;0;5.5
147;1; FONTES AB    ;0;0
147;2; FONTES AB    ;0;0
147;3; FONTES AB    ;0;0
147;4; FONTES AB    ;0;0
147;5; FONTES AB    ;0;0
147;6; FONTES AB    ;0;0
147;7; FONTES AB    ;0;0
147;8; FONTES AB    ;0;0
147;9; FONTES AB    ;0;0
147;10; FONTES AB    ;0;0
147;11; FONTES AB    ;0;0
147;12; FONTES AB    ;0;0
147;13; FONTES AB    ;0;0
147;14; FONTES AB    ;0;0
147;15; FONTES AB    ;0;0
147;16; FONTES AB    ;0;0
147;17; FONTES AB    ;0;0
147;18; FONTES AB    ;0;0
147;19; FONTES AB    ;0;0
147;20; FONTES AB    ;0;0
147;21; FONTES AB    ;0;0
147;22; FONTES AB    ;0;0
147;23; FONTES AB    ;0;0
147;24; FONTES AB    ;0;0
147;25; FONTES AB    ;0;0
147;26; FONTES AB    ;0;0
147;27; FONTES AB    ;0;0
147;28; FONTES AB    ;0;0
147;29; FONTES AB    ;0;0
147;30; FONTES AB    ;0;0
147;31; FONTES AB    ;0;0
147;32; FONTES AB    ;0;0
147;33; FONTES AB    ;0;0
147;34; FONTES AB    ;0;0
147;35; FONTES AB    ;0;0
147;36; FONTES AB    ;0;0
147;37; FONTES AB    ;0;0
147;38; FONTES AB    ;0;0
147;39; FONTES AB    ;0;0
147;40; FONTES AB    ;0;0
147;41; FONTES AB    ;0;0
147;42; FONTES AB    ;0;0
147;43; FONTES AB    ;0;0
147;44; FONTES AB    ;0;0
147;45; FONTES AB    ;0;0
147;46; FONTES AB    ;0;0
147;47; FONTES AB    ;0;0
147;48; FONTES AB    ;0;0
147;49; FONTES AB    ;0;0
147;50; FONTES AB    ;0;0
147;51; FONTES AB    ;0;0
147;52; FONTES AB    ;0;0
147;53; FONTES AB    ;0;0
147;54; FONTES AB    ;0;0
147;55; FONTES AB    ;0;0
147;56; FONTES AB    ;0;0
147;57; FONTES AB    ;0;0
147;58; FONTES AB    ;0;0
147;59; FONTES AB    ;0;0
147;60; FONTES AB    ;0;0
147;61; FONTES AB    ;0;0
147;62; FONTES AB    ;0;0
147;63; FONTES AB    ;0;0
147;64; FONTES AB    ;0;0
147;65; FONTES AB    ;0;0
148;1; IRAPE        ;242;0.4
148;2; IRAPE        ;242;0.4
148;3; IRAPE        ;242;0.4
148;4; IRAPE        ;242;0.4
148;5; IRAPE        ;242;0.4
148;6; IRAPE        ;242;0.4
148;7; IRAPE        ;242;0.4
148;8; IRAPE        ;242;0.4
148;9; IRAPE        ;242;0.4
148;10; IRAPE        ;242;0.4
148;11; IRAPE        ;242;0.4
148;12; IRAPE        ;242;0.4
148;13; IRAPE        ;242;0.4
148;14; IRAPE        ;242;0.4
148;15; IRAPE        ;242;0.4
148;16; IRAPE        ;242;0.4
148;17; IRAPE        ;242;0.4
148;18; IRAPE        ;242;0.4
148;19; IRAPE        ;242;0.4
148;20; IRAPE        ;242;0.4
148;21; IRAPE        ;242;0.4
148;22; IRAPE        ;242;0.4
148;23; IRAPE        ;242;0.4
148;24; IRAPE        ;242;0.4
148;25; IRAPE        ;242;0.4
148;26; IRAPE        ;242;0.4
148;27; IRAPE        ;242;0.4
148;28; IRAPE        ;242;0.4
148;29; IRAPE        ;242;0.4
148;30; IRAPE        ;242;0.4
148;31; IRAPE        ;242;0.4
148;32; IRAPE        ;242;0.4
148;33; IRAPE        ;242;0.4
148;34; IRAPE        ;242;0.4
148;35; IRAPE        ;242;0.4
148;36; IRAPE        ;242;0.4
148;37; IRAPE        ;242;0.4
148;38; IRAPE        ;242;0.4
148;39; IRAPE        ;242;0.4
148;40; IRAPE        ;242;0.4
148;41; IRAPE        ;242;0.4
148;42; IRAPE        ;242;0.4
148;43; IRAPE        ;242;0.4
148;44; IRAPE        ;242;0.4
148;45; IRAPE        ;242;0.4
148;46; IRAPE        ;242;0.4
148;47; IRAPE        ;242;0.4
148;48; IRAPE        ;242;0.4
148;49; IRAPE        ;211;0.4
148;50; IRAPE        ;211;0.4
148;51; IRAPE        ;211;0.4
148;52; IRAPE        ;211;0.4
148;53; IRAPE        ;211;0.4
148;54; IRAPE        ;191;0.4
148;55; IRAPE        ;191;0.4
148;56; IRAPE        ;191;0.4
148;57; IRAPE        ;191;0.4
148;58; IRAPE        ;191;0.4
148;59; IRAPE        ;173;0.4
148;60; IRAPE        ;173;0.4
148;61; IRAPE        ;173;0.4
148;62; IRAPE        ;173;0.4
148;63; IRAPE        ;173;0.4
148;64; IRAPE        ;155;0.4
148;65; IRAPE        ;155;0.4
153;1; SAO DOMINGOS ;110;0.4
153;2; SAO DOMINGOS ;110;0.4
153;3; SAO DOMINGOS ;110;0.4
153;4; SAO DOMINGOS ;110;0.4
153;5; SAO DOMINGOS ;110;0.4
153;6; SAO DOMINGOS ;110;0.4
153;7; SAO DOMINGOS ;110;0.4
153;8; SAO DOMINGOS ;110;0.4
153;9; SAO DOMINGOS ;110;0.4
153;10; SAO DOMINGOS ;110;0.4
153;11; SAO DOMINGOS ;110;0.4
153;12; SAO DOMINGOS ;110;0.4
153;13; SAO DOMINGOS ;110;0.4
153;14; SAO DOMINGOS ;110;0.4
153;15; SAO DOMINGOS ;110;0.4
153;16; SAO DOMINGOS ;110;0.4
153;17; SAO DOMINGOS ;110;0.4
153;18; SAO DOMINGOS ;110;0.4
153;19; SAO DOMINGOS ;110;0.4
153;20; SAO DOMINGOS ;110;0.4
153;21; SAO DOMINGOS ;110;0.4
153;22; SAO DOMINGOS ;110;0.4
153;23; SAO DOMINGOS ;110;0.4
153;24; SAO DOMINGOS ;110;0.4
153;25; SAO DOMINGOS ;110;0.4
153;26; SAO DOMINGOS ;110;0.4
153;27; SAO DOMINGOS ;110;0.4
153;28; SAO DOMINGOS ;110;0.4
153;29; SAO DOMINGOS ;110;0.4
153;30; SAO DOMINGOS ;110;0.4
153;31; SAO DOMINGOS ;110;0.4
153;32; SAO DOMINGOS ;110;0.4
153;33; SAO DOMINGOS ;110;0.4
153;34; SAO DOMINGOS ;110;0.4
153;35; SAO DOMINGOS ;110;0.4
153;36; SAO DOMINGOS ;110;0.4
153;37; SAO DOMINGOS ;110;0.4
153;38; SAO DOMINGOS ;110;0.4
153;39; SAO DOMINGOS ;110;0.4
153;40; SAO DOMINGOS ;110;0.4
153;41; SAO DOMINGOS ;110;0.4
153;42; SAO DOMINGOS ;110;0.4
153;43; SAO DOMINGOS ;110;0.4
153;44; SAO DOMINGOS ;110;0.4
153;45; SAO DOMINGOS ;110;0.4
153;46; SAO DOMINGOS ;110;0.4
153;47; SAO DOMINGOS ;110;0.4
153;48; SAO DOMINGOS ;110;0.4
153;49; SAO DOMINGOS ;105;0.4
153;50; SAO DOMINGOS ;105;0.4
153;51; SAO DOMINGOS ;105;0.4
153;52; SAO DOMINGOS ;105;0.4
153;53; SAO DOMINGOS ;105;0.4
153;54; SAO DOMINGOS ;101;0.4
153;55; SAO DOMINGOS ;101;0.4
153;56; SAO DOMINGOS ;101;0.4
153;57; SAO DOMINGOS ;101;0.4
153;58; SAO DOMINGOS ;101;0.4
153;59; SAO DOMINGOS ;98;0.4
153;60; SAO DOMINGOS ;98;0.4
153;61; SAO DOMINGOS ;98;0.4
153;62; SAO DOMINGOS ;98;0.4
153;63; SAO DOMINGOS ;98;0.4
153;64; SAO DOMINGOS ;96;0.4
153;65; SAO DOMINGOS ;96;0.4
154;1; ITAPEBI      ;261;3.6
154;2; ITAPEBI      ;261;3.6
154;3; ITAPEBI      ;261;3.6
154;4; ITAPEBI      ;261;3.6
154;5; ITAPEBI      ;261;3.6
154;6; ITAPEBI      ;261;3.6
154;7; ITAPEBI      ;261;3.6
154;8; ITAPEBI      ;261;3.6
154;9; ITAPEBI      ;261;3.6
154;10; ITAPEBI      ;261;3.6
154;11; ITAPEBI      ;261;3.6
154;12; ITAPEBI      ;261;3.6
154;13; ITAPEBI      ;261;3.6
154;14; ITAPEBI      ;261;3.6
154;15; ITAPEBI      ;261;3.6
154;16; ITAPEBI      ;261;3.6
154;17; ITAPEBI      ;261;3.6
154;18; ITAPEBI      ;261;3.6
154;19; ITAPEBI      ;261;3.6
154;20; ITAPEBI      ;261;3.6
154;21; ITAPEBI      ;261;3.6
154;22; ITAPEBI      ;261;3.6
154;23; ITAPEBI      ;261;3.6
154;24; ITAPEBI      ;261;3.6
154;25; ITAPEBI      ;261;3.6
154;26; ITAPEBI      ;261;3.6
154;27; ITAPEBI      ;261;3.6
154;28; ITAPEBI      ;261;3.6
154;29; ITAPEBI      ;261;3.6
154;30; ITAPEBI      ;261;3.6
154;31; ITAPEBI      ;261;3.6
154;32; ITAPEBI      ;261;3.6
154;33; ITAPEBI      ;261;3.6
154;34; ITAPEBI      ;261;3.6
154;35; ITAPEBI      ;261;3.6
154;36; ITAPEBI      ;261;3.6
154;37; ITAPEBI      ;261;3.6
154;38; ITAPEBI      ;261;3.6
154;39; ITAPEBI      ;261;3.6
154;40; ITAPEBI      ;261;3.6
154;41; ITAPEBI      ;261;3.6
154;42; ITAPEBI      ;261;3.6
154;43; ITAPEBI      ;261;3.6
154;44; ITAPEBI      ;261;3.6
154;45; ITAPEBI      ;261;3.6
154;46; ITAPEBI      ;261;3.6
154;47; ITAPEBI      ;261;3.6
154;48; ITAPEBI      ;261;3.6
154;49; ITAPEBI      ;213;3.6
154;50; ITAPEBI      ;213;3.6
154;51; ITAPEBI      ;213;3.6
154;52; ITAPEBI      ;213;3.6
154;53; ITAPEBI      ;213;3.6
154;54; ITAPEBI      ;177;3.6
154;55; ITAPEBI      ;177;3.6
154;56; ITAPEBI      ;177;3.6
154;57; ITAPEBI      ;177;3.6
154;58; ITAPEBI      ;177;3.6
154;59; ITAPEBI      ;157;3.6
154;60; ITAPEBI      ;157;3.6
154;61; ITAPEBI      ;157;3.6
154;62; ITAPEBI      ;157;3.6
154;63; ITAPEBI      ;157;3.6
154;64; ITAPEBI      ;142;3.6
154;65; ITAPEBI      ;142;3.6
155;1; RETIRO BAIXO ;165;3.3
155;2; RETIRO BAIXO ;165;3.3
155;3; RETIRO BAIXO ;165;3.3
155;4; RETIRO BAIXO ;165;3.3
155;5; RETIRO BAIXO ;165;3.3
155;6; RETIRO BAIXO ;165;3.3
155;7; RETIRO BAIXO ;165;3.3
155;8; RETIRO BAIXO ;165;3.3
155;9; RETIRO BAIXO ;165;3.3
155;10; RETIRO BAIXO ;165;3.3
155;11; RETIRO BAIXO ;165;3.3
155;12; RETIRO BAIXO ;165;3.3
155;13; RETIRO BAIXO ;165;3.3
155;14; RETIRO BAIXO ;165;3.3
155;15; RETIRO BAIXO ;165;3.3
155;16; RETIRO BAIXO ;165;3.3
155;17; RETIRO BAIXO ;165;3.3
155;18; RETIRO BAIXO ;165;3.3
155;19; RETIRO BAIXO ;165;3.3
155;20; RETIRO BAIXO ;165;3.3
155;21; RETIRO BAIXO ;165;3.3
155;22; RETIRO BAIXO ;165;3.3
155;23; RETIRO BAIXO ;165;3.3
155;24; RETIRO BAIXO ;165;3.3
155;25; RETIRO BAIXO ;165;3.3
155;26; RETIRO BAIXO ;165;3.3
155;27; RETIRO BAIXO ;165;3.3
155;28; RETIRO BAIXO ;165;3.3
155;29; RETIRO BAIXO ;165;3.3
155;30; RETIRO BAIXO ;165;3.3
155;31; RETIRO BAIXO ;165;3.3
155;32; RETIRO BAIXO ;165;3.3
155;33; RETIRO BAIXO ;165;3.3
155;34; RETIRO BAIXO ;165;3.3
155;35; RETIRO BAIXO ;165;3.3
155;36; RETIRO BAIXO ;165;3.3
155;37; RETIRO BAIXO ;165;3.3
155;38; RETIRO BAIXO ;165;3.3
155;39; RETIRO BAIXO ;165;3.3
155;40; RETIRO BAIXO ;165;3.3
155;41; RETIRO BAIXO ;165;3.3
155;42; RETIRO BAIXO ;165;3.3
155;43; RETIRO BAIXO ;165;3.3
155;44; RETIRO BAIXO ;165;3.3
155;45; RETIRO BAIXO ;165;3.3
155;46; RETIRO BAIXO ;165;3.3
155;47; RETIRO BAIXO ;165;3.3
155;48; RETIRO BAIXO ;165;3.3
155;49; RETIRO BAIXO ;156;3.3
155;50; RETIRO BAIXO ;156;3.3
155;51; RETIRO BAIXO ;156;3.3
155;52; RETIRO BAIXO ;156;3.3
155;53; RETIRO BAIXO ;156;3.3
155;54; RETIRO BAIXO ;150;3.3
155;55; RETIRO BAIXO ;150;3.3
155;56; RETIRO BAIXO ;150;3.3
155;57; RETIRO BAIXO ;150;3.3
155;58; RETIRO BAIXO ;150;3.3
155;59; RETIRO BAIXO ;144;3.3
155;60; RETIRO BAIXO ;144;3.3
155;61; RETIRO BAIXO ;144;3.3
155;62; RETIRO BAIXO ;144;3.3
155;63; RETIRO BAIXO ;144;3.3
155;64; RETIRO BAIXO ;140;3.3
155;65; RETIRO BAIXO ;140;3.3
156;1; TRES MARIAS  ;920;8.4
156;2; TRES MARIAS  ;920;8.4
156;3; TRES MARIAS  ;920;8.4
156;4; TRES MARIAS  ;920;8.4
156;5; TRES MARIAS  ;920;8.4
156;6; TRES MARIAS  ;920;8.4
156;7; TRES MARIAS  ;920;8.4
156;8; TRES MARIAS  ;920;8.4
156;9; TRES MARIAS  ;920;8.4
156;10; TRES MARIAS  ;920;8.4
156;11; TRES MARIAS  ;920;8.4
156;12; TRES MARIAS  ;920;8.4
156;13; TRES MARIAS  ;920;8.4
156;14; TRES MARIAS  ;920;8.4
156;15; TRES MARIAS  ;920;8.4
156;16; TRES MARIAS  ;920;8.4
156;17; TRES MARIAS  ;920;8.4
156;18; TRES MARIAS  ;920;8.4
156;19; TRES MARIAS  ;920;8.4
156;20; TRES MARIAS  ;920;8.4
156;21; TRES MARIAS  ;920;8.4
156;22; TRES MARIAS  ;920;8.4
156;23; TRES MARIAS  ;920;8.4
156;24; TRES MARIAS  ;920;8.4
156;25; TRES MARIAS  ;920;8.4
156;26; TRES MARIAS  ;920;8.4
156;27; TRES MARIAS  ;920;8.4
156;28; TRES MARIAS  ;920;8.4
156;29; TRES MARIAS  ;920;8.4
156;30; TRES MARIAS  ;920;8.4
156;31; TRES MARIAS  ;920;8.4
156;32; TRES MARIAS  ;920;8.4
156;33; TRES MARIAS  ;920;8.4
156;34; TRES MARIAS  ;920;8.4
156;35; TRES MARIAS  ;920;8.4
156;36; TRES MARIAS  ;920;8.4
156;37; TRES MARIAS  ;920;8.4
156;38; TRES MARIAS  ;920;8.4
156;39; TRES MARIAS  ;920;8.4
156;40; TRES MARIAS  ;920;8.4
156;41; TRES MARIAS  ;920;8.4
156;42; TRES MARIAS  ;920;8.4
156;43; TRES MARIAS  ;920;8.4
156;44; TRES MARIAS  ;920;8.4
156;45; TRES MARIAS  ;920;8.4
156;46; TRES MARIAS  ;920;8.4
156;47; TRES MARIAS  ;920;8.4
156;48; TRES MARIAS  ;920;8.4
156;49; TRES MARIAS  ;871;8.4
156;50; TRES MARIAS  ;871;8.4
156;51; TRES MARIAS  ;871;8.4
156;52; TRES MARIAS  ;871;8.4
156;53; TRES MARIAS  ;871;8.4
156;54; TRES MARIAS  ;827;8.4
156;55; TRES MARIAS  ;827;8.4
156;56; TRES MARIAS  ;827;8.4
156;57; TRES MARIAS  ;827;8.4
156;58; TRES MARIAS  ;827;8.4
156;59; TRES MARIAS  ;790;8.4
156;60; TRES MARIAS  ;790;8.4
156;61; TRES MARIAS  ;790;8.4
156;62; TRES MARIAS  ;790;8.4
156;63; TRES MARIAS  ;790;8.4
156;64; TRES MARIAS  ;758;8.4
156;65; TRES MARIAS  ;758;8.4
162;1; QUEIMADO     ;75;1.4
162;2; QUEIMADO     ;75;1.4
162;3; QUEIMADO     ;75;1.4
162;4; QUEIMADO     ;75;1.4
162;5; QUEIMADO     ;75;1.4
162;6; QUEIMADO     ;75;1.4
162;7; QUEIMADO     ;75;1.4
162;8; QUEIMADO     ;75;1.4
162;9; QUEIMADO     ;75;1.4
162;10; QUEIMADO     ;75;1.4
162;11; QUEIMADO     ;75;1.4
162;12; QUEIMADO     ;75;1.4
162;13; QUEIMADO     ;75;1.4
162;14; QUEIMADO     ;75;1.4
162;15; QUEIMADO     ;75;1.4
162;16; QUEIMADO     ;75;1.4
162;17; QUEIMADO     ;75;1.4
162;18; QUEIMADO     ;75;1.4
162;19; QUEIMADO     ;75;1.4
162;20; QUEIMADO     ;75;1.4
162;21; QUEIMADO     ;75;1.4
162;22; QUEIMADO     ;75;1.4
162;23; QUEIMADO     ;75;1.4
162;24; QUEIMADO     ;75;1.4
162;25; QUEIMADO     ;75;1.4
162;26; QUEIMADO     ;75;1.4
162;27; QUEIMADO     ;75;1.4
162;28; QUEIMADO     ;75;1.4
162;29; QUEIMADO     ;75;1.4
162;30; QUEIMADO     ;75;1.4
162;31; QUEIMADO     ;75;1.4
162;32; QUEIMADO     ;75;1.4
162;33; QUEIMADO     ;75;1.4
162;34; QUEIMADO     ;75;1.4
162;35; QUEIMADO     ;75;1.4
162;36; QUEIMADO     ;75;1.4
162;37; QUEIMADO     ;75;1.4
162;38; QUEIMADO     ;75;1.4
162;39; QUEIMADO     ;75;1.4
162;40; QUEIMADO     ;75;1.4
162;41; QUEIMADO     ;75;1.4
162;42; QUEIMADO     ;75;1.4
162;43; QUEIMADO     ;75;1.4
162;44; QUEIMADO     ;75;1.4
162;45; QUEIMADO     ;75;1.4
162;46; QUEIMADO     ;75;1.4
162;47; QUEIMADO     ;75;1.4
162;48; QUEIMADO     ;75;1.4
162;49; QUEIMADO     ;72;1.4
162;50; QUEIMADO     ;72;1.4
162;51; QUEIMADO     ;72;1.4
162;52; QUEIMADO     ;72;1.4
162;53; QUEIMADO     ;72;1.4
162;54; QUEIMADO     ;70;1.4
162;55; QUEIMADO     ;70;1.4
162;56; QUEIMADO     ;70;1.4
162;57; QUEIMADO     ;70;1.4
162;58; QUEIMADO     ;70;1.4
162;59; QUEIMADO     ;68;1.4
162;60; QUEIMADO     ;68;1.4
162;61; QUEIMADO     ;68;1.4
162;62; QUEIMADO     ;68;1.4
162;63; QUEIMADO     ;68;1.4
162;64; QUEIMADO     ;66;1.4
162;65; QUEIMADO     ;66;1.4
169;1; SOBRADINHO   ;3678;89
169;2; SOBRADINHO   ;3678;89
169;3; SOBRADINHO   ;3678;89
169;4; SOBRADINHO   ;3678;89
169;5; SOBRADINHO   ;3678;89
169;6; SOBRADINHO   ;3678;89
169;7; SOBRADINHO   ;3678;89
169;8; SOBRADINHO   ;3678;89
169;9; SOBRADINHO   ;3678;89
169;10; SOBRADINHO   ;3678;89
169;11; SOBRADINHO   ;3678;89
169;12; SOBRADINHO   ;3678;89
169;13; SOBRADINHO   ;3678;89
169;14; SOBRADINHO   ;3678;89
169;15; SOBRADINHO   ;3678;89
169;16; SOBRADINHO   ;3678;89
169;17; SOBRADINHO   ;3678;89
169;18; SOBRADINHO   ;3678;89
169;19; SOBRADINHO   ;3678;89
169;20; SOBRADINHO   ;3678;89
169;21; SOBRADINHO   ;3678;89
169;22; SOBRADINHO   ;3678;89
169;23; SOBRADINHO   ;3678;89
169;24; SOBRADINHO   ;3678;89
169;25; SOBRADINHO   ;3678;89
169;26; SOBRADINHO   ;3678;89
169;27; SOBRADINHO   ;3678;89
169;28; SOBRADINHO   ;3678;89
169;29; SOBRADINHO   ;3678;89
169;30; SOBRADINHO   ;3678;89
169;31; SOBRADINHO   ;3678;89
169;32; SOBRADINHO   ;3678;89
169;33; SOBRADINHO   ;3678;89
169;34; SOBRADINHO   ;3678;89
169;35; SOBRADINHO   ;3678;89
169;36; SOBRADINHO   ;3678;89
169;37; SOBRADINHO   ;3678;89
169;38; SOBRADINHO   ;3678;89
169;39; SOBRADINHO   ;3678;89
169;40; SOBRADINHO   ;3678;89
169;41; SOBRADINHO   ;3678;89
169;42; SOBRADINHO   ;3678;89
169;43; SOBRADINHO   ;3678;89
169;44; SOBRADINHO   ;3678;89
169;45; SOBRADINHO   ;3678;89
169;46; SOBRADINHO   ;3678;89
169;47; SOBRADINHO   ;3678;89
169;48; SOBRADINHO   ;3678;89
169;49; SOBRADINHO   ;3735;89
169;50; SOBRADINHO   ;3735;89
169;51; SOBRADINHO   ;3735;89
169;52; SOBRADINHO   ;3735;89
169;53; SOBRADINHO   ;3735;89
169;54; SOBRADINHO   ;3785;89
169;55; SOBRADINHO   ;3785;89
169;56; SOBRADINHO   ;3785;89
169;57; SOBRADINHO   ;3785;89
169;58; SOBRADINHO   ;3785;89
169;59; SOBRADINHO   ;3828;89
169;60; SOBRADINHO   ;3828;89
169;61; SOBRADINHO   ;3828;89
169;62; SOBRADINHO   ;3828;89
169;63; SOBRADINHO   ;3828;89
169;64; SOBRADINHO   ;3863;89
169;65; SOBRADINHO   ;3863;89
172;1; ITAPARICA    ;0;77.7
172;2; ITAPARICA    ;0;77.7
172;3; ITAPARICA    ;0;77.7
172;4; ITAPARICA    ;0;77.7
172;5; ITAPARICA    ;0;77.7
172;6; ITAPARICA    ;0;77.7
172;7; ITAPARICA    ;0;77.7
172;8; ITAPARICA    ;0;77.7
172;9; ITAPARICA    ;0;77.7
172;10; ITAPARICA    ;0;77.7
172;11; ITAPARICA    ;0;77.7
172;12; ITAPARICA    ;0;77.7
172;13; ITAPARICA    ;0;77.7
172;14; ITAPARICA    ;0;77.7
172;15; ITAPARICA    ;0;77.7
172;16; ITAPARICA    ;0;77.7
172;17; ITAPARICA    ;0;77.7
172;18; ITAPARICA    ;0;77.7
172;19; ITAPARICA    ;0;77.7
172;20; ITAPARICA    ;0;77.7
172;21; ITAPARICA    ;0;77.7
172;22; ITAPARICA    ;0;77.7
172;23; ITAPARICA    ;0;77.7
172;24; ITAPARICA    ;0;77.7
172;25; ITAPARICA    ;0;77.7
172;26; ITAPARICA    ;0;77.7
172;27; ITAPARICA    ;0;77.7
172;28; ITAPARICA    ;0;77.7
172;29; ITAPARICA    ;0;77.7
172;30; ITAPARICA    ;0;77.7
172;31; ITAPARICA    ;0;77.7
172;32; ITAPARICA    ;0;77.7
172;33; ITAPARICA    ;0;77.7
172;34; ITAPARICA    ;0;77.7
172;35; ITAPARICA    ;0;77.7
172;36; ITAPARICA    ;0;77.7
172;37; ITAPARICA    ;0;77.7
172;38; ITAPARICA    ;0;77.7
172;39; ITAPARICA    ;0;77.7
172;40; ITAPARICA    ;0;77.7
172;41; ITAPARICA    ;0;77.7
172;42; ITAPARICA    ;0;77.7
172;43; ITAPARICA    ;0;77.7
172;44; ITAPARICA    ;0;77.7
172;45; ITAPARICA    ;0;77.7
172;46; ITAPARICA    ;0;77.7
172;47; ITAPARICA    ;0;77.7
172;48; ITAPARICA    ;0;77.7
172;49; ITAPARICA    ;0;77.7
172;50; ITAPARICA    ;0;77.7
172;51; ITAPARICA    ;0;77.7
172;52; ITAPARICA    ;0;77.7
172;53; ITAPARICA    ;0;77.7
172;54; ITAPARICA    ;0;77.7
172;55; ITAPARICA    ;0;77.7
172;56; ITAPARICA    ;0;77.7
172;57; ITAPARICA    ;0;77.7
172;58; ITAPARICA    ;0;77.7
172;59; ITAPARICA    ;0;77.7
172;60; ITAPARICA    ;0;77.7
172;61; ITAPARICA    ;0;77.7
172;62; ITAPARICA    ;0;77.7
172;63; ITAPARICA    ;0;77.7
172;64; ITAPARICA    ;0;77.7
172;65; ITAPARICA    ;0;77.7
173;1; MOXOTO       ;0;2.7
173;2; MOXOTO       ;0;2.7
173;3; MOXOTO       ;0;2.7
173;4; MOXOTO       ;0;2.7
173;5; MOXOTO       ;0;2.7
173;6; MOXOTO       ;0;2.7
173;7; MOXOTO       ;0;2.7
173;8; MOXOTO       ;0;2.7
173;9; MOXOTO       ;0;2.7
173;10; MOXOTO       ;0;2.7
173;11; MOXOTO       ;0;2.7
173;12; MOXOTO       ;0;2.7
173;13; MOXOTO       ;0;2.7
173;14; MOXOTO       ;0;2.7
173;15; MOXOTO       ;0;2.7
173;16; MOXOTO       ;0;2.7
173;17; MOXOTO       ;0;2.7
173;18; MOXOTO       ;0;2.7
173;19; MOXOTO       ;0;2.7
173;20; MOXOTO       ;0;2.7
173;21; MOXOTO       ;0;2.7
173;22; MOXOTO       ;0;2.7
173;23; MOXOTO       ;0;2.7
173;24; MOXOTO       ;0;2.7
173;25; MOXOTO       ;0;2.7
173;26; MOXOTO       ;0;2.7
173;27; MOXOTO       ;0;2.7
173;28; MOXOTO       ;0;2.7
173;29; MOXOTO       ;0;2.7
173;30; MOXOTO       ;0;2.7
173;31; MOXOTO       ;0;2.7
173;32; MOXOTO       ;0;2.7
173;33; MOXOTO       ;0;2.7
173;34; MOXOTO       ;0;2.7
173;35; MOXOTO       ;0;2.7
173;36; MOXOTO       ;0;2.7
173;37; MOXOTO       ;0;2.7
173;38; MOXOTO       ;0;2.7
173;39; MOXOTO       ;0;2.7
173;40; MOXOTO       ;0;2.7
173;41; MOXOTO       ;0;2.7
173;42; MOXOTO       ;0;2.7
173;43; MOXOTO       ;0;2.7
173;44; MOXOTO       ;0;2.7
173;45; MOXOTO       ;0;2.7
173;46; MOXOTO       ;0;2.7
173;47; MOXOTO       ;0;2.7
173;48; MOXOTO       ;0;2.7
173;49; MOXOTO       ;0;2.7
173;50; MOXOTO       ;0;2.7
173;51; MOXOTO       ;0;2.7
173;52; MOXOTO       ;0;2.7
173;53; MOXOTO       ;0;2.7
173;54; MOXOTO       ;0;2.7
173;55; MOXOTO       ;0;2.7
173;56; MOXOTO       ;0;2.7
173;57; MOXOTO       ;0;2.7
173;58; MOXOTO       ;0;2.7
173;59; MOXOTO       ;0;2.7
173;60; MOXOTO       ;0;2.7
173;61; MOXOTO       ;0;2.7
173;62; MOXOTO       ;0;2.7
173;63; MOXOTO       ;0;2.7
173;64; MOXOTO       ;0;2.7
173;65; MOXOTO       ;0;2.7
174;1; P.AFONSO 123 ;0;0.1
174;2; P.AFONSO 123 ;0;0.1
174;3; P.AFONSO 123 ;0;0.1
174;4; P.AFONSO 123 ;0;0.1
174;5; P.AFONSO 123 ;0;0.1
174;6; P.AFONSO 123 ;0;0.1
174;7; P.AFONSO 123 ;0;0.1
174;8; P.AFONSO 123 ;0;0.1
174;9; P.AFONSO 123 ;0;0.1
174;10; P.AFONSO 123 ;0;0.1
174;11; P.AFONSO 123 ;0;0.1
174;12; P.AFONSO 123 ;0;0.1
174;13; P.AFONSO 123 ;0;0.1
174;14; P.AFONSO 123 ;0;0.1
174;15; P.AFONSO 123 ;0;0.1
174;16; P.AFONSO 123 ;0;0.1
174;17; P.AFONSO 123 ;0;0.1
174;18; P.AFONSO 123 ;0;0.1
174;19; P.AFONSO 123 ;0;0.1
174;20; P.AFONSO 123 ;0;0.1
174;21; P.AFONSO 123 ;0;0.1
174;22; P.AFONSO 123 ;0;0.1
174;23; P.AFONSO 123 ;0;0.1
174;24; P.AFONSO 123 ;0;0.1
174;25; P.AFONSO 123 ;0;0.1
174;26; P.AFONSO 123 ;0;0.1
174;27; P.AFONSO 123 ;0;0.1
174;28; P.AFONSO 123 ;0;0.1
174;29; P.AFONSO 123 ;0;0.1
174;30; P.AFONSO 123 ;0;0.1
174;31; P.AFONSO 123 ;0;0.1
174;32; P.AFONSO 123 ;0;0.1
174;33; P.AFONSO 123 ;0;0.1
174;34; P.AFONSO 123 ;0;0.1
174;35; P.AFONSO 123 ;0;0.1
174;36; P.AFONSO 123 ;0;0.1
174;37; P.AFONSO 123 ;0;0.1
174;38; P.AFONSO 123 ;0;0.1
174;39; P.AFONSO 123 ;0;0.1
174;40; P.AFONSO 123 ;0;0.1
174;41; P.AFONSO 123 ;0;0.1
174;42; P.AFONSO 123 ;0;0.1
174;43; P.AFONSO 123 ;0;0.1
174;44; P.AFONSO 123 ;0;0.1
174;45; P.AFONSO 123 ;0;0.1
174;46; P.AFONSO 123 ;0;0.1
174;47; P.AFONSO 123 ;0;0.1
174;48; P.AFONSO 123 ;0;0.1
174;49; P.AFONSO 123 ;0;0.1
174;50; P.AFONSO 123 ;0;0.1
174;51; P.AFONSO 123 ;0;0.1
174;52; P.AFONSO 123 ;0;0.1
174;53; P.AFONSO 123 ;0;0.1
174;54; P.AFONSO 123 ;0;0.1
174;55; P.AFONSO 123 ;0;0.1
174;56; P.AFONSO 123 ;0;0.1
174;57; P.AFONSO 123 ;0;0.1
174;58; P.AFONSO 123 ;0;0.1
174;59; P.AFONSO 123 ;0;0.1
174;60; P.AFONSO 123 ;0;0.1
174;61; P.AFONSO 123 ;0;0.1
174;62; P.AFONSO 123 ;0;0.1
174;63; P.AFONSO 123 ;0;0.1
174;64; P.AFONSO 123 ;0;0.1
174;65; P.AFONSO 123 ;0;0.1
175;1; P.AFONSO 4   ;0;0
175;2; P.AFONSO 4   ;0;0
175;3; P.AFONSO 4   ;0;0
175;4; P.AFONSO 4   ;0;0
175;5; P.AFONSO 4   ;0;0
175;6; P.AFONSO 4   ;0;0
175;7; P.AFONSO 4   ;0;0
175;8; P.AFONSO 4   ;0;0
175;9; P.AFONSO 4   ;0;0
175;10; P.AFONSO 4   ;0;0
175;11; P.AFONSO 4   ;0;0
175;12; P.AFONSO 4   ;0;0
175;13; P.AFONSO 4   ;0;0
175;14; P.AFONSO 4   ;0;0
175;15; P.AFONSO 4   ;0;0
175;16; P.AFONSO 4   ;0;0
175;17; P.AFONSO 4   ;0;0
175;18; P.AFONSO 4   ;0;0
175;19; P.AFONSO 4   ;0;0
175;20; P.AFONSO 4   ;0;0
175;21; P.AFONSO 4   ;0;0
175;22; P.AFONSO 4   ;0;0
175;23; P.AFONSO 4   ;0;0
175;24; P.AFONSO 4   ;0;0
175;25; P.AFONSO 4   ;0;0
175;26; P.AFONSO 4   ;0;0
175;27; P.AFONSO 4   ;0;0
175;28; P.AFONSO 4   ;0;0
175;29; P.AFONSO 4   ;0;0
175;30; P.AFONSO 4   ;0;0
175;31; P.AFONSO 4   ;0;0
175;32; P.AFONSO 4   ;0;0
175;33; P.AFONSO 4   ;0;0
175;34; P.AFONSO 4   ;0;0
175;35; P.AFONSO 4   ;0;0
175;36; P.AFONSO 4   ;0;0
175;37; P.AFONSO 4   ;0;0
175;38; P.AFONSO 4   ;0;0
175;39; P.AFONSO 4   ;0;0
175;40; P.AFONSO 4   ;0;0
175;41; P.AFONSO 4   ;0;0
175;42; P.AFONSO 4   ;0;0
175;43; P.AFONSO 4   ;0;0
175;44; P.AFONSO 4   ;0;0
175;45; P.AFONSO 4   ;0;0
175;46; P.AFONSO 4   ;0;0
175;47; P.AFONSO 4   ;0;0
175;48; P.AFONSO 4   ;0;0
175;49; P.AFONSO 4   ;0;0
175;50; P.AFONSO 4   ;0;0
175;51; P.AFONSO 4   ;0;0
175;52; P.AFONSO 4   ;0;0
175;53; P.AFONSO 4   ;0;0
175;54; P.AFONSO 4   ;0;0
175;55; P.AFONSO 4   ;0;0
175;56; P.AFONSO 4   ;0;0
175;57; P.AFONSO 4   ;0;0
175;58; P.AFONSO 4   ;0;0
175;59; P.AFONSO 4   ;0;0
175;60; P.AFONSO 4   ;0;0
175;61; P.AFONSO 4   ;0;0
175;62; P.AFONSO 4   ;0;0
175;63; P.AFONSO 4   ;0;0
175;64; P.AFONSO 4   ;0;0
175;65; P.AFONSO 4   ;0;0
178;1; XINGO        ;0;0.4
178;2; XINGO        ;0;0.4
178;3; XINGO        ;0;0.4
178;4; XINGO        ;0;0.4
178;5; XINGO        ;0;0.4
178;6; XINGO        ;0;0.4
178;7; XINGO        ;0;0.4
178;8; XINGO        ;0;0.4
178;9; XINGO        ;0;0.4
178;10; XINGO        ;0;0.4
178;11; XINGO        ;0;0.4
178;12; XINGO        ;0;0.4
178;13; XINGO        ;0;0.4
178;14; XINGO        ;0;0.4
178;15; XINGO        ;0;0.4
178;16; XINGO        ;0;0.4
178;17; XINGO        ;0;0.4
178;18; XINGO        ;0;0.4
178;19; XINGO        ;0;0.4
178;20; XINGO        ;0;0.4
178;21; XINGO        ;0;0.4
178;22; XINGO        ;0;0.4
178;23; XINGO        ;0;0.4
178;24; XINGO        ;0;0.4
178;25; XINGO        ;0;0.4
178;26; XINGO        ;0;0.4
178;27; XINGO        ;0;0.4
178;28; XINGO        ;0;0.4
178;29; XINGO        ;0;0.4
178;30; XINGO        ;0;0.4
178;31; XINGO        ;0;0.4
178;32; XINGO        ;0;0.4
178;33; XINGO        ;0;0.4
178;34; XINGO        ;0;0.4
178;35; XINGO        ;0;0.4
178;36; XINGO        ;0;0.4
178;37; XINGO        ;0;0.4
178;38; XINGO        ;0;0.4
178;39; XINGO        ;0;0.4
178;40; XINGO        ;0;0.4
178;41; XINGO        ;0;0.4
178;42; XINGO        ;0;0.4
178;43; XINGO        ;0;0.4
178;44; XINGO        ;0;0.4
178;45; XINGO        ;0;0.4
178;46; XINGO        ;0;0.4
178;47; XINGO        ;0;0.4
178;48; XINGO        ;0;0.4
178;49; XINGO        ;0;0.4
178;50; XINGO        ;0;0.4
178;51; XINGO        ;0;0.4
178;52; XINGO        ;0;0.4
178;53; XINGO        ;0;0.4
178;54; XINGO        ;0;0.4
178;55; XINGO        ;0;0.4
178;56; XINGO        ;0;0.4
178;57; XINGO        ;0;0.4
178;58; XINGO        ;0;0.4
178;59; XINGO        ;0;0.4
178;60; XINGO        ;0;0.4
178;61; XINGO        ;0;0.4
178;62; XINGO        ;0;0.4
178;63; XINGO        ;0;0.4
178;64; XINGO        ;0;0.4
178;65; XINGO        ;0;0.4
180;1; TOCOS        ;14;0
180;2; TOCOS        ;14;0
180;3; TOCOS        ;14;0
180;4; TOCOS        ;14;0
180;5; TOCOS        ;14;0
180;6; TOCOS        ;14;0
180;7; TOCOS        ;14;0
180;8; TOCOS        ;14;0
180;9; TOCOS        ;14;0
180;10; TOCOS        ;14;0
180;11; TOCOS        ;14;0
180;12; TOCOS        ;14;0
180;13; TOCOS        ;14;0
180;14; TOCOS        ;14;0
180;15; TOCOS        ;14;0
180;16; TOCOS        ;14;0
180;17; TOCOS        ;14;0
180;18; TOCOS        ;14;0
180;19; TOCOS        ;14;0
180;20; TOCOS        ;14;0
180;21; TOCOS        ;14;0
180;22; TOCOS        ;14;0
180;23; TOCOS        ;14;0
180;24; TOCOS        ;14;0
180;25; TOCOS        ;14;0
180;26; TOCOS        ;14;0
180;27; TOCOS        ;14;0
180;28; TOCOS        ;14;0
180;29; TOCOS        ;14;0
180;30; TOCOS        ;14;0
180;31; TOCOS        ;14;0
180;32; TOCOS        ;14;0
180;33; TOCOS        ;14;0
180;34; TOCOS        ;14;0
180;35; TOCOS        ;14;0
180;36; TOCOS        ;14;0
180;37; TOCOS        ;14;0
180;38; TOCOS        ;14;0
180;39; TOCOS        ;14;0
180;40; TOCOS        ;14;0
180;41; TOCOS        ;14;0
180;42; TOCOS        ;14;0
180;43; TOCOS        ;14;0
180;44; TOCOS        ;14;0
180;45; TOCOS        ;14;0
180;46; TOCOS        ;14;0
180;47; TOCOS        ;14;0
180;48; TOCOS        ;14;0
180;49; TOCOS        ;14;0
180;50; TOCOS        ;14;0
180;51; TOCOS        ;14;0
180;52; TOCOS        ;14;0
180;53; TOCOS        ;14;0
180;54; TOCOS        ;14;0
180;55; TOCOS        ;14;0
180;56; TOCOS        ;14;0
180;57; TOCOS        ;14;0
180;58; TOCOS        ;14;0
180;59; TOCOS        ;14;0
180;60; TOCOS        ;14;0
180;61; TOCOS        ;14;0
180;62; TOCOS        ;14;0
180;63; TOCOS        ;14;0
180;64; TOCOS        ;13;0
180;65; TOCOS        ;13;0
181;1; SANTANA      ;7;0
181;2; SANTANA      ;7;0
181;3; SANTANA      ;7;0
181;4; SANTANA      ;7;0
181;5; SANTANA      ;7;0
181;6; SANTANA      ;7;0
181;7; SANTANA      ;7;0
181;8; SANTANA      ;7;0
181;9; SANTANA      ;7;0
181;10; SANTANA      ;7;0
181;11; SANTANA      ;7;0
181;12; SANTANA      ;7;0
181;13; SANTANA      ;7;0
181;14; SANTANA      ;7;0
181;15; SANTANA      ;7;0
181;16; SANTANA      ;7;0
181;17; SANTANA      ;7;0
181;18; SANTANA      ;7;0
181;19; SANTANA      ;7;0
181;20; SANTANA      ;7;0
181;21; SANTANA      ;7;0
181;22; SANTANA      ;7;0
181;23; SANTANA      ;7;0
181;24; SANTANA      ;7;0
181;25; SANTANA      ;7;0
181;26; SANTANA      ;7;0
181;27; SANTANA      ;7;0
181;28; SANTANA      ;7;0
181;29; SANTANA      ;7;0
181;30; SANTANA      ;7;0
181;31; SANTANA      ;7;0
181;32; SANTANA      ;7;0
181;33; SANTANA      ;7;0
181;34; SANTANA      ;7;0
181;35; SANTANA      ;7;0
181;36; SANTANA      ;7;0
181;37; SANTANA      ;7;0
181;38; SANTANA      ;7;0
181;39; SANTANA      ;7;0
181;40; SANTANA      ;7;0
181;41; SANTANA      ;7;0
181;42; SANTANA      ;7;0
181;43; SANTANA      ;7;0
181;44; SANTANA      ;7;0
181;45; SANTANA      ;7;0
181;46; SANTANA      ;7;0
181;47; SANTANA      ;7;0
181;48; SANTANA      ;7;0
181;49; SANTANA      ;6;0
181;50; SANTANA      ;6;0
181;51; SANTANA      ;6;0
181;52; SANTANA      ;6;0
181;53; SANTANA      ;6;0
181;54; SANTANA      ;6;0
181;55; SANTANA      ;6;0
181;56; SANTANA      ;6;0
181;57; SANTANA      ;6;0
181;58; SANTANA      ;6;0
181;59; SANTANA      ;6;0
181;60; SANTANA      ;6;0
181;61; SANTANA      ;6;0
181;62; SANTANA      ;6;0
181;63; SANTANA      ;6;0
181;64; SANTANA      ;6;0
181;65; SANTANA      ;6;0
182;1; VIGARIO      ;0;0
182;2; VIGARIO      ;0;0
182;3; VIGARIO      ;0;0
182;4; VIGARIO      ;0;0
182;5; VIGARIO      ;0;0
182;6; VIGARIO      ;0;0
182;7; VIGARIO      ;0;0
182;8; VIGARIO      ;0;0
182;9; VIGARIO      ;0;0
182;10; VIGARIO      ;0;0
182;11; VIGARIO      ;0;0
182;12; VIGARIO      ;0;0
182;13; VIGARIO      ;0;0
182;14; VIGARIO      ;0;0
182;15; VIGARIO      ;0;0
182;16; VIGARIO      ;0;0
182;17; VIGARIO      ;0;0
182;18; VIGARIO      ;0;0
182;19; VIGARIO      ;0;0
182;20; VIGARIO      ;0;0
182;21; VIGARIO      ;0;0
182;22; VIGARIO      ;0;0
182;23; VIGARIO      ;0;0
182;24; VIGARIO      ;0;0
182;25; VIGARIO      ;0;0
182;26; VIGARIO      ;0;0
182;27; VIGARIO      ;0;0
182;28; VIGARIO      ;0;0
182;29; VIGARIO      ;0;0
182;30; VIGARIO      ;0;0
182;31; VIGARIO      ;0;0
182;32; VIGARIO      ;0;0
182;33; VIGARIO      ;0;0
182;34; VIGARIO      ;0;0
182;35; VIGARIO      ;0;0
182;36; VIGARIO      ;0;0
182;37; VIGARIO      ;0;0
182;38; VIGARIO      ;0;0
182;39; VIGARIO      ;0;0
182;40; VIGARIO      ;0;0
182;41; VIGARIO      ;0;0
182;42; VIGARIO      ;0;0
182;43; VIGARIO      ;0;0
182;44; VIGARIO      ;0;0
182;45; VIGARIO      ;0;0
182;46; VIGARIO      ;0;0
182;47; VIGARIO      ;0;0
182;48; VIGARIO      ;0;0
182;49; VIGARIO      ;0;0
182;50; VIGARIO      ;0;0
182;51; VIGARIO      ;0;0
182;52; VIGARIO      ;0;0
182;53; VIGARIO      ;0;0
182;54; VIGARIO      ;0;0
182;55; VIGARIO      ;0;0
182;56; VIGARIO      ;0;0
182;57; VIGARIO      ;0;0
182;58; VIGARIO      ;0;0
182;59; VIGARIO      ;0;0
182;60; VIGARIO      ;0;0
182;61; VIGARIO      ;0;0
182;62; VIGARIO      ;0;0
182;63; VIGARIO      ;0;0
182;64; VIGARIO      ;0;0
182;65; VIGARIO      ;0;0
185;1; BARRA BRAUNA ;127;1.7
185;2; BARRA BRAUNA ;127;1.7
185;3; BARRA BRAUNA ;127;1.7
185;4; BARRA BRAUNA ;127;1.7
185;5; BARRA BRAUNA ;127;1.7
185;6; BARRA BRAUNA ;127;1.7
185;7; BARRA BRAUNA ;127;1.7
185;8; BARRA BRAUNA ;127;1.7
185;9; BARRA BRAUNA ;127;1.7
185;10; BARRA BRAUNA ;127;1.7
185;11; BARRA BRAUNA ;127;1.7
185;12; BARRA BRAUNA ;127;1.7
185;13; BARRA BRAUNA ;127;1.7
185;14; BARRA BRAUNA ;127;1.7
185;15; BARRA BRAUNA ;127;1.7
185;16; BARRA BRAUNA ;127;1.7
185;17; BARRA BRAUNA ;127;1.7
185;18; BARRA BRAUNA ;127;1.7
185;19; BARRA BRAUNA ;127;1.7
185;20; BARRA BRAUNA ;127;1.7
185;21; BARRA BRAUNA ;127;1.7
185;22; BARRA BRAUNA ;127;1.7
185;23; BARRA BRAUNA ;127;1.7
185;24; BARRA BRAUNA ;127;1.7
185;25; BARRA BRAUNA ;127;1.7
185;26; BARRA BRAUNA ;127;1.7
185;27; BARRA BRAUNA ;127;1.7
185;28; BARRA BRAUNA ;127;1.7
185;29; BARRA BRAUNA ;127;1.7
185;30; BARRA BRAUNA ;127;1.7
185;31; BARRA BRAUNA ;127;1.7
185;32; BARRA BRAUNA ;127;1.7
185;33; BARRA BRAUNA ;127;1.7
185;34; BARRA BRAUNA ;127;1.7
185;35; BARRA BRAUNA ;127;1.7
185;36; BARRA BRAUNA ;127;1.7
185;37; BARRA BRAUNA ;127;1.7
185;38; BARRA BRAUNA ;127;1.7
185;39; BARRA BRAUNA ;127;1.7
185;40; BARRA BRAUNA ;127;1.7
185;41; BARRA BRAUNA ;127;1.7
185;42; BARRA BRAUNA ;127;1.7
185;43; BARRA BRAUNA ;127;1.7
185;44; BARRA BRAUNA ;127;1.7
185;45; BARRA BRAUNA ;127;1.7
185;46; BARRA BRAUNA ;127;1.7
185;47; BARRA BRAUNA ;127;1.7
185;48; BARRA BRAUNA ;127;1.7
185;49; BARRA BRAUNA ;124;1.7
185;50; BARRA BRAUNA ;124;1.7
185;51; BARRA BRAUNA ;124;1.7
185;52; BARRA BRAUNA ;124;1.7
185;53; BARRA BRAUNA ;124;1.7
185;54; BARRA BRAUNA ;123;1.7
185;55; BARRA BRAUNA ;123;1.7
185;56; BARRA BRAUNA ;123;1.7
185;57; BARRA BRAUNA ;123;1.7
185;58; BARRA BRAUNA ;123;1.7
185;59; BARRA BRAUNA ;122;1.7
185;60; BARRA BRAUNA ;122;1.7
185;61; BARRA BRAUNA ;122;1.7
185;62; BARRA BRAUNA ;122;1.7
185;63; BARRA BRAUNA ;122;1.7
185;64; BARRA BRAUNA ;121;1.7
185;65; BARRA BRAUNA ;121;1.7
189;1; P. CAVALO    ;32;7.9
189;2; P. CAVALO    ;32;7.9
189;3; P. CAVALO    ;32;7.9
189;4; P. CAVALO    ;32;7.9
189;5; P. CAVALO    ;32;7.9
189;6; P. CAVALO    ;32;7.9
189;7; P. CAVALO    ;32;7.9
189;8; P. CAVALO    ;32;7.9
189;9; P. CAVALO    ;32;7.9
189;10; P. CAVALO    ;32;7.9
189;11; P. CAVALO    ;32;7.9
189;12; P. CAVALO    ;32;7.9
189;13; P. CAVALO    ;32;7.9
189;14; P. CAVALO    ;32;7.9
189;15; P. CAVALO    ;32;7.9
189;16; P. CAVALO    ;32;7.9
189;17; P. CAVALO    ;32;7.9
189;18; P. CAVALO    ;32;7.9
189;19; P. CAVALO    ;32;7.9
189;20; P. CAVALO    ;32;7.9
189;21; P. CAVALO    ;32;7.9
189;22; P. CAVALO    ;32;7.9
189;23; P. CAVALO    ;32;7.9
189;24; P. CAVALO    ;32;7.9
189;25; P. CAVALO    ;32;7.9
189;26; P. CAVALO    ;32;7.9
189;27; P. CAVALO    ;32;7.9
189;28; P. CAVALO    ;32;7.9
189;29; P. CAVALO    ;32;7.9
189;30; P. CAVALO    ;32;7.9
189;31; P. CAVALO    ;32;7.9
189;32; P. CAVALO    ;32;7.9
189;33; P. CAVALO    ;32;7.9
189;34; P. CAVALO    ;32;7.9
189;35; P. CAVALO    ;32;7.9
189;36; P. CAVALO    ;32;7.9
189;37; P. CAVALO    ;32;7.9
189;38; P. CAVALO    ;32;7.9
189;39; P. CAVALO    ;32;7.9
189;40; P. CAVALO    ;32;7.9
189;41; P. CAVALO    ;32;7.9
189;42; P. CAVALO    ;32;7.9
189;43; P. CAVALO    ;32;7.9
189;44; P. CAVALO    ;32;7.9
189;45; P. CAVALO    ;32;7.9
189;46; P. CAVALO    ;32;7.9
189;47; P. CAVALO    ;32;7.9
189;48; P. CAVALO    ;32;7.9
189;49; P. CAVALO    ;32;7.9
189;50; P. CAVALO    ;32;7.9
189;51; P. CAVALO    ;32;7.9
189;52; P. CAVALO    ;32;7.9
189;53; P. CAVALO    ;32;7.9
189;54; P. CAVALO    ;30;7.9
189;55; P. CAVALO    ;30;7.9
189;56; P. CAVALO    ;30;7.9
189;57; P. CAVALO    ;30;7.9
189;58; P. CAVALO    ;30;7.9
189;59; P. CAVALO    ;28;7.9
189;60; P. CAVALO    ;28;7.9
189;61; P. CAVALO    ;28;7.9
189;62; P. CAVALO    ;28;7.9
189;63; P. CAVALO    ;28;7.9
189;64; P. CAVALO    ;27;7.9
189;65; P. CAVALO    ;27;7.9
190;1; B. ESPERANCA ;715;1.9
190;2; B. ESPERANCA ;715;1.9
190;3; B. ESPERANCA ;715;1.9
190;4; B. ESPERANCA ;715;1.9
190;5; B. ESPERANCA ;715;1.9
190;6; B. ESPERANCA ;715;1.9
190;7; B. ESPERANCA ;715;1.9
190;8; B. ESPERANCA ;715;1.9
190;9; B. ESPERANCA ;715;1.9
190;10; B. ESPERANCA ;715;1.9
190;11; B. ESPERANCA ;715;1.9
190;12; B. ESPERANCA ;715;1.9
190;13; B. ESPERANCA ;715;1.9
190;14; B. ESPERANCA ;715;1.9
190;15; B. ESPERANCA ;715;1.9
190;16; B. ESPERANCA ;715;1.9
190;17; B. ESPERANCA ;715;1.9
190;18; B. ESPERANCA ;715;1.9
190;19; B. ESPERANCA ;715;1.9
190;20; B. ESPERANCA ;715;1.9
190;21; B. ESPERANCA ;715;1.9
190;22; B. ESPERANCA ;715;1.9
190;23; B. ESPERANCA ;715;1.9
190;24; B. ESPERANCA ;715;1.9
190;25; B. ESPERANCA ;715;1.9
190;26; B. ESPERANCA ;715;1.9
190;27; B. ESPERANCA ;715;1.9
190;28; B. ESPERANCA ;715;1.9
190;29; B. ESPERANCA ;715;1.9
190;30; B. ESPERANCA ;715;1.9
190;31; B. ESPERANCA ;715;1.9
190;32; B. ESPERANCA ;715;1.9
190;33; B. ESPERANCA ;715;1.9
190;34; B. ESPERANCA ;715;1.9
190;35; B. ESPERANCA ;715;1.9
190;36; B. ESPERANCA ;715;1.9
190;37; B. ESPERANCA ;715;1.9
190;38; B. ESPERANCA ;715;1.9
190;39; B. ESPERANCA ;715;1.9
190;40; B. ESPERANCA ;715;1.9
190;41; B. ESPERANCA ;715;1.9
190;42; B. ESPERANCA ;715;1.9
190;43; B. ESPERANCA ;715;1.9
190;44; B. ESPERANCA ;715;1.9
190;45; B. ESPERANCA ;715;1.9
190;46; B. ESPERANCA ;715;1.9
190;47; B. ESPERANCA ;715;1.9
190;48; B. ESPERANCA ;715;1.9
190;49; B. ESPERANCA ;688;1.9
190;50; B. ESPERANCA ;688;1.9
190;51; B. ESPERANCA ;688;1.9
190;52; B. ESPERANCA ;688;1.9
190;53; B. ESPERANCA ;688;1.9
190;54; B. ESPERANCA ;700;1.9
190;55; B. ESPERANCA ;700;1.9
190;56; B. ESPERANCA ;700;1.9
190;57; B. ESPERANCA ;700;1.9
190;58; B. ESPERANCA ;700;1.9
190;59; B. ESPERANCA ;730;1.9
190;60; B. ESPERANCA ;730;1.9
190;61; B. ESPERANCA ;730;1.9
190;62; B. ESPERANCA ;730;1.9
190;63; B. ESPERANCA ;730;1.9
190;64; B. ESPERANCA ;771;1.9
190;65; B. ESPERANCA ;771;1.9
192;1; GUILMAN-AMOR ;64;0.7
192;2; GUILMAN-AMOR ;64;0.7
192;3; GUILMAN-AMOR ;64;0.7
192;4; GUILMAN-AMOR ;64;0.7
192;5; GUILMAN-AMOR ;64;0.7
192;6; GUILMAN-AMOR ;64;0.7
192;7; GUILMAN-AMOR ;64;0.7
192;8; GUILMAN-AMOR ;64;0.7
192;9; GUILMAN-AMOR ;64;0.7
192;10; GUILMAN-AMOR ;64;0.7
192;11; GUILMAN-AMOR ;64;0.7
192;12; GUILMAN-AMOR ;64;0.7
192;13; GUILMAN-AMOR ;64;0.7
192;14; GUILMAN-AMOR ;64;0.7
192;15; GUILMAN-AMOR ;64;0.7
192;16; GUILMAN-AMOR ;64;0.7
192;17; GUILMAN-AMOR ;64;0.7
192;18; GUILMAN-AMOR ;64;0.7
192;19; GUILMAN-AMOR ;64;0.7
192;20; GUILMAN-AMOR ;64;0.7
192;21; GUILMAN-AMOR ;64;0.7
192;22; GUILMAN-AMOR ;64;0.7
192;23; GUILMAN-AMOR ;64;0.7
192;24; GUILMAN-AMOR ;64;0.7
192;25; GUILMAN-AMOR ;64;0.7
192;26; GUILMAN-AMOR ;64;0.7
192;27; GUILMAN-AMOR ;64;0.7
192;28; GUILMAN-AMOR ;64;0.7
192;29; GUILMAN-AMOR ;64;0.7
192;30; GUILMAN-AMOR ;64;0.7
192;31; GUILMAN-AMOR ;64;0.7
192;32; GUILMAN-AMOR ;64;0.7
192;33; GUILMAN-AMOR ;64;0.7
192;34; GUILMAN-AMOR ;64;0.7
192;35; GUILMAN-AMOR ;64;0.7
192;36; GUILMAN-AMOR ;64;0.7
192;37; GUILMAN-AMOR ;64;0.7
192;38; GUILMAN-AMOR ;64;0.7
192;39; GUILMAN-AMOR ;64;0.7
192;40; GUILMAN-AMOR ;64;0.7
192;41; GUILMAN-AMOR ;64;0.7
192;42; GUILMAN-AMOR ;64;0.7
192;43; GUILMAN-AMOR ;64;0.7
192;44; GUILMAN-AMOR ;64;0.7
192;45; GUILMAN-AMOR ;64;0.7
192;46; GUILMAN-AMOR ;64;0.7
192;47; GUILMAN-AMOR ;64;0.7
192;48; GUILMAN-AMOR ;64;0.7
192;49; GUILMAN-AMOR ;58;0.7
192;50; GUILMAN-AMOR ;58;0.7
192;51; GUILMAN-AMOR ;58;0.7
192;52; GUILMAN-AMOR ;58;0.7
192;53; GUILMAN-AMOR ;58;0.7
192;54; GUILMAN-AMOR ;54;0.7
192;55; GUILMAN-AMOR ;54;0.7
192;56; GUILMAN-AMOR ;54;0.7
192;57; GUILMAN-AMOR ;54;0.7
192;58; GUILMAN-AMOR ;54;0.7
192;59; GUILMAN-AMOR ;51;0.7
192;60; GUILMAN-AMOR ;51;0.7
192;61; GUILMAN-AMOR ;51;0.7
192;62; GUILMAN-AMOR ;51;0.7
192;63; GUILMAN-AMOR ;51;0.7
192;64; GUILMAN-AMOR ;48;0.7
192;65; GUILMAN-AMOR ;48;0.7
193;1; SA CARVALHO  ;1;0
193;2; SA CARVALHO  ;1;0
193;3; SA CARVALHO  ;1;0
193;4; SA CARVALHO  ;1;0
193;5; SA CARVALHO  ;1;0
193;6; SA CARVALHO  ;1;0
193;7; SA CARVALHO  ;1;0
193;8; SA CARVALHO  ;1;0
193;9; SA CARVALHO  ;1;0
193;10; SA CARVALHO  ;1;0
193;11; SA CARVALHO  ;1;0
193;12; SA CARVALHO  ;1;0
193;13; SA CARVALHO  ;1;0
193;14; SA CARVALHO  ;1;0
193;15; SA CARVALHO  ;1;0
193;16; SA CARVALHO  ;1;0
193;17; SA CARVALHO  ;1;0
193;18; SA CARVALHO  ;1;0
193;19; SA CARVALHO  ;1;0
193;20; SA CARVALHO  ;1;0
193;21; SA CARVALHO  ;1;0
193;22; SA CARVALHO  ;1;0
193;23; SA CARVALHO  ;1;0
193;24; SA CARVALHO  ;1;0
193;25; SA CARVALHO  ;1;0
193;26; SA CARVALHO  ;1;0
193;27; SA CARVALHO  ;1;0
193;28; SA CARVALHO  ;1;0
193;29; SA CARVALHO  ;1;0
193;30; SA CARVALHO  ;1;0
193;31; SA CARVALHO  ;1;0
193;32; SA CARVALHO  ;1;0
193;33; SA CARVALHO  ;1;0
193;34; SA CARVALHO  ;1;0
193;35; SA CARVALHO  ;1;0
193;36; SA CARVALHO  ;1;0
193;37; SA CARVALHO  ;1;0
193;38; SA CARVALHO  ;1;0
193;39; SA CARVALHO  ;1;0
193;40; SA CARVALHO  ;1;0
193;41; SA CARVALHO  ;1;0
193;42; SA CARVALHO  ;1;0
193;43; SA CARVALHO  ;1;0
193;44; SA CARVALHO  ;1;0
193;45; SA CARVALHO  ;1;0
193;46; SA CARVALHO  ;1;0
193;47; SA CARVALHO  ;1;0
193;48; SA CARVALHO  ;1;0
193;49; SA CARVALHO  ;1;0
193;50; SA CARVALHO  ;1;0
193;51; SA CARVALHO  ;1;0
193;52; SA CARVALHO  ;1;0
193;53; SA CARVALHO  ;1;0
193;54; SA CARVALHO  ;1;0
193;55; SA CARVALHO  ;1;0
193;56; SA CARVALHO  ;1;0
193;57; SA CARVALHO  ;1;0
193;58; SA CARVALHO  ;1;0
193;59; SA CARVALHO  ;1;0
193;60; SA CARVALHO  ;1;0
193;61; SA CARVALHO  ;1;0
193;62; SA CARVALHO  ;1;0
193;63; SA CARVALHO  ;1;0
193;64; SA CARVALHO  ;1;0
193;65; SA CARVALHO  ;1;0
195;1; JAURU        ;92;0.1
195;2; JAURU        ;92;0.1
195;3; JAURU        ;92;0.1
195;4; JAURU        ;92;0.1
195;5; JAURU        ;92;0.1
195;6; JAURU        ;92;0.1
195;7; JAURU        ;92;0.1
195;8; JAURU        ;92;0.1
195;9; JAURU        ;92;0.1
195;10; JAURU        ;92;0.1
195;11; JAURU        ;92;0.1
195;12; JAURU        ;92;0.1
195;13; JAURU        ;92;0.1
195;14; JAURU        ;92;0.1
195;15; JAURU        ;92;0.1
195;16; JAURU        ;92;0.1
195;17; JAURU        ;92;0.1
195;18; JAURU        ;92;0.1
195;19; JAURU        ;92;0.1
195;20; JAURU        ;92;0.1
195;21; JAURU        ;92;0.1
195;22; JAURU        ;92;0.1
195;23; JAURU        ;92;0.1
195;24; JAURU        ;92;0.1
195;25; JAURU        ;92;0.1
195;26; JAURU        ;92;0.1
195;27; JAURU        ;92;0.1
195;28; JAURU        ;92;0.1
195;29; JAURU        ;92;0.1
195;30; JAURU        ;92;0.1
195;31; JAURU        ;92;0.1
195;32; JAURU        ;92;0.1
195;33; JAURU        ;92;0.1
195;34; JAURU        ;92;0.1
195;35; JAURU        ;92;0.1
195;36; JAURU        ;92;0.1
195;37; JAURU        ;92;0.1
195;38; JAURU        ;92;0.1
195;39; JAURU        ;92;0.1
195;40; JAURU        ;92;0.1
195;41; JAURU        ;92;0.1
195;42; JAURU        ;92;0.1
195;43; JAURU        ;92;0.1
195;44; JAURU        ;92;0.1
195;45; JAURU        ;92;0.1
195;46; JAURU        ;92;0.1
195;47; JAURU        ;92;0.1
195;48; JAURU        ;92;0.1
195;49; JAURU        ;90;0.1
195;50; JAURU        ;90;0.1
195;51; JAURU        ;90;0.1
195;52; JAURU        ;90;0.1
195;53; JAURU        ;90;0.1
195;54; JAURU        ;89;0.1
195;55; JAURU        ;89;0.1
195;56; JAURU        ;89;0.1
195;57; JAURU        ;89;0.1
195;58; JAURU        ;89;0.1
195;59; JAURU        ;88;0.1
195;60; JAURU        ;88;0.1
195;61; JAURU        ;88;0.1
195;62; JAURU        ;88;0.1
195;63; JAURU        ;88;0.1
195;64; JAURU        ;87;0.1
195;65; JAURU        ;87;0.1
196;1; GUAPORE      ;40;0
196;2; GUAPORE      ;40;0
196;3; GUAPORE      ;40;0
196;4; GUAPORE      ;40;0
196;5; GUAPORE      ;40;0
196;6; GUAPORE      ;40;0
196;7; GUAPORE      ;40;0
196;8; GUAPORE      ;40;0
196;9; GUAPORE      ;40;0
196;10; GUAPORE      ;40;0
196;11; GUAPORE      ;40;0
196;12; GUAPORE      ;40;0
196;13; GUAPORE      ;40;0
196;14; GUAPORE      ;40;0
196;15; GUAPORE      ;40;0
196;16; GUAPORE      ;40;0
196;17; GUAPORE      ;40;0
196;18; GUAPORE      ;40;0
196;19; GUAPORE      ;40;0
196;20; GUAPORE      ;40;0
196;21; GUAPORE      ;40;0
196;22; GUAPORE      ;40;0
196;23; GUAPORE      ;40;0
196;24; GUAPORE      ;40;0
196;25; GUAPORE      ;40;0
196;26; GUAPORE      ;40;0
196;27; GUAPORE      ;40;0
196;28; GUAPORE      ;40;0
196;29; GUAPORE      ;40;0
196;30; GUAPORE      ;40;0
196;31; GUAPORE      ;40;0
196;32; GUAPORE      ;40;0
196;33; GUAPORE      ;40;0
196;34; GUAPORE      ;40;0
196;35; GUAPORE      ;40;0
196;36; GUAPORE      ;40;0
196;37; GUAPORE      ;40;0
196;38; GUAPORE      ;40;0
196;39; GUAPORE      ;40;0
196;40; GUAPORE      ;40;0
196;41; GUAPORE      ;40;0
196;42; GUAPORE      ;40;0
196;43; GUAPORE      ;40;0
196;44; GUAPORE      ;40;0
196;45; GUAPORE      ;40;0
196;46; GUAPORE      ;40;0
196;47; GUAPORE      ;40;0
196;48; GUAPORE      ;40;0
196;49; GUAPORE      ;38;0
196;50; GUAPORE      ;38;0
196;51; GUAPORE      ;38;0
196;52; GUAPORE      ;38;0
196;53; GUAPORE      ;38;0
196;54; GUAPORE      ;37;0
196;55; GUAPORE      ;37;0
196;56; GUAPORE      ;37;0
196;57; GUAPORE      ;37;0
196;58; GUAPORE      ;37;0
196;59; GUAPORE      ;36;0
196;60; GUAPORE      ;36;0
196;61; GUAPORE      ;36;0
196;62; GUAPORE      ;36;0
196;63; GUAPORE      ;36;0
196;64; GUAPORE      ;35;0
196;65; GUAPORE      ;35;0
203;1; CORUMBA III  ;33;0.5
203;2; CORUMBA III  ;33;0.5
203;3; CORUMBA III  ;33;0.5
203;4; CORUMBA III  ;33;0.5
203;5; CORUMBA III  ;33;0.5
203;6; CORUMBA III  ;33;0.5
203;7; CORUMBA III  ;33;0.5
203;8; CORUMBA III  ;33;0.5
203;9; CORUMBA III  ;33;0.5
203;10; CORUMBA III  ;33;0.5
203;11; CORUMBA III  ;33;0.5
203;12; CORUMBA III  ;33;0.5
203;13; CORUMBA III  ;33;0.5
203;14; CORUMBA III  ;33;0.5
203;15; CORUMBA III  ;33;0.5
203;16; CORUMBA III  ;33;0.5
203;17; CORUMBA III  ;33;0.5
203;18; CORUMBA III  ;33;0.5
203;19; CORUMBA III  ;33;0.5
203;20; CORUMBA III  ;33;0.5
203;21; CORUMBA III  ;33;0.5
203;22; CORUMBA III  ;33;0.5
203;23; CORUMBA III  ;33;0.5
203;24; CORUMBA III  ;33;0.5
203;25; CORUMBA III  ;33;0.5
203;26; CORUMBA III  ;33;0.5
203;27; CORUMBA III  ;33;0.5
203;28; CORUMBA III  ;33;0.5
203;29; CORUMBA III  ;33;0.5
203;30; CORUMBA III  ;33;0.5
203;31; CORUMBA III  ;33;0.5
203;32; CORUMBA III  ;33;0.5
203;33; CORUMBA III  ;33;0.5
203;34; CORUMBA III  ;33;0.5
203;35; CORUMBA III  ;33;0.5
203;36; CORUMBA III  ;33;0.5
203;37; CORUMBA III  ;33;0.5
203;38; CORUMBA III  ;33;0.5
203;39; CORUMBA III  ;33;0.5
203;40; CORUMBA III  ;33;0.5
203;41; CORUMBA III  ;33;0.5
203;42; CORUMBA III  ;33;0.5
203;43; CORUMBA III  ;33;0.5
203;44; CORUMBA III  ;33;0.5
203;45; CORUMBA III  ;33;0.5
203;46; CORUMBA III  ;33;0.5
203;47; CORUMBA III  ;33;0.5
203;48; CORUMBA III  ;33;0.5
203;49; CORUMBA III  ;32;0.5
203;50; CORUMBA III  ;32;0.5
203;51; CORUMBA III  ;32;0.5
203;52; CORUMBA III  ;32;0.5
203;53; CORUMBA III  ;32;0.5
203;54; CORUMBA III  ;31;0.5
203;55; CORUMBA III  ;31;0.5
203;56; CORUMBA III  ;31;0.5
203;57; CORUMBA III  ;31;0.5
203;58; CORUMBA III  ;31;0.5
203;59; CORUMBA III  ;31;0.5
203;60; CORUMBA III  ;31;0.5
203;61; CORUMBA III  ;31;0.5
203;62; CORUMBA III  ;31;0.5
203;63; CORUMBA III  ;31;0.5
203;64; CORUMBA III  ;31;0.5
203;65; CORUMBA III  ;31;0.5
204;1; CACH.CALDEIR ;1908;0
204;2; CACH.CALDEIR ;1908;0
204;3; CACH.CALDEIR ;1908;0
204;4; CACH.CALDEIR ;1908;0
204;5; CACH.CALDEIR ;1908;0
204;6; CACH.CALDEIR ;1908;0
204;7; CACH.CALDEIR ;1908;0
204;8; CACH.CALDEIR ;1908;0
204;9; CACH.CALDEIR ;1908;0
204;10; CACH.CALDEIR ;1908;0
204;11; CACH.CALDEIR ;1908;0
204;12; CACH.CALDEIR ;1908;0
204;13; CACH.CALDEIR ;1908;0
204;14; CACH.CALDEIR ;1908;0
204;15; CACH.CALDEIR ;1908;0
204;16; CACH.CALDEIR ;1908;0
204;17; CACH.CALDEIR ;1908;0
204;18; CACH.CALDEIR ;1908;0
204;19; CACH.CALDEIR ;1908;0
204;20; CACH.CALDEIR ;1908;0
204;21; CACH.CALDEIR ;1908;0
204;22; CACH.CALDEIR ;1908;0
204;23; CACH.CALDEIR ;1908;0
204;24; CACH.CALDEIR ;1908;0
204;25; CACH.CALDEIR ;1908;0
204;26; CACH.CALDEIR ;1908;0
204;27; CACH.CALDEIR ;1908;0
204;28; CACH.CALDEIR ;1908;0
204;29; CACH.CALDEIR ;1908;0
204;30; CACH.CALDEIR ;1908;0
204;31; CACH.CALDEIR ;1908;0
204;32; CACH.CALDEIR ;1908;0
204;33; CACH.CALDEIR ;1908;0
204;34; CACH.CALDEIR ;1908;0
204;35; CACH.CALDEIR ;1908;0
204;36; CACH.CALDEIR ;1908;0
204;37; CACH.CALDEIR ;1908;0
204;38; CACH.CALDEIR ;1908;0
204;39; CACH.CALDEIR ;1908;0
204;40; CACH.CALDEIR ;1908;0
204;41; CACH.CALDEIR ;1908;0
204;42; CACH.CALDEIR ;1908;0
204;43; CACH.CALDEIR ;1908;0
204;44; CACH.CALDEIR ;1908;0
204;45; CACH.CALDEIR ;1908;0
204;46; CACH.CALDEIR ;1908;0
204;47; CACH.CALDEIR ;1908;0
204;48; CACH.CALDEIR ;1908;0
204;49; CACH.CALDEIR ;1989;0
204;50; CACH.CALDEIR ;1989;0
204;51; CACH.CALDEIR ;1989;0
204;52; CACH.CALDEIR ;1989;0
204;53; CACH.CALDEIR ;1989;0
204;54; CACH.CALDEIR ;2017;0
204;55; CACH.CALDEIR ;2017;0
204;56; CACH.CALDEIR ;2017;0
204;57; CACH.CALDEIR ;2017;0
204;58; CACH.CALDEIR ;2017;0
204;59; CACH.CALDEIR ;2036;0
204;60; CACH.CALDEIR ;2036;0
204;61; CACH.CALDEIR ;2036;0
204;62; CACH.CALDEIR ;2036;0
204;63; CACH.CALDEIR ;2036;0
204;64; CACH.CALDEIR ;2047;0
204;65; CACH.CALDEIR ;2047;0
215;1; SALTO PILAO  ;49;0.2
215;2; SALTO PILAO  ;49;0.2
215;3; SALTO PILAO  ;49;0.2
215;4; SALTO PILAO  ;49;0.2
215;5; SALTO PILAO  ;49;0.2
215;6; SALTO PILAO  ;49;0.2
215;7; SALTO PILAO  ;49;0.2
215;8; SALTO PILAO  ;49;0.2
215;9; SALTO PILAO  ;49;0.2
215;10; SALTO PILAO  ;49;0.2
215;11; SALTO PILAO  ;49;0.2
215;12; SALTO PILAO  ;49;0.2
215;13; SALTO PILAO  ;49;0.2
215;14; SALTO PILAO  ;49;0.2
215;15; SALTO PILAO  ;49;0.2
215;16; SALTO PILAO  ;49;0.2
215;17; SALTO PILAO  ;49;0.2
215;18; SALTO PILAO  ;49;0.2
215;19; SALTO PILAO  ;49;0.2
215;20; SALTO PILAO  ;49;0.2
215;21; SALTO PILAO  ;49;0.2
215;22; SALTO PILAO  ;49;0.2
215;23; SALTO PILAO  ;49;0.2
215;24; SALTO PILAO  ;49;0.2
215;25; SALTO PILAO  ;49;0.2
215;26; SALTO PILAO  ;49;0.2
215;27; SALTO PILAO  ;49;0.2
215;28; SALTO PILAO  ;49;0.2
215;29; SALTO PILAO  ;49;0.2
215;30; SALTO PILAO  ;49;0.2
215;31; SALTO PILAO  ;49;0.2
215;32; SALTO PILAO  ;49;0.2
215;33; SALTO PILAO  ;49;0.2
215;34; SALTO PILAO  ;49;0.2
215;35; SALTO PILAO  ;49;0.2
215;36; SALTO PILAO  ;49;0.2
215;37; SALTO PILAO  ;49;0.2
215;38; SALTO PILAO  ;49;0.2
215;39; SALTO PILAO  ;49;0.2
215;40; SALTO PILAO  ;49;0.2
215;41; SALTO PILAO  ;49;0.2
215;42; SALTO PILAO  ;49;0.2
215;43; SALTO PILAO  ;49;0.2
215;44; SALTO PILAO  ;49;0.2
215;45; SALTO PILAO  ;49;0.2
215;46; SALTO PILAO  ;49;0.2
215;47; SALTO PILAO  ;49;0.2
215;48; SALTO PILAO  ;49;0.2
215;49; SALTO PILAO  ;51;0.2
215;50; SALTO PILAO  ;51;0.2
215;51; SALTO PILAO  ;51;0.2
215;52; SALTO PILAO  ;51;0.2
215;53; SALTO PILAO  ;51;0.2
215;54; SALTO PILAO  ;49;0.2
215;55; SALTO PILAO  ;49;0.2
215;56; SALTO PILAO  ;49;0.2
215;57; SALTO PILAO  ;49;0.2
215;58; SALTO PILAO  ;49;0.2
215;59; SALTO PILAO  ;45;0.2
215;60; SALTO PILAO  ;45;0.2
215;61; SALTO PILAO  ;45;0.2
215;62; SALTO PILAO  ;45;0.2
215;63; SALTO PILAO  ;45;0.2
215;64; SALTO PILAO  ;42;0.2
215;65; SALTO PILAO  ;42;0.2
217;1; ROSAL        ;37;0.2
217;2; ROSAL        ;37;0.2
217;3; ROSAL        ;37;0.2
217;4; ROSAL        ;37;0.2
217;5; ROSAL        ;37;0.2
217;6; ROSAL        ;37;0.2
217;7; ROSAL        ;37;0.2
217;8; ROSAL        ;37;0.2
217;9; ROSAL        ;37;0.2
217;10; ROSAL        ;37;0.2
217;11; ROSAL        ;37;0.2
217;12; ROSAL        ;37;0.2
217;13; ROSAL        ;37;0.2
217;14; ROSAL        ;37;0.2
217;15; ROSAL        ;37;0.2
217;16; ROSAL        ;37;0.2
217;17; ROSAL        ;37;0.2
217;18; ROSAL        ;37;0.2
217;19; ROSAL        ;37;0.2
217;20; ROSAL        ;37;0.2
217;21; ROSAL        ;37;0.2
217;22; ROSAL        ;37;0.2
217;23; ROSAL        ;37;0.2
217;24; ROSAL        ;37;0.2
217;25; ROSAL        ;37;0.2
217;26; ROSAL        ;37;0.2
217;27; ROSAL        ;37;0.2
217;28; ROSAL        ;37;0.2
217;29; ROSAL        ;37;0.2
217;30; ROSAL        ;37;0.2
217;31; ROSAL        ;37;0.2
217;32; ROSAL        ;37;0.2
217;33; ROSAL        ;37;0.2
217;34; ROSAL        ;37;0.2
217;35; ROSAL        ;37;0.2
217;36; ROSAL        ;37;0.2
217;37; ROSAL        ;37;0.2
217;38; ROSAL        ;37;0.2
217;39; ROSAL        ;37;0.2
217;40; ROSAL        ;37;0.2
217;41; ROSAL        ;37;0.2
217;42; ROSAL        ;37;0.2
217;43; ROSAL        ;37;0.2
217;44; ROSAL        ;37;0.2
217;45; ROSAL        ;37;0.2
217;46; ROSAL        ;37;0.2
217;47; ROSAL        ;37;0.2
217;48; ROSAL        ;37;0.2
217;49; ROSAL        ;35;0.2
217;50; ROSAL        ;35;0.2
217;51; ROSAL        ;35;0.2
217;52; ROSAL        ;35;0.2
217;53; ROSAL        ;35;0.2
217;54; ROSAL        ;33;0.2
217;55; ROSAL        ;33;0.2
217;56; ROSAL        ;33;0.2
217;57; ROSAL        ;33;0.2
217;58; ROSAL        ;33;0.2
217;59; ROSAL        ;32;0.2
217;60; ROSAL        ;32;0.2
217;61; ROSAL        ;32;0.2
217;62; ROSAL        ;32;0.2
217;63; ROSAL        ;32;0.2
217;64; ROSAL        ;31;0.2
217;65; ROSAL        ;31;0.2
225;1; SLT APIACAS  ;387;0.3
225;2; SLT APIACAS  ;387;0.3
225;3; SLT APIACAS  ;387;0.3
225;4; SLT APIACAS  ;387;0.3
225;5; SLT APIACAS  ;387;0.3
225;6; SLT APIACAS  ;387;0.3
225;7; SLT APIACAS  ;387;0.3
225;8; SLT APIACAS  ;387;0.3
225;9; SLT APIACAS  ;387;0.3
225;10; SLT APIACAS  ;387;0.3
225;11; SLT APIACAS  ;387;0.3
225;12; SLT APIACAS  ;387;0.3
225;13; SLT APIACAS  ;387;0.3
225;14; SLT APIACAS  ;387;0.3
225;15; SLT APIACAS  ;387;0.3
225;16; SLT APIACAS  ;387;0.3
225;17; SLT APIACAS  ;387;0.3
225;18; SLT APIACAS  ;387;0.3
225;19; SLT APIACAS  ;387;0.3
225;20; SLT APIACAS  ;387;0.3
225;21; SLT APIACAS  ;387;0.3
225;22; SLT APIACAS  ;387;0.3
225;23; SLT APIACAS  ;387;0.3
225;24; SLT APIACAS  ;387;0.3
225;25; SLT APIACAS  ;387;0.3
225;26; SLT APIACAS  ;387;0.3
225;27; SLT APIACAS  ;387;0.3
225;28; SLT APIACAS  ;387;0.3
225;29; SLT APIACAS  ;387;0.3
225;30; SLT APIACAS  ;387;0.3
225;31; SLT APIACAS  ;387;0.3
225;32; SLT APIACAS  ;387;0.3
225;33; SLT APIACAS  ;387;0.3
225;34; SLT APIACAS  ;387;0.3
225;35; SLT APIACAS  ;387;0.3
225;36; SLT APIACAS  ;387;0.3
225;37; SLT APIACAS  ;387;0.3
225;38; SLT APIACAS  ;387;0.3
225;39; SLT APIACAS  ;387;0.3
225;40; SLT APIACAS  ;387;0.3
225;41; SLT APIACAS  ;387;0.3
225;42; SLT APIACAS  ;387;0.3
225;43; SLT APIACAS  ;387;0.3
225;44; SLT APIACAS  ;387;0.3
225;45; SLT APIACAS  ;387;0.3
225;46; SLT APIACAS  ;387;0.3
225;47; SLT APIACAS  ;387;0.3
225;48; SLT APIACAS  ;387;0.3
225;49; SLT APIACAS  ;379;0.3
225;50; SLT APIACAS  ;379;0.3
225;51; SLT APIACAS  ;379;0.3
225;52; SLT APIACAS  ;379;0.3
225;53; SLT APIACAS  ;379;0.3
225;54; SLT APIACAS  ;367;0.3
225;55; SLT APIACAS  ;367;0.3
225;56; SLT APIACAS  ;367;0.3
225;57; SLT APIACAS  ;367;0.3
225;58; SLT APIACAS  ;367;0.3
225;59; SLT APIACAS  ;358;0.3
225;60; SLT APIACAS  ;358;0.3
225;61; SLT APIACAS  ;358;0.3
225;62; SLT APIACAS  ;358;0.3
225;63; SLT APIACAS  ;358;0.3
225;64; SLT APIACAS  ;354;0.3
225;65; SLT APIACAS  ;354;0.3
227;1; SINOP        ;1563;17.2
227;2; SINOP        ;1563;17.2
227;3; SINOP        ;1563;17.2
227;4; SINOP        ;1563;17.2
227;5; SINOP        ;1563;17.2
227;6; SINOP        ;1563;17.2
227;7; SINOP        ;1563;17.2
227;8; SINOP        ;1563;17.2
227;9; SINOP        ;1563;17.2
227;10; SINOP        ;1563;17.2
227;11; SINOP        ;1563;17.2
227;12; SINOP        ;1563;17.2
227;13; SINOP        ;1563;17.2
227;14; SINOP        ;1563;17.2
227;15; SINOP        ;1563;17.2
227;16; SINOP        ;1563;17.2
227;17; SINOP        ;1563;17.2
227;18; SINOP        ;1563;17.2
227;19; SINOP        ;1563;17.2
227;20; SINOP        ;1563;17.2
227;21; SINOP        ;1563;17.2
227;22; SINOP        ;1563;17.2
227;23; SINOP        ;1563;17.2
227;24; SINOP        ;1563;17.2
227;25; SINOP        ;1563;17.2
227;26; SINOP        ;1563;17.2
227;27; SINOP        ;1563;17.2
227;28; SINOP        ;1563;17.2
227;29; SINOP        ;1563;17.2
227;30; SINOP        ;1563;17.2
227;31; SINOP        ;1563;17.2
227;32; SINOP        ;1563;17.2
227;33; SINOP        ;1563;17.2
227;34; SINOP        ;1563;17.2
227;35; SINOP        ;1563;17.2
227;36; SINOP        ;1563;17.2
227;37; SINOP        ;1563;17.2
227;38; SINOP        ;1563;17.2
227;39; SINOP        ;1563;17.2
227;40; SINOP        ;1563;17.2
227;41; SINOP        ;1563;17.2
227;42; SINOP        ;1563;17.2
227;43; SINOP        ;1563;17.2
227;44; SINOP        ;1563;17.2
227;45; SINOP        ;1563;17.2
227;46; SINOP        ;1563;17.2
227;47; SINOP        ;1563;17.2
227;48; SINOP        ;1563;17.2
227;49; SINOP        ;1542;17.2
227;50; SINOP        ;1542;17.2
227;51; SINOP        ;1542;17.2
227;52; SINOP        ;1542;17.2
227;53; SINOP        ;1542;17.2
227;54; SINOP        ;1512;17.2
227;55; SINOP        ;1512;17.2
227;56; SINOP        ;1512;17.2
227;57; SINOP        ;1512;17.2
227;58; SINOP        ;1512;17.2
227;59; SINOP        ;1475;17.2
227;60; SINOP        ;1475;17.2
227;61; SINOP        ;1475;17.2
227;62; SINOP        ;1475;17.2
227;63; SINOP        ;1475;17.2
227;64; SINOP        ;1454;17.2
227;65; SINOP        ;1454;17.2
228;1; COLIDER      ;145;0
228;2; COLIDER      ;145;0
228;3; COLIDER      ;145;0
228;4; COLIDER      ;145;0
228;5; COLIDER      ;145;0
228;6; COLIDER      ;145;0
228;7; COLIDER      ;145;0
228;8; COLIDER      ;145;0
228;9; COLIDER      ;145;0
228;10; COLIDER      ;145;0
228;11; COLIDER      ;145;0
228;12; COLIDER      ;145;0
228;13; COLIDER      ;145;0
228;14; COLIDER      ;145;0
228;15; COLIDER      ;145;0
228;16; COLIDER      ;145;0
228;17; COLIDER      ;145;0
228;18; COLIDER      ;145;0
228;19; COLIDER      ;145;0
228;20; COLIDER      ;145;0
228;21; COLIDER      ;145;0
228;22; COLIDER      ;145;0
228;23; COLIDER      ;145;0
228;24; COLIDER      ;145;0
228;25; COLIDER      ;145;0
228;26; COLIDER      ;145;0
228;27; COLIDER      ;145;0
228;28; COLIDER      ;145;0
228;29; COLIDER      ;145;0
228;30; COLIDER      ;145;0
228;31; COLIDER      ;145;0
228;32; COLIDER      ;145;0
228;33; COLIDER      ;145;0
228;34; COLIDER      ;145;0
228;35; COLIDER      ;145;0
228;36; COLIDER      ;145;0
228;37; COLIDER      ;145;0
228;38; COLIDER      ;145;0
228;39; COLIDER      ;145;0
228;40; COLIDER      ;145;0
228;41; COLIDER      ;145;0
228;42; COLIDER      ;145;0
228;43; COLIDER      ;145;0
228;44; COLIDER      ;145;0
228;45; COLIDER      ;145;0
228;46; COLIDER      ;145;0
228;47; COLIDER      ;145;0
228;48; COLIDER      ;145;0
228;49; COLIDER      ;143;0
228;50; COLIDER      ;143;0
228;51; COLIDER      ;143;0
228;52; COLIDER      ;143;0
228;53; COLIDER      ;143;0
228;54; COLIDER      ;140;0
228;55; COLIDER      ;140;0
228;56; COLIDER      ;140;0
228;57; COLIDER      ;140;0
228;58; COLIDER      ;140;0
228;59; COLIDER      ;137;0
228;60; COLIDER      ;137;0
228;61; COLIDER      ;137;0
228;62; COLIDER      ;137;0
228;63; COLIDER      ;137;0
228;64; COLIDER      ;135;0
228;65; COLIDER      ;135;0
229;1; TELES PIRES  ;3211;12.3
229;2; TELES PIRES  ;3211;12.3
229;3; TELES PIRES  ;3211;12.3
229;4; TELES PIRES  ;3211;12.3
229;5; TELES PIRES  ;3211;12.3
229;6; TELES PIRES  ;3211;12.3
229;7; TELES PIRES  ;3211;12.3
229;8; TELES PIRES  ;3211;12.3
229;9; TELES PIRES  ;3211;12.3
229;10; TELES PIRES  ;3211;12.3
229;11; TELES PIRES  ;3211;12.3
229;12; TELES PIRES  ;3211;12.3
229;13; TELES PIRES  ;3211;12.3
229;14; TELES PIRES  ;3211;12.3
229;15; TELES PIRES  ;3211;12.3
229;16; TELES PIRES  ;3211;12.3
229;17; TELES PIRES  ;3211;12.3
229;18; TELES PIRES  ;3211;12.3
229;19; TELES PIRES  ;3211;12.3
229;20; TELES PIRES  ;3211;12.3
229;21; TELES PIRES  ;3211;12.3
229;22; TELES PIRES  ;3211;12.3
229;23; TELES PIRES  ;3211;12.3
229;24; TELES PIRES  ;3211;12.3
229;25; TELES PIRES  ;3211;12.3
229;26; TELES PIRES  ;3211;12.3
229;27; TELES PIRES  ;3211;12.3
229;28; TELES PIRES  ;3211;12.3
229;29; TELES PIRES  ;3211;12.3
229;30; TELES PIRES  ;3211;12.3
229;31; TELES PIRES  ;3211;12.3
229;32; TELES PIRES  ;3211;12.3
229;33; TELES PIRES  ;3211;12.3
229;34; TELES PIRES  ;3211;12.3
229;35; TELES PIRES  ;3211;12.3
229;36; TELES PIRES  ;3211;12.3
229;37; TELES PIRES  ;3211;12.3
229;38; TELES PIRES  ;3211;12.3
229;39; TELES PIRES  ;3211;12.3
229;40; TELES PIRES  ;3211;12.3
229;41; TELES PIRES  ;3211;12.3
229;42; TELES PIRES  ;3211;12.3
229;43; TELES PIRES  ;3211;12.3
229;44; TELES PIRES  ;3211;12.3
229;45; TELES PIRES  ;3211;12.3
229;46; TELES PIRES  ;3211;12.3
229;47; TELES PIRES  ;3211;12.3
229;48; TELES PIRES  ;3211;12.3
229;49; TELES PIRES  ;3138;12.3
229;50; TELES PIRES  ;3138;12.3
229;51; TELES PIRES  ;3138;12.3
229;52; TELES PIRES  ;3138;12.3
229;53; TELES PIRES  ;3138;12.3
229;54; TELES PIRES  ;3045;12.3
229;55; TELES PIRES  ;3045;12.3
229;56; TELES PIRES  ;3045;12.3
229;57; TELES PIRES  ;3045;12.3
229;58; TELES PIRES  ;3045;12.3
229;59; TELES PIRES  ;2970;12.3
229;60; TELES PIRES  ;2970;12.3
229;61; TELES PIRES  ;2970;12.3
229;62; TELES PIRES  ;2970;12.3
229;63; TELES PIRES  ;2970;12.3
229;64; TELES PIRES  ;2916;12.3
229;65; TELES PIRES  ;2916;12.3
230;1; SAO MANOEL   ;29;0
230;2; SAO MANOEL   ;29;0
230;3; SAO MANOEL   ;29;0
230;4; SAO MANOEL   ;29;0
230;5; SAO MANOEL   ;29;0
230;6; SAO MANOEL   ;29;0
230;7; SAO MANOEL   ;29;0
230;8; SAO MANOEL   ;29;0
230;9; SAO MANOEL   ;29;0
230;10; SAO MANOEL   ;29;0
230;11; SAO MANOEL   ;29;0
230;12; SAO MANOEL   ;29;0
230;13; SAO MANOEL   ;29;0
230;14; SAO MANOEL   ;29;0
230;15; SAO MANOEL   ;29;0
230;16; SAO MANOEL   ;29;0
230;17; SAO MANOEL   ;29;0
230;18; SAO MANOEL   ;29;0
230;19; SAO MANOEL   ;29;0
230;20; SAO MANOEL   ;29;0
230;21; SAO MANOEL   ;29;0
230;22; SAO MANOEL   ;29;0
230;23; SAO MANOEL   ;29;0
230;24; SAO MANOEL   ;29;0
230;25; SAO MANOEL   ;29;0
230;26; SAO MANOEL   ;29;0
230;27; SAO MANOEL   ;29;0
230;28; SAO MANOEL   ;29;0
230;29; SAO MANOEL   ;29;0
230;30; SAO MANOEL   ;29;0
230;31; SAO MANOEL   ;29;0
230;32; SAO MANOEL   ;29;0
230;33; SAO MANOEL   ;29;0
230;34; SAO MANOEL   ;29;0
230;35; SAO MANOEL   ;29;0
230;36; SAO MANOEL   ;29;0
230;37; SAO MANOEL   ;29;0
230;38; SAO MANOEL   ;29;0
230;39; SAO MANOEL   ;29;0
230;40; SAO MANOEL   ;29;0
230;41; SAO MANOEL   ;29;0
230;42; SAO MANOEL   ;29;0
230;43; SAO MANOEL   ;29;0
230;44; SAO MANOEL   ;29;0
230;45; SAO MANOEL   ;29;0
230;46; SAO MANOEL   ;29;0
230;47; SAO MANOEL   ;29;0
230;48; SAO MANOEL   ;29;0
230;49; SAO MANOEL   ;29;0
230;50; SAO MANOEL   ;29;0
230;51; SAO MANOEL   ;29;0
230;52; SAO MANOEL   ;29;0
230;53; SAO MANOEL   ;29;0
230;54; SAO MANOEL   ;28;0
230;55; SAO MANOEL   ;28;0
230;56; SAO MANOEL   ;28;0
230;57; SAO MANOEL   ;28;0
230;58; SAO MANOEL   ;28;0
230;59; SAO MANOEL   ;27;0
230;60; SAO MANOEL   ;27;0
230;61; SAO MANOEL   ;27;0
230;62; SAO MANOEL   ;27;0
230;63; SAO MANOEL   ;27;0
230;64; SAO MANOEL   ;27;0
230;65; SAO MANOEL   ;27;0
241;1; SLT VERDINHO ;14;0
241;2; SLT VERDINHO ;14;0
241;3; SLT VERDINHO ;14;0
241;4; SLT VERDINHO ;14;0
241;5; SLT VERDINHO ;14;0
241;6; SLT VERDINHO ;14;0
241;7; SLT VERDINHO ;14;0
241;8; SLT VERDINHO ;14;0
241;9; SLT VERDINHO ;14;0
241;10; SLT VERDINHO ;14;0
241;11; SLT VERDINHO ;14;0
241;12; SLT VERDINHO ;14;0
241;13; SLT VERDINHO ;14;0
241;14; SLT VERDINHO ;14;0
241;15; SLT VERDINHO ;14;0
241;16; SLT VERDINHO ;14;0
241;17; SLT VERDINHO ;14;0
241;18; SLT VERDINHO ;14;0
241;19; SLT VERDINHO ;14;0
241;20; SLT VERDINHO ;14;0
241;21; SLT VERDINHO ;14;0
241;22; SLT VERDINHO ;14;0
241;23; SLT VERDINHO ;14;0
241;24; SLT VERDINHO ;14;0
241;25; SLT VERDINHO ;14;0
241;26; SLT VERDINHO ;14;0
241;27; SLT VERDINHO ;14;0
241;28; SLT VERDINHO ;14;0
241;29; SLT VERDINHO ;14;0
241;30; SLT VERDINHO ;14;0
241;31; SLT VERDINHO ;14;0
241;32; SLT VERDINHO ;14;0
241;33; SLT VERDINHO ;14;0
241;34; SLT VERDINHO ;14;0
241;35; SLT VERDINHO ;14;0
241;36; SLT VERDINHO ;14;0
241;37; SLT VERDINHO ;14;0
241;38; SLT VERDINHO ;14;0
241;39; SLT VERDINHO ;14;0
241;40; SLT VERDINHO ;14;0
241;41; SLT VERDINHO ;14;0
241;42; SLT VERDINHO ;14;0
241;43; SLT VERDINHO ;14;0
241;44; SLT VERDINHO ;14;0
241;45; SLT VERDINHO ;14;0
241;46; SLT VERDINHO ;14;0
241;47; SLT VERDINHO ;14;0
241;48; SLT VERDINHO ;14;0
241;49; SLT VERDINHO ;13;0
241;50; SLT VERDINHO ;13;0
241;51; SLT VERDINHO ;13;0
241;52; SLT VERDINHO ;13;0
241;53; SLT VERDINHO ;13;0
241;54; SLT VERDINHO ;13;0
241;55; SLT VERDINHO ;13;0
241;56; SLT VERDINHO ;13;0
241;57; SLT VERDINHO ;13;0
241;58; SLT VERDINHO ;13;0
241;59; SLT VERDINHO ;12;0
241;60; SLT VERDINHO ;12;0
241;61; SLT VERDINHO ;12;0
241;62; SLT VERDINHO ;12;0
241;63; SLT VERDINHO ;12;0
241;64; SLT VERDINHO ;12;0
241;65; SLT VERDINHO ;12;0
249;1; OURINHOS     ;3;0
249;2; OURINHOS     ;3;0
249;3; OURINHOS     ;3;0
249;4; OURINHOS     ;3;0
249;5; OURINHOS     ;3;0
249;6; OURINHOS     ;3;0
249;7; OURINHOS     ;3;0
249;8; OURINHOS     ;3;0
249;9; OURINHOS     ;3;0
249;10; OURINHOS     ;3;0
249;11; OURINHOS     ;3;0
249;12; OURINHOS     ;3;0
249;13; OURINHOS     ;3;0
249;14; OURINHOS     ;3;0
249;15; OURINHOS     ;3;0
249;16; OURINHOS     ;3;0
249;17; OURINHOS     ;3;0
249;18; OURINHOS     ;3;0
249;19; OURINHOS     ;3;0
249;20; OURINHOS     ;3;0
249;21; OURINHOS     ;3;0
249;22; OURINHOS     ;3;0
249;23; OURINHOS     ;3;0
249;24; OURINHOS     ;3;0
249;25; OURINHOS     ;3;0
249;26; OURINHOS     ;3;0
249;27; OURINHOS     ;3;0
249;28; OURINHOS     ;3;0
249;29; OURINHOS     ;3;0
249;30; OURINHOS     ;3;0
249;31; OURINHOS     ;3;0
249;32; OURINHOS     ;3;0
249;33; OURINHOS     ;3;0
249;34; OURINHOS     ;3;0
249;35; OURINHOS     ;3;0
249;36; OURINHOS     ;3;0
249;37; OURINHOS     ;3;0
249;38; OURINHOS     ;3;0
249;39; OURINHOS     ;3;0
249;40; OURINHOS     ;3;0
249;41; OURINHOS     ;3;0
249;42; OURINHOS     ;3;0
249;43; OURINHOS     ;3;0
249;44; OURINHOS     ;3;0
249;45; OURINHOS     ;3;0
249;46; OURINHOS     ;3;0
249;47; OURINHOS     ;3;0
249;48; OURINHOS     ;3;0
249;49; OURINHOS     ;2;0
249;50; OURINHOS     ;2;0
249;51; OURINHOS     ;2;0
249;52; OURINHOS     ;2;0
249;53; OURINHOS     ;2;0
249;54; OURINHOS     ;2;0
249;55; OURINHOS     ;2;0
249;56; OURINHOS     ;2;0
249;57; OURINHOS     ;2;0
249;58; OURINHOS     ;2;0
249;59; OURINHOS     ;2;0
249;60; OURINHOS     ;2;0
249;61; OURINHOS     ;2;0
249;62; OURINHOS     ;2;0
249;63; OURINHOS     ;2;0
249;64; OURINHOS     ;2;0
249;65; OURINHOS     ;2;0
251;1; SERRA MESA   ;1214;21.1
251;2; SERRA MESA   ;1214;21.1
251;3; SERRA MESA   ;1214;21.1
251;4; SERRA MESA   ;1214;21.1
251;5; SERRA MESA   ;1214;21.1
251;6; SERRA MESA   ;1214;21.1
251;7; SERRA MESA   ;1214;21.1
251;8; SERRA MESA   ;1214;21.1
251;9; SERRA MESA   ;1214;21.1
251;10; SERRA MESA   ;1214;21.1
251;11; SERRA MESA   ;1214;21.1
251;12; SERRA MESA   ;1214;21.1
251;13; SERRA MESA   ;1214;21.1
251;14; SERRA MESA   ;1214;21.1
251;15; SERRA MESA   ;1214;21.1
251;16; SERRA MESA   ;1214;21.1
251;17; SERRA MESA   ;1214;21.1
251;18; SERRA MESA   ;1214;21.1
251;19; SERRA MESA   ;1214;21.1
251;20; SERRA MESA   ;1214;21.1
251;21; SERRA MESA   ;1214;21.1
251;22; SERRA MESA   ;1214;21.1
251;23; SERRA MESA   ;1214;21.1
251;24; SERRA MESA   ;1214;21.1
251;25; SERRA MESA   ;1214;21.1
251;26; SERRA MESA   ;1214;21.1
251;27; SERRA MESA   ;1214;21.1
251;28; SERRA MESA   ;1214;21.1
251;29; SERRA MESA   ;1214;21.1
251;30; SERRA MESA   ;1214;21.1
251;31; SERRA MESA   ;1214;21.1
251;32; SERRA MESA   ;1214;21.1
251;33; SERRA MESA   ;1214;21.1
251;34; SERRA MESA   ;1214;21.1
251;35; SERRA MESA   ;1214;21.1
251;36; SERRA MESA   ;1214;21.1
251;37; SERRA MESA   ;1214;21.1
251;38; SERRA MESA   ;1214;21.1
251;39; SERRA MESA   ;1214;21.1
251;40; SERRA MESA   ;1214;21.1
251;41; SERRA MESA   ;1214;21.1
251;42; SERRA MESA   ;1214;21.1
251;43; SERRA MESA   ;1214;21.1
251;44; SERRA MESA   ;1214;21.1
251;45; SERRA MESA   ;1214;21.1
251;46; SERRA MESA   ;1214;21.1
251;47; SERRA MESA   ;1214;21.1
251;48; SERRA MESA   ;1214;21.1
251;49; SERRA MESA   ;1100;21.1
251;50; SERRA MESA   ;1100;21.1
251;51; SERRA MESA   ;1100;21.1
251;52; SERRA MESA   ;1100;21.1
251;53; SERRA MESA   ;1100;21.1
251;54; SERRA MESA   ;1032;21.1
251;55; SERRA MESA   ;1032;21.1
251;56; SERRA MESA   ;1032;21.1
251;57; SERRA MESA   ;1032;21.1
251;58; SERRA MESA   ;1032;21.1
251;59; SERRA MESA   ;1004;21.1
251;60; SERRA MESA   ;1004;21.1
251;61; SERRA MESA   ;1004;21.1
251;62; SERRA MESA   ;1004;21.1
251;63; SERRA MESA   ;1004;21.1
251;64; SERRA MESA   ;995;21.1
251;65; SERRA MESA   ;995;21.1
252;1; CANA BRAVA   ;135;0.1
252;2; CANA BRAVA   ;135;0.1
252;3; CANA BRAVA   ;135;0.1
252;4; CANA BRAVA   ;135;0.1
252;5; CANA BRAVA   ;135;0.1
252;6; CANA BRAVA   ;135;0.1
252;7; CANA BRAVA   ;135;0.1
252;8; CANA BRAVA   ;135;0.1
252;9; CANA BRAVA   ;135;0.1
252;10; CANA BRAVA   ;135;0.1
252;11; CANA BRAVA   ;135;0.1
252;12; CANA BRAVA   ;135;0.1
252;13; CANA BRAVA   ;135;0.1
252;14; CANA BRAVA   ;135;0.1
252;15; CANA BRAVA   ;135;0.1
252;16; CANA BRAVA   ;135;0.1
252;17; CANA BRAVA   ;135;0.1
252;18; CANA BRAVA   ;135;0.1
252;19; CANA BRAVA   ;135;0.1
252;20; CANA BRAVA   ;135;0.1
252;21; CANA BRAVA   ;135;0.1
252;22; CANA BRAVA   ;135;0.1
252;23; CANA BRAVA   ;135;0.1
252;24; CANA BRAVA   ;135;0.1
252;25; CANA BRAVA   ;135;0.1
252;26; CANA BRAVA   ;135;0.1
252;27; CANA BRAVA   ;135;0.1
252;28; CANA BRAVA   ;135;0.1
252;29; CANA BRAVA   ;135;0.1
252;30; CANA BRAVA   ;135;0.1
252;31; CANA BRAVA   ;135;0.1
252;32; CANA BRAVA   ;135;0.1
252;33; CANA BRAVA   ;135;0.1
252;34; CANA BRAVA   ;135;0.1
252;35; CANA BRAVA   ;135;0.1
252;36; CANA BRAVA   ;135;0.1
252;37; CANA BRAVA   ;135;0.1
252;38; CANA BRAVA   ;135;0.1
252;39; CANA BRAVA   ;135;0.1
252;40; CANA BRAVA   ;135;0.1
252;41; CANA BRAVA   ;135;0.1
252;42; CANA BRAVA   ;135;0.1
252;43; CANA BRAVA   ;135;0.1
252;44; CANA BRAVA   ;135;0.1
252;45; CANA BRAVA   ;135;0.1
252;46; CANA BRAVA   ;135;0.1
252;47; CANA BRAVA   ;135;0.1
252;48; CANA BRAVA   ;135;0.1
252;49; CANA BRAVA   ;127;0.1
252;50; CANA BRAVA   ;127;0.1
252;51; CANA BRAVA   ;127;0.1
252;52; CANA BRAVA   ;127;0.1
252;53; CANA BRAVA   ;127;0.1
252;54; CANA BRAVA   ;122;0.1
252;55; CANA BRAVA   ;122;0.1
252;56; CANA BRAVA   ;122;0.1
252;57; CANA BRAVA   ;122;0.1
252;58; CANA BRAVA   ;122;0.1
252;59; CANA BRAVA   ;119;0.1
252;60; CANA BRAVA   ;119;0.1
252;61; CANA BRAVA   ;119;0.1
252;62; CANA BRAVA   ;119;0.1
252;63; CANA BRAVA   ;119;0.1
252;64; CANA BRAVA   ;115;0.1
252;65; CANA BRAVA   ;115;0.1
253;1; SAO SALVADOR ;133;0.2
253;2; SAO SALVADOR ;133;0.2
253;3; SAO SALVADOR ;133;0.2
253;4; SAO SALVADOR ;133;0.2
253;5; SAO SALVADOR ;133;0.2
253;6; SAO SALVADOR ;133;0.2
253;7; SAO SALVADOR ;133;0.2
253;8; SAO SALVADOR ;133;0.2
253;9; SAO SALVADOR ;133;0.2
253;10; SAO SALVADOR ;133;0.2
253;11; SAO SALVADOR ;133;0.2
253;12; SAO SALVADOR ;133;0.2
253;13; SAO SALVADOR ;133;0.2
253;14; SAO SALVADOR ;133;0.2
253;15; SAO SALVADOR ;133;0.2
253;16; SAO SALVADOR ;133;0.2
253;17; SAO SALVADOR ;133;0.2
253;18; SAO SALVADOR ;133;0.2
253;19; SAO SALVADOR ;133;0.2
253;20; SAO SALVADOR ;133;0.2
253;21; SAO SALVADOR ;133;0.2
253;22; SAO SALVADOR ;133;0.2
253;23; SAO SALVADOR ;133;0.2
253;24; SAO SALVADOR ;133;0.2
253;25; SAO SALVADOR ;133;0.2
253;26; SAO SALVADOR ;133;0.2
253;27; SAO SALVADOR ;133;0.2
253;28; SAO SALVADOR ;133;0.2
253;29; SAO SALVADOR ;133;0.2
253;30; SAO SALVADOR ;133;0.2
253;31; SAO SALVADOR ;133;0.2
253;32; SAO SALVADOR ;133;0.2
253;33; SAO SALVADOR ;133;0.2
253;34; SAO SALVADOR ;133;0.2
253;35; SAO SALVADOR ;133;0.2
253;36; SAO SALVADOR ;133;0.2
253;37; SAO SALVADOR ;133;0.2
253;38; SAO SALVADOR ;133;0.2
253;39; SAO SALVADOR ;133;0.2
253;40; SAO SALVADOR ;133;0.2
253;41; SAO SALVADOR ;133;0.2
253;42; SAO SALVADOR ;133;0.2
253;43; SAO SALVADOR ;133;0.2
253;44; SAO SALVADOR ;133;0.2
253;45; SAO SALVADOR ;133;0.2
253;46; SAO SALVADOR ;133;0.2
253;47; SAO SALVADOR ;133;0.2
253;48; SAO SALVADOR ;133;0.2
253;49; SAO SALVADOR ;124;0.2
253;50; SAO SALVADOR ;124;0.2
253;51; SAO SALVADOR ;124;0.2
253;52; SAO SALVADOR ;124;0.2
253;53; SAO SALVADOR ;124;0.2
253;54; SAO SALVADOR ;119;0.2
253;55; SAO SALVADOR ;119;0.2
253;56; SAO SALVADOR ;119;0.2
253;57; SAO SALVADOR ;119;0.2
253;58; SAO SALVADOR ;119;0.2
253;59; SAO SALVADOR ;117;0.2
253;60; SAO SALVADOR ;117;0.2
253;61; SAO SALVADOR ;117;0.2
253;62; SAO SALVADOR ;117;0.2
253;63; SAO SALVADOR ;117;0.2
253;64; SAO SALVADOR ;113;0.2
253;65; SAO SALVADOR ;113;0.2
257;1; PEIXE ANGIC  ;1047;5.6
257;2; PEIXE ANGIC  ;1047;5.6
257;3; PEIXE ANGIC  ;1047;5.6
257;4; PEIXE ANGIC  ;1047;5.6
257;5; PEIXE ANGIC  ;1047;5.6
257;6; PEIXE ANGIC  ;1047;5.6
257;7; PEIXE ANGIC  ;1047;5.6
257;8; PEIXE ANGIC  ;1047;5.6
257;9; PEIXE ANGIC  ;1047;5.6
257;10; PEIXE ANGIC  ;1047;5.6
257;11; PEIXE ANGIC  ;1047;5.6
257;12; PEIXE ANGIC  ;1047;5.6
257;13; PEIXE ANGIC  ;1047;5.6
257;14; PEIXE ANGIC  ;1047;5.6
257;15; PEIXE ANGIC  ;1047;5.6
257;16; PEIXE ANGIC  ;1047;5.6
257;17; PEIXE ANGIC  ;1047;5.6
257;18; PEIXE ANGIC  ;1047;5.6
257;19; PEIXE ANGIC  ;1047;5.6
257;20; PEIXE ANGIC  ;1047;5.6
257;21; PEIXE ANGIC  ;1047;5.6
257;22; PEIXE ANGIC  ;1047;5.6
257;23; PEIXE ANGIC  ;1047;5.6
257;24; PEIXE ANGIC  ;1047;5.6
257;25; PEIXE ANGIC  ;1047;5.6
257;26; PEIXE ANGIC  ;1047;5.6
257;27; PEIXE ANGIC  ;1047;5.6
257;28; PEIXE ANGIC  ;1047;5.6
257;29; PEIXE ANGIC  ;1047;5.6
257;30; PEIXE ANGIC  ;1047;5.6
257;31; PEIXE ANGIC  ;1047;5.6
257;32; PEIXE ANGIC  ;1047;5.6
257;33; PEIXE ANGIC  ;1047;5.6
257;34; PEIXE ANGIC  ;1047;5.6
257;35; PEIXE ANGIC  ;1047;5.6
257;36; PEIXE ANGIC  ;1047;5.6
257;37; PEIXE ANGIC  ;1047;5.6
257;38; PEIXE ANGIC  ;1047;5.6
257;39; PEIXE ANGIC  ;1047;5.6
257;40; PEIXE ANGIC  ;1047;5.6
257;41; PEIXE ANGIC  ;1047;5.6
257;42; PEIXE ANGIC  ;1047;5.6
257;43; PEIXE ANGIC  ;1047;5.6
257;44; PEIXE ANGIC  ;1047;5.6
257;45; PEIXE ANGIC  ;1047;5.6
257;46; PEIXE ANGIC  ;1047;5.6
257;47; PEIXE ANGIC  ;1047;5.6
257;48; PEIXE ANGIC  ;1047;5.6
257;49; PEIXE ANGIC  ;981;5.6
257;50; PEIXE ANGIC  ;981;5.6
257;51; PEIXE ANGIC  ;981;5.6
257;52; PEIXE ANGIC  ;981;5.6
257;53; PEIXE ANGIC  ;981;5.6
257;54; PEIXE ANGIC  ;942;5.6
257;55; PEIXE ANGIC  ;942;5.6
257;56; PEIXE ANGIC  ;942;5.6
257;57; PEIXE ANGIC  ;942;5.6
257;58; PEIXE ANGIC  ;942;5.6
257;59; PEIXE ANGIC  ;919;5.6
257;60; PEIXE ANGIC  ;919;5.6
257;61; PEIXE ANGIC  ;919;5.6
257;62; PEIXE ANGIC  ;919;5.6
257;63; PEIXE ANGIC  ;919;5.6
257;64; PEIXE ANGIC  ;889;5.6
257;65; PEIXE ANGIC  ;889;5.6
261;1; LAJEADO      ;1097;2.6
261;2; LAJEADO      ;1097;2.6
261;3; LAJEADO      ;1097;2.6
261;4; LAJEADO      ;1097;2.6
261;5; LAJEADO      ;1097;2.6
261;6; LAJEADO      ;1097;2.6
261;7; LAJEADO      ;1097;2.6
261;8; LAJEADO      ;1097;2.6
261;9; LAJEADO      ;1097;2.6
261;10; LAJEADO      ;1097;2.6
261;11; LAJEADO      ;1097;2.6
261;12; LAJEADO      ;1097;2.6
261;13; LAJEADO      ;1097;2.6
261;14; LAJEADO      ;1097;2.6
261;15; LAJEADO      ;1097;2.6
261;16; LAJEADO      ;1097;2.6
261;17; LAJEADO      ;1097;2.6
261;18; LAJEADO      ;1097;2.6
261;19; LAJEADO      ;1097;2.6
261;20; LAJEADO      ;1097;2.6
261;21; LAJEADO      ;1097;2.6
261;22; LAJEADO      ;1097;2.6
261;23; LAJEADO      ;1097;2.6
261;24; LAJEADO      ;1097;2.6
261;25; LAJEADO      ;1097;2.6
261;26; LAJEADO      ;1097;2.6
261;27; LAJEADO      ;1097;2.6
261;28; LAJEADO      ;1097;2.6
261;29; LAJEADO      ;1097;2.6
261;30; LAJEADO      ;1097;2.6
261;31; LAJEADO      ;1097;2.6
261;32; LAJEADO      ;1097;2.6
261;33; LAJEADO      ;1097;2.6
261;34; LAJEADO      ;1097;2.6
261;35; LAJEADO      ;1097;2.6
261;36; LAJEADO      ;1097;2.6
261;37; LAJEADO      ;1097;2.6
261;38; LAJEADO      ;1097;2.6
261;39; LAJEADO      ;1097;2.6
261;40; LAJEADO      ;1097;2.6
261;41; LAJEADO      ;1097;2.6
261;42; LAJEADO      ;1097;2.6
261;43; LAJEADO      ;1097;2.6
261;44; LAJEADO      ;1097;2.6
261;45; LAJEADO      ;1097;2.6
261;46; LAJEADO      ;1097;2.6
261;47; LAJEADO      ;1097;2.6
261;48; LAJEADO      ;1097;2.6
261;49; LAJEADO      ;1028;2.6
261;50; LAJEADO      ;1028;2.6
261;51; LAJEADO      ;1028;2.6
261;52; LAJEADO      ;1028;2.6
261;53; LAJEADO      ;1028;2.6
261;54; LAJEADO      ;987;2.6
261;55; LAJEADO      ;987;2.6
261;56; LAJEADO      ;987;2.6
261;57; LAJEADO      ;987;2.6
261;58; LAJEADO      ;987;2.6
261;59; LAJEADO      ;964;2.6
261;60; LAJEADO      ;964;2.6
261;61; LAJEADO      ;964;2.6
261;62; LAJEADO      ;964;2.6
261;63; LAJEADO      ;964;2.6
261;64; LAJEADO      ;932;2.6
261;65; LAJEADO      ;932;2.6
262;1; SALTO        ;163;0.4
262;2; SALTO        ;163;0.4
262;3; SALTO        ;163;0.4
262;4; SALTO        ;163;0.4
262;5; SALTO        ;163;0.4
262;6; SALTO        ;163;0.4
262;7; SALTO        ;163;0.4
262;8; SALTO        ;163;0.4
262;9; SALTO        ;163;0.4
262;10; SALTO        ;163;0.4
262;11; SALTO        ;163;0.4
262;12; SALTO        ;163;0.4
262;13; SALTO        ;163;0.4
262;14; SALTO        ;163;0.4
262;15; SALTO        ;163;0.4
262;16; SALTO        ;163;0.4
262;17; SALTO        ;163;0.4
262;18; SALTO        ;163;0.4
262;19; SALTO        ;163;0.4
262;20; SALTO        ;163;0.4
262;21; SALTO        ;163;0.4
262;22; SALTO        ;163;0.4
262;23; SALTO        ;163;0.4
262;24; SALTO        ;163;0.4
262;25; SALTO        ;163;0.4
262;26; SALTO        ;163;0.4
262;27; SALTO        ;163;0.4
262;28; SALTO        ;163;0.4
262;29; SALTO        ;163;0.4
262;30; SALTO        ;163;0.4
262;31; SALTO        ;163;0.4
262;32; SALTO        ;163;0.4
262;33; SALTO        ;163;0.4
262;34; SALTO        ;163;0.4
262;35; SALTO        ;163;0.4
262;36; SALTO        ;163;0.4
262;37; SALTO        ;163;0.4
262;38; SALTO        ;163;0.4
262;39; SALTO        ;163;0.4
262;40; SALTO        ;163;0.4
262;41; SALTO        ;163;0.4
262;42; SALTO        ;163;0.4
262;43; SALTO        ;163;0.4
262;44; SALTO        ;163;0.4
262;45; SALTO        ;163;0.4
262;46; SALTO        ;163;0.4
262;47; SALTO        ;163;0.4
262;48; SALTO        ;163;0.4
262;49; SALTO        ;157;0.4
262;50; SALTO        ;157;0.4
262;51; SALTO        ;157;0.4
262;52; SALTO        ;157;0.4
262;53; SALTO        ;157;0.4
262;54; SALTO        ;151;0.4
262;55; SALTO        ;151;0.4
262;56; SALTO        ;151;0.4
262;57; SALTO        ;151;0.4
262;58; SALTO        ;151;0.4
262;59; SALTO        ;147;0.4
262;60; SALTO        ;147;0.4
262;61; SALTO        ;147;0.4
262;62; SALTO        ;147;0.4
262;63; SALTO        ;147;0.4
262;64; SALTO        ;144;0.4
262;65; SALTO        ;144;0.4
267;1; ESTREITO TOC ;3737;2.1
267;2; ESTREITO TOC ;3737;2.1
267;3; ESTREITO TOC ;3737;2.1
267;4; ESTREITO TOC ;3737;2.1
267;5; ESTREITO TOC ;3737;2.1
267;6; ESTREITO TOC ;3737;2.1
267;7; ESTREITO TOC ;3737;2.1
267;8; ESTREITO TOC ;3737;2.1
267;9; ESTREITO TOC ;3737;2.1
267;10; ESTREITO TOC ;3737;2.1
267;11; ESTREITO TOC ;3737;2.1
267;12; ESTREITO TOC ;3737;2.1
267;13; ESTREITO TOC ;3737;2.1
267;14; ESTREITO TOC ;3737;2.1
267;15; ESTREITO TOC ;3737;2.1
267;16; ESTREITO TOC ;3737;2.1
267;17; ESTREITO TOC ;3737;2.1
267;18; ESTREITO TOC ;3737;2.1
267;19; ESTREITO TOC ;3737;2.1
267;20; ESTREITO TOC ;3737;2.1
267;21; ESTREITO TOC ;3737;2.1
267;22; ESTREITO TOC ;3737;2.1
267;23; ESTREITO TOC ;3737;2.1
267;24; ESTREITO TOC ;3737;2.1
267;25; ESTREITO TOC ;3737;2.1
267;26; ESTREITO TOC ;3737;2.1
267;27; ESTREITO TOC ;3737;2.1
267;28; ESTREITO TOC ;3737;2.1
267;29; ESTREITO TOC ;3737;2.1
267;30; ESTREITO TOC ;3737;2.1
267;31; ESTREITO TOC ;3737;2.1
267;32; ESTREITO TOC ;3737;2.1
267;33; ESTREITO TOC ;3737;2.1
267;34; ESTREITO TOC ;3737;2.1
267;35; ESTREITO TOC ;3737;2.1
267;36; ESTREITO TOC ;3737;2.1
267;37; ESTREITO TOC ;3737;2.1
267;38; ESTREITO TOC ;3737;2.1
267;39; ESTREITO TOC ;3737;2.1
267;40; ESTREITO TOC ;3737;2.1
267;41; ESTREITO TOC ;3737;2.1
267;42; ESTREITO TOC ;3737;2.1
267;43; ESTREITO TOC ;3737;2.1
267;44; ESTREITO TOC ;3737;2.1
267;45; ESTREITO TOC ;3737;2.1
267;46; ESTREITO TOC ;3737;2.1
267;47; ESTREITO TOC ;3737;2.1
267;48; ESTREITO TOC ;3737;2.1
267;49; ESTREITO TOC ;3542;2.1
267;50; ESTREITO TOC ;3542;2.1
267;51; ESTREITO TOC ;3542;2.1
267;52; ESTREITO TOC ;3542;2.1
267;53; ESTREITO TOC ;3542;2.1
267;54; ESTREITO TOC ;3388;2.1
267;55; ESTREITO TOC ;3388;2.1
267;56; ESTREITO TOC ;3388;2.1
267;57; ESTREITO TOC ;3388;2.1
267;58; ESTREITO TOC ;3388;2.1
267;59; ESTREITO TOC ;3347;2.1
267;60; ESTREITO TOC ;3347;2.1
267;61; ESTREITO TOC ;3347;2.1
267;62; ESTREITO TOC ;3347;2.1
267;63; ESTREITO TOC ;3347;2.1
267;64; ESTREITO TOC ;3358;2.1
267;65; ESTREITO TOC ;3358;2.1
272;1; CURUA-UNA    ;251;0.1
272;2; CURUA-UNA    ;251;0.1
272;3; CURUA-UNA    ;251;0.1
272;4; CURUA-UNA    ;251;0.1
272;5; CURUA-UNA    ;251;0.1
272;6; CURUA-UNA    ;251;0.1
272;7; CURUA-UNA    ;251;0.1
272;8; CURUA-UNA    ;251;0.1
272;9; CURUA-UNA    ;251;0.1
272;10; CURUA-UNA    ;251;0.1
272;11; CURUA-UNA    ;251;0.1
272;12; CURUA-UNA    ;251;0.1
272;13; CURUA-UNA    ;251;0.1
272;14; CURUA-UNA    ;251;0.1
272;15; CURUA-UNA    ;251;0.1
272;16; CURUA-UNA    ;251;0.1
272;17; CURUA-UNA    ;251;0.1
272;18; CURUA-UNA    ;251;0.1
272;19; CURUA-UNA    ;251;0.1
272;20; CURUA-UNA    ;251;0.1
272;21; CURUA-UNA    ;251;0.1
272;22; CURUA-UNA    ;251;0.1
272;23; CURUA-UNA    ;251;0.1
272;24; CURUA-UNA    ;251;0.1
272;25; CURUA-UNA    ;251;0.1
272;26; CURUA-UNA    ;251;0.1
272;27; CURUA-UNA    ;251;0.1
272;28; CURUA-UNA    ;251;0.1
272;29; CURUA-UNA    ;251;0.1
272;30; CURUA-UNA    ;251;0.1
272;31; CURUA-UNA    ;251;0.1
272;32; CURUA-UNA    ;251;0.1
272;33; CURUA-UNA    ;251;0.1
272;34; CURUA-UNA    ;251;0.1
272;35; CURUA-UNA    ;251;0.1
272;36; CURUA-UNA    ;251;0.1
272;37; CURUA-UNA    ;251;0.1
272;38; CURUA-UNA    ;251;0.1
272;39; CURUA-UNA    ;251;0.1
272;40; CURUA-UNA    ;251;0.1
272;41; CURUA-UNA    ;251;0.1
272;42; CURUA-UNA    ;251;0.1
272;43; CURUA-UNA    ;251;0.1
272;44; CURUA-UNA    ;251;0.1
272;45; CURUA-UNA    ;251;0.1
272;46; CURUA-UNA    ;251;0.1
272;47; CURUA-UNA    ;251;0.1
272;48; CURUA-UNA    ;251;0.1
272;49; CURUA-UNA    ;273;0.1
272;50; CURUA-UNA    ;273;0.1
272;51; CURUA-UNA    ;273;0.1
272;52; CURUA-UNA    ;273;0.1
272;53; CURUA-UNA    ;273;0.1
272;54; CURUA-UNA    ;292;0.1
272;55; CURUA-UNA    ;292;0.1
272;56; CURUA-UNA    ;292;0.1
272;57; CURUA-UNA    ;292;0.1
272;58; CURUA-UNA    ;292;0.1
272;59; CURUA-UNA    ;313;0.1
272;60; CURUA-UNA    ;313;0.1
272;61; CURUA-UNA    ;313;0.1
272;62; CURUA-UNA    ;313;0.1
272;63; CURUA-UNA    ;313;0.1
272;64; CURUA-UNA    ;334;0.1
272;65; CURUA-UNA    ;334;0.1
275;1; TUCURUI      ;15109;49.7
275;2; TUCURUI      ;15109;49.7
275;3; TUCURUI      ;15109;49.7
275;4; TUCURUI      ;15109;49.7
275;5; TUCURUI      ;15109;49.7
275;6; TUCURUI      ;15109;49.7
275;7; TUCURUI      ;15109;49.7
275;8; TUCURUI      ;15109;49.7
275;9; TUCURUI      ;15109;49.7
275;10; TUCURUI      ;15109;49.7
275;11; TUCURUI      ;15109;49.7
275;12; TUCURUI      ;15109;49.7
275;13; TUCURUI      ;15109;49.7
275;14; TUCURUI      ;15109;49.7
275;15; TUCURUI      ;15109;49.7
275;16; TUCURUI      ;15109;49.7
275;17; TUCURUI      ;15109;49.7
275;18; TUCURUI      ;15109;49.7
275;19; TUCURUI      ;15109;49.7
275;20; TUCURUI      ;15109;49.7
275;21; TUCURUI      ;15109;49.7
275;22; TUCURUI      ;15109;49.7
275;23; TUCURUI      ;15109;49.7
275;24; TUCURUI      ;15109;49.7
275;25; TUCURUI      ;15109;49.7
275;26; TUCURUI      ;15109;49.7
275;27; TUCURUI      ;15109;49.7
275;28; TUCURUI      ;15109;49.7
275;29; TUCURUI      ;15109;49.7
275;30; TUCURUI      ;15109;49.7
275;31; TUCURUI      ;15109;49.7
275;32; TUCURUI      ;15109;49.7
275;33; TUCURUI      ;15109;49.7
275;34; TUCURUI      ;15109;49.7
275;35; TUCURUI      ;15109;49.7
275;36; TUCURUI      ;15109;49.7
275;37; TUCURUI      ;15109;49.7
275;38; TUCURUI      ;15109;49.7
275;39; TUCURUI      ;15109;49.7
275;40; TUCURUI      ;15109;49.7
275;41; TUCURUI      ;15109;49.7
275;42; TUCURUI      ;15109;49.7
275;43; TUCURUI      ;15109;49.7
275;44; TUCURUI      ;15109;49.7
275;45; TUCURUI      ;15109;49.7
275;46; TUCURUI      ;15109;49.7
275;47; TUCURUI      ;15109;49.7
275;48; TUCURUI      ;15109;49.7
275;49; TUCURUI      ;15103;49.7
275;50; TUCURUI      ;15103;49.7
275;51; TUCURUI      ;15103;49.7
275;52; TUCURUI      ;15103;49.7
275;53; TUCURUI      ;15103;49.7
275;54; TUCURUI      ;15268;49.7
275;55; TUCURUI      ;15268;49.7
275;56; TUCURUI      ;15268;49.7
275;57; TUCURUI      ;15268;49.7
275;58; TUCURUI      ;15268;49.7
275;59; TUCURUI      ;15581;49.7
275;60; TUCURUI      ;15581;49.7
275;61; TUCURUI      ;15581;49.7
275;62; TUCURUI      ;15581;49.7
275;63; TUCURUI      ;15581;49.7
275;64; TUCURUI      ;15674;49.7
275;65; TUCURUI      ;15674;49.7
276;1; RONDON II    ;120;0.3
276;2; RONDON II    ;120;0.3
276;3; RONDON II    ;120;0.3
276;4; RONDON II    ;120;0.3
276;5; RONDON II    ;120;0.3
276;6; RONDON II    ;120;0.3
276;7; RONDON II    ;120;0.3
276;8; RONDON II    ;120;0.3
276;9; RONDON II    ;120;0.3
276;10; RONDON II    ;120;0.3
276;11; RONDON II    ;120;0.3
276;12; RONDON II    ;120;0.3
276;13; RONDON II    ;120;0.3
276;14; RONDON II    ;120;0.3
276;15; RONDON II    ;120;0.3
276;16; RONDON II    ;120;0.3
276;17; RONDON II    ;120;0.3
276;18; RONDON II    ;120;0.3
276;19; RONDON II    ;120;0.3
276;20; RONDON II    ;120;0.3
276;21; RONDON II    ;120;0.3
276;22; RONDON II    ;120;0.3
276;23; RONDON II    ;120;0.3
276;24; RONDON II    ;120;0.3
276;25; RONDON II    ;120;0.3
276;26; RONDON II    ;120;0.3
276;27; RONDON II    ;120;0.3
276;28; RONDON II    ;120;0.3
276;29; RONDON II    ;120;0.3
276;30; RONDON II    ;120;0.3
276;31; RONDON II    ;120;0.3
276;32; RONDON II    ;120;0.3
276;33; RONDON II    ;120;0.3
276;34; RONDON II    ;120;0.3
276;35; RONDON II    ;120;0.3
276;36; RONDON II    ;120;0.3
276;37; RONDON II    ;120;0.3
276;38; RONDON II    ;120;0.3
276;39; RONDON II    ;120;0.3
276;40; RONDON II    ;120;0.3
276;41; RONDON II    ;120;0.3
276;42; RONDON II    ;120;0.3
276;43; RONDON II    ;120;0.3
276;44; RONDON II    ;120;0.3
276;45; RONDON II    ;120;0.3
276;46; RONDON II    ;120;0.3
276;47; RONDON II    ;120;0.3
276;48; RONDON II    ;120;0.3
276;49; RONDON II    ;112;0.3
276;50; RONDON II    ;112;0.3
276;51; RONDON II    ;112;0.3
276;52; RONDON II    ;112;0.3
276;53; RONDON II    ;112;0.3
276;54; RONDON II    ;108;0.3
276;55; RONDON II    ;108;0.3
276;56; RONDON II    ;108;0.3
276;57; RONDON II    ;108;0.3
276;58; RONDON II    ;108;0.3
276;59; RONDON II    ;106;0.3
276;60; RONDON II    ;106;0.3
276;61; RONDON II    ;106;0.3
276;62; RONDON II    ;106;0.3
276;63; RONDON II    ;106;0.3
276;64; RONDON II    ;103;0.3
276;65; RONDON II    ;103;0.3
277;1; BALBINA      ;624;0
277;2; BALBINA      ;624;0
277;3; BALBINA      ;624;0
277;4; BALBINA      ;624;0
277;5; BALBINA      ;624;0
277;6; BALBINA      ;624;0
277;7; BALBINA      ;624;0
277;8; BALBINA      ;624;0
277;9; BALBINA      ;624;0
277;10; BALBINA      ;624;0
277;11; BALBINA      ;624;0
277;12; BALBINA      ;624;0
277;13; BALBINA      ;624;0
277;14; BALBINA      ;624;0
277;15; BALBINA      ;624;0
277;16; BALBINA      ;624;0
277;17; BALBINA      ;624;0
277;18; BALBINA      ;624;0
277;19; BALBINA      ;624;0
277;20; BALBINA      ;624;0
277;21; BALBINA      ;624;0
277;22; BALBINA      ;624;0
277;23; BALBINA      ;624;0
277;24; BALBINA      ;624;0
277;25; BALBINA      ;624;0
277;26; BALBINA      ;624;0
277;27; BALBINA      ;624;0
277;28; BALBINA      ;624;0
277;29; BALBINA      ;624;0
277;30; BALBINA      ;624;0
277;31; BALBINA      ;624;0
277;32; BALBINA      ;624;0
277;33; BALBINA      ;624;0
277;34; BALBINA      ;624;0
277;35; BALBINA      ;624;0
277;36; BALBINA      ;624;0
277;37; BALBINA      ;624;0
277;38; BALBINA      ;624;0
277;39; BALBINA      ;624;0
277;40; BALBINA      ;624;0
277;41; BALBINA      ;624;0
277;42; BALBINA      ;624;0
277;43; BALBINA      ;624;0
277;44; BALBINA      ;624;0
277;45; BALBINA      ;624;0
277;46; BALBINA      ;624;0
277;47; BALBINA      ;624;0
277;48; BALBINA      ;624;0
277;49; BALBINA      ;709;0
277;50; BALBINA      ;709;0
277;51; BALBINA      ;709;0
277;52; BALBINA      ;709;0
277;53; BALBINA      ;709;0
277;54; BALBINA      ;798;0
277;55; BALBINA      ;798;0
277;56; BALBINA      ;798;0
277;57; BALBINA      ;798;0
277;58; BALBINA      ;798;0
277;59; BALBINA      ;878;0
277;60; BALBINA      ;878;0
277;61; BALBINA      ;878;0
277;62; BALBINA      ;878;0
277;63; BALBINA      ;878;0
277;64; BALBINA      ;947;0
277;65; BALBINA      ;947;0
278;1; MANSO        ;283;0.2
278;2; MANSO        ;283;0.2
278;3; MANSO        ;283;0.2
278;4; MANSO        ;283;0.2
278;5; MANSO        ;283;0.2
278;6; MANSO        ;283;0.2
278;7; MANSO        ;283;0.2
278;8; MANSO        ;283;0.2
278;9; MANSO        ;283;0.2
278;10; MANSO        ;283;0.2
278;11; MANSO        ;283;0.2
278;12; MANSO        ;283;0.2
278;13; MANSO        ;283;0.2
278;14; MANSO        ;283;0.2
278;15; MANSO        ;283;0.2
278;16; MANSO        ;283;0.2
278;17; MANSO        ;283;0.2
278;18; MANSO        ;283;0.2
278;19; MANSO        ;283;0.2
278;20; MANSO        ;283;0.2
278;21; MANSO        ;283;0.2
278;22; MANSO        ;283;0.2
278;23; MANSO        ;283;0.2
278;24; MANSO        ;283;0.2
278;25; MANSO        ;283;0.2
278;26; MANSO        ;283;0.2
278;27; MANSO        ;283;0.2
278;28; MANSO        ;283;0.2
278;29; MANSO        ;283;0.2
278;30; MANSO        ;283;0.2
278;31; MANSO        ;283;0.2
278;32; MANSO        ;283;0.2
278;33; MANSO        ;283;0.2
278;34; MANSO        ;283;0.2
278;35; MANSO        ;283;0.2
278;36; MANSO        ;283;0.2
278;37; MANSO        ;283;0.2
278;38; MANSO        ;283;0.2
278;39; MANSO        ;283;0.2
278;40; MANSO        ;283;0.2
278;41; MANSO        ;283;0.2
278;42; MANSO        ;283;0.2
278;43; MANSO        ;283;0.2
278;44; MANSO        ;283;0.2
278;45; MANSO        ;283;0.2
278;46; MANSO        ;283;0.2
278;47; MANSO        ;283;0.2
278;48; MANSO        ;283;0.2
278;49; MANSO        ;258;0.2
278;50; MANSO        ;258;0.2
278;51; MANSO        ;258;0.2
278;52; MANSO        ;258;0.2
278;53; MANSO        ;258;0.2
278;54; MANSO        ;235;0.2
278;55; MANSO        ;235;0.2
278;56; MANSO        ;235;0.2
278;57; MANSO        ;235;0.2
278;58; MANSO        ;235;0.2
278;59; MANSO        ;215;0.2
278;60; MANSO        ;215;0.2
278;61; MANSO        ;215;0.2
278;62; MANSO        ;215;0.2
278;63; MANSO        ;215;0.2
278;64; MANSO        ;198;0.2
278;65; MANSO        ;198;0.2
279;1; SAMUEL       ;728;0.4
279;2; SAMUEL       ;728;0.4
279;3; SAMUEL       ;728;0.4
279;4; SAMUEL       ;728;0.4
279;5; SAMUEL       ;728;0.4
279;6; SAMUEL       ;728;0.4
279;7; SAMUEL       ;728;0.4
279;8; SAMUEL       ;728;0.4
279;9; SAMUEL       ;728;0.4
279;10; SAMUEL       ;728;0.4
279;11; SAMUEL       ;728;0.4
279;12; SAMUEL       ;728;0.4
279;13; SAMUEL       ;728;0.4
279;14; SAMUEL       ;728;0.4
279;15; SAMUEL       ;728;0.4
279;16; SAMUEL       ;728;0.4
279;17; SAMUEL       ;728;0.4
279;18; SAMUEL       ;728;0.4
279;19; SAMUEL       ;728;0.4
279;20; SAMUEL       ;728;0.4
279;21; SAMUEL       ;728;0.4
279;22; SAMUEL       ;728;0.4
279;23; SAMUEL       ;728;0.4
279;24; SAMUEL       ;728;0.4
279;25; SAMUEL       ;728;0.4
279;26; SAMUEL       ;728;0.4
279;27; SAMUEL       ;728;0.4
279;28; SAMUEL       ;728;0.4
279;29; SAMUEL       ;728;0.4
279;30; SAMUEL       ;728;0.4
279;31; SAMUEL       ;728;0.4
279;32; SAMUEL       ;728;0.4
279;33; SAMUEL       ;728;0.4
279;34; SAMUEL       ;728;0.4
279;35; SAMUEL       ;728;0.4
279;36; SAMUEL       ;728;0.4
279;37; SAMUEL       ;728;0.4
279;38; SAMUEL       ;728;0.4
279;39; SAMUEL       ;728;0.4
279;40; SAMUEL       ;728;0.4
279;41; SAMUEL       ;728;0.4
279;42; SAMUEL       ;728;0.4
279;43; SAMUEL       ;728;0.4
279;44; SAMUEL       ;728;0.4
279;45; SAMUEL       ;728;0.4
279;46; SAMUEL       ;728;0.4
279;47; SAMUEL       ;728;0.4
279;48; SAMUEL       ;728;0.4
279;49; SAMUEL       ;715;0.4
279;50; SAMUEL       ;715;0.4
279;51; SAMUEL       ;715;0.4
279;52; SAMUEL       ;715;0.4
279;53; SAMUEL       ;715;0.4
279;54; SAMUEL       ;698;0.4
279;55; SAMUEL       ;698;0.4
279;56; SAMUEL       ;698;0.4
279;57; SAMUEL       ;698;0.4
279;58; SAMUEL       ;698;0.4
279;59; SAMUEL       ;684;0.4
279;60; SAMUEL       ;684;0.4
279;61; SAMUEL       ;684;0.4
279;62; SAMUEL       ;684;0.4
279;63; SAMUEL       ;684;0.4
279;64; SAMUEL       ;674;0.4
279;65; SAMUEL       ;674;0.4
280;1; COARACY NUNE ;6;0
280;2; COARACY NUNE ;6;0
280;3; COARACY NUNE ;6;0
280;4; COARACY NUNE ;6;0
280;5; COARACY NUNE ;6;0
280;6; COARACY NUNE ;6;0
280;7; COARACY NUNE ;6;0
280;8; COARACY NUNE ;6;0
280;9; COARACY NUNE ;6;0
280;10; COARACY NUNE ;6;0
280;11; COARACY NUNE ;6;0
280;12; COARACY NUNE ;6;0
280;13; COARACY NUNE ;6;0
280;14; COARACY NUNE ;6;0
280;15; COARACY NUNE ;6;0
280;16; COARACY NUNE ;6;0
280;17; COARACY NUNE ;6;0
280;18; COARACY NUNE ;6;0
280;19; COARACY NUNE ;6;0
280;20; COARACY NUNE ;6;0
280;21; COARACY NUNE ;6;0
280;22; COARACY NUNE ;6;0
280;23; COARACY NUNE ;6;0
280;24; COARACY NUNE ;6;0
280;25; COARACY NUNE ;6;0
280;26; COARACY NUNE ;6;0
280;27; COARACY NUNE ;6;0
280;28; COARACY NUNE ;6;0
280;29; COARACY NUNE ;6;0
280;30; COARACY NUNE ;6;0
280;31; COARACY NUNE ;6;0
280;32; COARACY NUNE ;6;0
280;33; COARACY NUNE ;6;0
280;34; COARACY NUNE ;6;0
280;35; COARACY NUNE ;6;0
280;36; COARACY NUNE ;6;0
280;37; COARACY NUNE ;6;0
280;38; COARACY NUNE ;6;0
280;39; COARACY NUNE ;6;0
280;40; COARACY NUNE ;6;0
280;41; COARACY NUNE ;6;0
280;42; COARACY NUNE ;6;0
280;43; COARACY NUNE ;6;0
280;44; COARACY NUNE ;6;0
280;45; COARACY NUNE ;6;0
280;46; COARACY NUNE ;6;0
280;47; COARACY NUNE ;6;0
280;48; COARACY NUNE ;6;0
280;49; COARACY NUNE ;6;0
280;50; COARACY NUNE ;6;0
280;51; COARACY NUNE ;6;0
280;52; COARACY NUNE ;6;0
280;53; COARACY NUNE ;6;0
280;54; COARACY NUNE ;6;0
280;55; COARACY NUNE ;6;0
280;56; COARACY NUNE ;6;0
280;57; COARACY NUNE ;6;0
280;58; COARACY NUNE ;6;0
280;59; COARACY NUNE ;6;0
280;60; COARACY NUNE ;6;0
280;61; COARACY NUNE ;6;0
280;62; COARACY NUNE ;6;0
280;63; COARACY NUNE ;6;0
280;64; COARACY NUNE ;6;0
280;65; COARACY NUNE ;6;0
281;1; PONTE PEDRA  ;94;0.7
281;2; PONTE PEDRA  ;94;0.7
281;3; PONTE PEDRA  ;94;0.7
281;4; PONTE PEDRA  ;94;0.7
281;5; PONTE PEDRA  ;94;0.7
281;6; PONTE PEDRA  ;94;0.7
281;7; PONTE PEDRA  ;94;0.7
281;8; PONTE PEDRA  ;94;0.7
281;9; PONTE PEDRA  ;94;0.7
281;10; PONTE PEDRA  ;94;0.7
281;11; PONTE PEDRA  ;94;0.7
281;12; PONTE PEDRA  ;94;0.7
281;13; PONTE PEDRA  ;94;0.7
281;14; PONTE PEDRA  ;94;0.7
281;15; PONTE PEDRA  ;94;0.7
281;16; PONTE PEDRA  ;94;0.7
281;17; PONTE PEDRA  ;94;0.7
281;18; PONTE PEDRA  ;94;0.7
281;19; PONTE PEDRA  ;94;0.7
281;20; PONTE PEDRA  ;94;0.7
281;21; PONTE PEDRA  ;94;0.7
281;22; PONTE PEDRA  ;94;0.7
281;23; PONTE PEDRA  ;94;0.7
281;24; PONTE PEDRA  ;94;0.7
281;25; PONTE PEDRA  ;94;0.7
281;26; PONTE PEDRA  ;94;0.7
281;27; PONTE PEDRA  ;94;0.7
281;28; PONTE PEDRA  ;94;0.7
281;29; PONTE PEDRA  ;94;0.7
281;30; PONTE PEDRA  ;94;0.7
281;31; PONTE PEDRA  ;94;0.7
281;32; PONTE PEDRA  ;94;0.7
281;33; PONTE PEDRA  ;94;0.7
281;34; PONTE PEDRA  ;94;0.7
281;35; PONTE PEDRA  ;94;0.7
281;36; PONTE PEDRA  ;94;0.7
281;37; PONTE PEDRA  ;94;0.7
281;38; PONTE PEDRA  ;94;0.7
281;39; PONTE PEDRA  ;94;0.7
281;40; PONTE PEDRA  ;94;0.7
281;41; PONTE PEDRA  ;94;0.7
281;42; PONTE PEDRA  ;94;0.7
281;43; PONTE PEDRA  ;94;0.7
281;44; PONTE PEDRA  ;94;0.7
281;45; PONTE PEDRA  ;94;0.7
281;46; PONTE PEDRA  ;94;0.7
281;47; PONTE PEDRA  ;94;0.7
281;48; PONTE PEDRA  ;94;0.7
281;49; PONTE PEDRA  ;91;0.7
281;50; PONTE PEDRA  ;91;0.7
281;51; PONTE PEDRA  ;91;0.7
281;52; PONTE PEDRA  ;91;0.7
281;53; PONTE PEDRA  ;91;0.7
281;54; PONTE PEDRA  ;89;0.7
281;55; PONTE PEDRA  ;89;0.7
281;56; PONTE PEDRA  ;89;0.7
281;57; PONTE PEDRA  ;89;0.7
281;58; PONTE PEDRA  ;89;0.7
281;59; PONTE PEDRA  ;87;0.7
281;60; PONTE PEDRA  ;87;0.7
281;61; PONTE PEDRA  ;87;0.7
281;62; PONTE PEDRA  ;87;0.7
281;63; PONTE PEDRA  ;87;0.7
281;64; PONTE PEDRA  ;85;0.7
281;65; PONTE PEDRA  ;85;0.7
283;1; STA CLARA MG ;119;1.1
283;2; STA CLARA MG ;119;1.1
283;3; STA CLARA MG ;119;1.1
283;4; STA CLARA MG ;119;1.1
283;5; STA CLARA MG ;119;1.1
283;6; STA CLARA MG ;119;1.1
283;7; STA CLARA MG ;119;1.1
283;8; STA CLARA MG ;119;1.1
283;9; STA CLARA MG ;119;1.1
283;10; STA CLARA MG ;119;1.1
283;11; STA CLARA MG ;119;1.1
283;12; STA CLARA MG ;119;1.1
283;13; STA CLARA MG ;119;1.1
283;14; STA CLARA MG ;119;1.1
283;15; STA CLARA MG ;119;1.1
283;16; STA CLARA MG ;119;1.1
283;17; STA CLARA MG ;119;1.1
283;18; STA CLARA MG ;119;1.1
283;19; STA CLARA MG ;119;1.1
283;20; STA CLARA MG ;119;1.1
283;21; STA CLARA MG ;119;1.1
283;22; STA CLARA MG ;119;1.1
283;23; STA CLARA MG ;119;1.1
283;24; STA CLARA MG ;119;1.1
283;25; STA CLARA MG ;119;1.1
283;26; STA CLARA MG ;119;1.1
283;27; STA CLARA MG ;119;1.1
283;28; STA CLARA MG ;119;1.1
283;29; STA CLARA MG ;119;1.1
283;30; STA CLARA MG ;119;1.1
283;31; STA CLARA MG ;119;1.1
283;32; STA CLARA MG ;119;1.1
283;33; STA CLARA MG ;119;1.1
283;34; STA CLARA MG ;119;1.1
283;35; STA CLARA MG ;119;1.1
283;36; STA CLARA MG ;119;1.1
283;37; STA CLARA MG ;119;1.1
283;38; STA CLARA MG ;119;1.1
283;39; STA CLARA MG ;119;1.1
283;40; STA CLARA MG ;119;1.1
283;41; STA CLARA MG ;119;1.1
283;42; STA CLARA MG ;119;1.1
283;43; STA CLARA MG ;119;1.1
283;44; STA CLARA MG ;119;1.1
283;45; STA CLARA MG ;119;1.1
283;46; STA CLARA MG ;119;1.1
283;47; STA CLARA MG ;119;1.1
283;48; STA CLARA MG ;119;1.1
283;49; STA CLARA MG ;104;1.1
283;50; STA CLARA MG ;104;1.1
283;51; STA CLARA MG ;104;1.1
283;52; STA CLARA MG ;104;1.1
283;53; STA CLARA MG ;104;1.1
283;54; STA CLARA MG ;93;1.1
283;55; STA CLARA MG ;93;1.1
283;56; STA CLARA MG ;93;1.1
283;57; STA CLARA MG ;93;1.1
283;58; STA CLARA MG ;93;1.1
283;59; STA CLARA MG ;92;1.1
283;60; STA CLARA MG ;92;1.1
283;61; STA CLARA MG ;92;1.1
283;62; STA CLARA MG ;92;1.1
283;63; STA CLARA MG ;92;1.1
283;64; STA CLARA MG ;87;1.1
283;65; STA CLARA MG ;87;1.1
284;1; FERREIRA GOM ;15;0
284;2; FERREIRA GOM ;15;0
284;3; FERREIRA GOM ;15;0
284;4; FERREIRA GOM ;15;0
284;5; FERREIRA GOM ;15;0
284;6; FERREIRA GOM ;15;0
284;7; FERREIRA GOM ;15;0
284;8; FERREIRA GOM ;15;0
284;9; FERREIRA GOM ;15;0
284;10; FERREIRA GOM ;15;0
284;11; FERREIRA GOM ;15;0
284;12; FERREIRA GOM ;15;0
284;13; FERREIRA GOM ;15;0
284;14; FERREIRA GOM ;15;0
284;15; FERREIRA GOM ;15;0
284;16; FERREIRA GOM ;15;0
284;17; FERREIRA GOM ;15;0
284;18; FERREIRA GOM ;15;0
284;19; FERREIRA GOM ;15;0
284;20; FERREIRA GOM ;15;0
284;21; FERREIRA GOM ;15;0
284;22; FERREIRA GOM ;15;0
284;23; FERREIRA GOM ;15;0
284;24; FERREIRA GOM ;15;0
284;25; FERREIRA GOM ;15;0
284;26; FERREIRA GOM ;15;0
284;27; FERREIRA GOM ;15;0
284;28; FERREIRA GOM ;15;0
284;29; FERREIRA GOM ;15;0
284;30; FERREIRA GOM ;15;0
284;31; FERREIRA GOM ;15;0
284;32; FERREIRA GOM ;15;0
284;33; FERREIRA GOM ;15;0
284;34; FERREIRA GOM ;15;0
284;35; FERREIRA GOM ;15;0
284;36; FERREIRA GOM ;15;0
284;37; FERREIRA GOM ;15;0
284;38; FERREIRA GOM ;15;0
284;39; FERREIRA GOM ;15;0
284;40; FERREIRA GOM ;15;0
284;41; FERREIRA GOM ;15;0
284;42; FERREIRA GOM ;15;0
284;43; FERREIRA GOM ;15;0
284;44; FERREIRA GOM ;15;0
284;45; FERREIRA GOM ;15;0
284;46; FERREIRA GOM ;15;0
284;47; FERREIRA GOM ;15;0
284;48; FERREIRA GOM ;15;0
284;49; FERREIRA GOM ;16;0
284;50; FERREIRA GOM ;16;0
284;51; FERREIRA GOM ;16;0
284;52; FERREIRA GOM ;16;0
284;53; FERREIRA GOM ;16;0
284;54; FERREIRA GOM ;16;0
284;55; FERREIRA GOM ;16;0
284;56; FERREIRA GOM ;16;0
284;57; FERREIRA GOM ;16;0
284;58; FERREIRA GOM ;16;0
284;59; FERREIRA GOM ;17;0
284;60; FERREIRA GOM ;17;0
284;61; FERREIRA GOM ;17;0
284;62; FERREIRA GOM ;17;0
284;63; FERREIRA GOM ;17;0
284;64; FERREIRA GOM ;17;0
284;65; FERREIRA GOM ;17;0
285;1; JIRAU        ;31487;64.6
285;2; JIRAU        ;31487;64.6
285;3; JIRAU        ;31487;64.6
285;4; JIRAU        ;31487;64.6
285;5; JIRAU        ;31487;64.6
285;6; JIRAU        ;31487;64.6
285;7; JIRAU        ;31487;64.6
285;8; JIRAU        ;31487;64.6
285;9; JIRAU        ;31487;64.6
285;10; JIRAU        ;31487;64.6
285;11; JIRAU        ;31487;64.6
285;12; JIRAU        ;31487;64.6
285;13; JIRAU        ;31487;64.6
285;14; JIRAU        ;31487;64.6
285;15; JIRAU        ;31487;64.6
285;16; JIRAU        ;31487;64.6
285;17; JIRAU        ;31487;64.6
285;18; JIRAU        ;31487;64.6
285;19; JIRAU        ;31487;64.6
285;20; JIRAU        ;31487;64.6
285;21; JIRAU        ;31487;64.6
285;22; JIRAU        ;31487;64.6
285;23; JIRAU        ;31487;64.6
285;24; JIRAU        ;31487;64.6
285;25; JIRAU        ;31487;64.6
285;26; JIRAU        ;31487;64.6
285;27; JIRAU        ;31487;64.6
285;28; JIRAU        ;31487;64.6
285;29; JIRAU        ;31487;64.6
285;30; JIRAU        ;31487;64.6
285;31; JIRAU        ;31487;64.6
285;32; JIRAU        ;31487;64.6
285;33; JIRAU        ;31487;64.6
285;34; JIRAU        ;31487;64.6
285;35; JIRAU        ;31487;64.6
285;36; JIRAU        ;31487;64.6
285;37; JIRAU        ;31487;64.6
285;38; JIRAU        ;31487;64.6
285;39; JIRAU        ;31487;64.6
285;40; JIRAU        ;31487;64.6
285;41; JIRAU        ;31487;64.6
285;42; JIRAU        ;31487;64.6
285;43; JIRAU        ;31487;64.6
285;44; JIRAU        ;31487;64.6
285;45; JIRAU        ;31487;64.6
285;46; JIRAU        ;31487;64.6
285;47; JIRAU        ;31487;64.6
285;48; JIRAU        ;31487;64.6
285;49; JIRAU        ;32684;64.6
285;50; JIRAU        ;32684;64.6
285;51; JIRAU        ;32684;64.6
285;52; JIRAU        ;32684;64.6
285;53; JIRAU        ;32684;64.6
285;54; JIRAU        ;33517;64.6
285;55; JIRAU        ;33517;64.6
285;56; JIRAU        ;33517;64.6
285;57; JIRAU        ;33517;64.6
285;58; JIRAU        ;33517;64.6
285;59; JIRAU        ;33864;64.6
285;60; JIRAU        ;33864;64.6
285;61; JIRAU        ;33864;64.6
285;62; JIRAU        ;33864;64.6
285;63; JIRAU        ;33864;64.6
285;64; JIRAU        ;33927;64.6
285;65; JIRAU        ;33927;64.6
286;1; STO ANT JARI ;1890;0.9
286;2; STO ANT JARI ;1890;0.9
286;3; STO ANT JARI ;1890;0.9
286;4; STO ANT JARI ;1890;0.9
286;5; STO ANT JARI ;1890;0.9
286;6; STO ANT JARI ;1890;0.9
286;7; STO ANT JARI ;1890;0.9
286;8; STO ANT JARI ;1890;0.9
286;9; STO ANT JARI ;1890;0.9
286;10; STO ANT JARI ;1890;0.9
286;11; STO ANT JARI ;1890;0.9
286;12; STO ANT JARI ;1890;0.9
286;13; STO ANT JARI ;1890;0.9
286;14; STO ANT JARI ;1890;0.9
286;15; STO ANT JARI ;1890;0.9
286;16; STO ANT JARI ;1890;0.9
286;17; STO ANT JARI ;1890;0.9
286;18; STO ANT JARI ;1890;0.9
286;19; STO ANT JARI ;1890;0.9
286;20; STO ANT JARI ;1890;0.9
286;21; STO ANT JARI ;1890;0.9
286;22; STO ANT JARI ;1890;0.9
286;23; STO ANT JARI ;1890;0.9
286;24; STO ANT JARI ;1890;0.9
286;25; STO ANT JARI ;1890;0.9
286;26; STO ANT JARI ;1890;0.9
286;27; STO ANT JARI ;1890;0.9
286;28; STO ANT JARI ;1890;0.9
286;29; STO ANT JARI ;1890;0.9
286;30; STO ANT JARI ;1890;0.9
286;31; STO ANT JARI ;1890;0.9
286;32; STO ANT JARI ;1890;0.9
286;33; STO ANT JARI ;1890;0.9
286;34; STO ANT JARI ;1890;0.9
286;35; STO ANT JARI ;1890;0.9
286;36; STO ANT JARI ;1890;0.9
286;37; STO ANT JARI ;1890;0.9
286;38; STO ANT JARI ;1890;0.9
286;39; STO ANT JARI ;1890;0.9
286;40; STO ANT JARI ;1890;0.9
286;41; STO ANT JARI ;1890;0.9
286;42; STO ANT JARI ;1890;0.9
286;43; STO ANT JARI ;1890;0.9
286;44; STO ANT JARI ;1890;0.9
286;45; STO ANT JARI ;1890;0.9
286;46; STO ANT JARI ;1890;0.9
286;47; STO ANT JARI ;1890;0.9
286;48; STO ANT JARI ;1890;0.9
286;49; STO ANT JARI ;1970;0.9
286;50; STO ANT JARI ;1970;0.9
286;51; STO ANT JARI ;1970;0.9
286;52; STO ANT JARI ;1970;0.9
286;53; STO ANT JARI ;1970;0.9
286;54; STO ANT JARI ;2109;0.9
286;55; STO ANT JARI ;2109;0.9
286;56; STO ANT JARI ;2109;0.9
286;57; STO ANT JARI ;2109;0.9
286;58; STO ANT JARI ;2109;0.9
286;59; STO ANT JARI ;2212;0.9
286;60; STO ANT JARI ;2212;0.9
286;61; STO ANT JARI ;2212;0.9
286;62; STO ANT JARI ;2212;0.9
286;63; STO ANT JARI ;2212;0.9
286;64; STO ANT JARI ;2313;0.9
286;65; STO ANT JARI ;2313;0.9
287;1; STO ANTONIO  ;507;0
287;2; STO ANTONIO  ;507;0
287;3; STO ANTONIO  ;507;0
287;4; STO ANTONIO  ;507;0
287;5; STO ANTONIO  ;507;0
287;6; STO ANTONIO  ;507;0
287;7; STO ANTONIO  ;507;0
287;8; STO ANTONIO  ;507;0
287;9; STO ANTONIO  ;507;0
287;10; STO ANTONIO  ;507;0
287;11; STO ANTONIO  ;507;0
287;12; STO ANTONIO  ;507;0
287;13; STO ANTONIO  ;507;0
287;14; STO ANTONIO  ;507;0
287;15; STO ANTONIO  ;507;0
287;16; STO ANTONIO  ;507;0
287;17; STO ANTONIO  ;507;0
287;18; STO ANTONIO  ;507;0
287;19; STO ANTONIO  ;507;0
287;20; STO ANTONIO  ;507;0
287;21; STO ANTONIO  ;507;0
287;22; STO ANTONIO  ;507;0
287;23; STO ANTONIO  ;507;0
287;24; STO ANTONIO  ;507;0
287;25; STO ANTONIO  ;507;0
287;26; STO ANTONIO  ;507;0
287;27; STO ANTONIO  ;507;0
287;28; STO ANTONIO  ;507;0
287;29; STO ANTONIO  ;507;0
287;30; STO ANTONIO  ;507;0
287;31; STO ANTONIO  ;507;0
287;32; STO ANTONIO  ;507;0
287;33; STO ANTONIO  ;507;0
287;34; STO ANTONIO  ;507;0
287;35; STO ANTONIO  ;507;0
287;36; STO ANTONIO  ;507;0
287;37; STO ANTONIO  ;507;0
287;38; STO ANTONIO  ;507;0
287;39; STO ANTONIO  ;507;0
287;40; STO ANTONIO  ;507;0
287;41; STO ANTONIO  ;507;0
287;42; STO ANTONIO  ;507;0
287;43; STO ANTONIO  ;507;0
287;44; STO ANTONIO  ;507;0
287;45; STO ANTONIO  ;507;0
287;46; STO ANTONIO  ;507;0
287;47; STO ANTONIO  ;507;0
287;48; STO ANTONIO  ;507;0
287;49; STO ANTONIO  ;522;0
287;50; STO ANTONIO  ;522;0
287;51; STO ANTONIO  ;522;0
287;52; STO ANTONIO  ;522;0
287;53; STO ANTONIO  ;522;0
287;54; STO ANTONIO  ;536;0
287;55; STO ANTONIO  ;536;0
287;56; STO ANTONIO  ;536;0
287;57; STO ANTONIO  ;536;0
287;58; STO ANTONIO  ;536;0
287;59; STO ANTONIO  ;548;0
287;60; STO ANTONIO  ;548;0
287;61; STO ANTONIO  ;548;0
287;62; STO ANTONIO  ;548;0
287;63; STO ANTONIO  ;548;0
287;64; STO ANTONIO  ;557;0
287;65; STO ANTONIO  ;557;0
288;1; BELO MONTE   ;0;0
288;2; BELO MONTE   ;0;0
288;3; BELO MONTE   ;0;0
288;4; BELO MONTE   ;0;0
288;5; BELO MONTE   ;0;0
288;6; BELO MONTE   ;0;0
288;7; BELO MONTE   ;0;0
288;8; BELO MONTE   ;0;0
288;9; BELO MONTE   ;0;0
288;10; BELO MONTE   ;0;0
288;11; BELO MONTE   ;0;0
288;12; BELO MONTE   ;0;0
288;13; BELO MONTE   ;0;0
288;14; BELO MONTE   ;0;0
288;15; BELO MONTE   ;0;0
288;16; BELO MONTE   ;0;0
288;17; BELO MONTE   ;0;0
288;18; BELO MONTE   ;0;0
288;19; BELO MONTE   ;0;0
288;20; BELO MONTE   ;0;0
288;21; BELO MONTE   ;0;0
288;22; BELO MONTE   ;0;0
288;23; BELO MONTE   ;0;0
288;24; BELO MONTE   ;0;0
288;25; BELO MONTE   ;0;0
288;26; BELO MONTE   ;0;0
288;27; BELO MONTE   ;0;0
288;28; BELO MONTE   ;0;0
288;29; BELO MONTE   ;0;0
288;30; BELO MONTE   ;0;0
288;31; BELO MONTE   ;0;0
288;32; BELO MONTE   ;0;0
288;33; BELO MONTE   ;0;0
288;34; BELO MONTE   ;0;0
288;35; BELO MONTE   ;0;0
288;36; BELO MONTE   ;0;0
288;37; BELO MONTE   ;0;0
288;38; BELO MONTE   ;0;0
288;39; BELO MONTE   ;0;0
288;40; BELO MONTE   ;0;0
288;41; BELO MONTE   ;0;0
288;42; BELO MONTE   ;0;0
288;43; BELO MONTE   ;0;0
288;44; BELO MONTE   ;0;0
288;45; BELO MONTE   ;0;0
288;46; BELO MONTE   ;0;0
288;47; BELO MONTE   ;0;0
288;48; BELO MONTE   ;0;0
288;49; BELO MONTE   ;0;0
288;50; BELO MONTE   ;0;0
288;51; BELO MONTE   ;0;0
288;52; BELO MONTE   ;0;0
288;53; BELO MONTE   ;0;0
288;54; BELO MONTE   ;0;0
288;55; BELO MONTE   ;0;0
288;56; BELO MONTE   ;0;0
288;57; BELO MONTE   ;0;0
288;58; BELO MONTE   ;0;0
288;59; BELO MONTE   ;0;0
288;60; BELO MONTE   ;0;0
288;61; BELO MONTE   ;0;0
288;62; BELO MONTE   ;0;0
288;63; BELO MONTE   ;0;0
288;64; BELO MONTE   ;0;0
288;65; BELO MONTE   ;0;0
290;1; ESPORA       ;84;0.1
290;2; ESPORA       ;84;0.1
290;3; ESPORA       ;84;0.1
290;4; ESPORA       ;84;0.1
290;5; ESPORA       ;84;0.1
290;6; ESPORA       ;84;0.1
290;7; ESPORA       ;84;0.1
290;8; ESPORA       ;84;0.1
290;9; ESPORA       ;84;0.1
290;10; ESPORA       ;84;0.1
290;11; ESPORA       ;84;0.1
290;12; ESPORA       ;84;0.1
290;13; ESPORA       ;84;0.1
290;14; ESPORA       ;84;0.1
290;15; ESPORA       ;84;0.1
290;16; ESPORA       ;84;0.1
290;17; ESPORA       ;84;0.1
290;18; ESPORA       ;84;0.1
290;19; ESPORA       ;84;0.1
290;20; ESPORA       ;84;0.1
290;21; ESPORA       ;84;0.1
290;22; ESPORA       ;84;0.1
290;23; ESPORA       ;84;0.1
290;24; ESPORA       ;84;0.1
290;25; ESPORA       ;84;0.1
290;26; ESPORA       ;84;0.1
290;27; ESPORA       ;84;0.1
290;28; ESPORA       ;84;0.1
290;29; ESPORA       ;84;0.1
290;30; ESPORA       ;84;0.1
290;31; ESPORA       ;84;0.1
290;32; ESPORA       ;84;0.1
290;33; ESPORA       ;84;0.1
290;34; ESPORA       ;84;0.1
290;35; ESPORA       ;84;0.1
290;36; ESPORA       ;84;0.1
290;37; ESPORA       ;84;0.1
290;38; ESPORA       ;84;0.1
290;39; ESPORA       ;84;0.1
290;40; ESPORA       ;84;0.1
290;41; ESPORA       ;84;0.1
290;42; ESPORA       ;84;0.1
290;43; ESPORA       ;84;0.1
290;44; ESPORA       ;84;0.1
290;45; ESPORA       ;84;0.1
290;46; ESPORA       ;84;0.1
290;47; ESPORA       ;84;0.1
290;48; ESPORA       ;84;0.1
290;49; ESPORA       ;81;0.1
290;50; ESPORA       ;81;0.1
290;51; ESPORA       ;81;0.1
290;52; ESPORA       ;81;0.1
290;53; ESPORA       ;81;0.1
290;54; ESPORA       ;78;0.1
290;55; ESPORA       ;78;0.1
290;56; ESPORA       ;78;0.1
290;57; ESPORA       ;78;0.1
290;58; ESPORA       ;78;0.1
290;59; ESPORA       ;76;0.1
290;60; ESPORA       ;76;0.1
290;61; ESPORA       ;76;0.1
290;62; ESPORA       ;76;0.1
290;63; ESPORA       ;76;0.1
290;64; ESPORA       ;74;0.1
290;65; ESPORA       ;74;0.1
304;1; ITIQUIRA I   ;82;0.3
304;2; ITIQUIRA I   ;82;0.3
304;3; ITIQUIRA I   ;82;0.3
304;4; ITIQUIRA I   ;82;0.3
304;5; ITIQUIRA I   ;82;0.3
304;6; ITIQUIRA I   ;82;0.3
304;7; ITIQUIRA I   ;82;0.3
304;8; ITIQUIRA I   ;82;0.3
304;9; ITIQUIRA I   ;82;0.3
304;10; ITIQUIRA I   ;82;0.3
304;11; ITIQUIRA I   ;82;0.3
304;12; ITIQUIRA I   ;82;0.3
304;13; ITIQUIRA I   ;82;0.3
304;14; ITIQUIRA I   ;82;0.3
304;15; ITIQUIRA I   ;82;0.3
304;16; ITIQUIRA I   ;82;0.3
304;17; ITIQUIRA I   ;82;0.3
304;18; ITIQUIRA I   ;82;0.3
304;19; ITIQUIRA I   ;82;0.3
304;20; ITIQUIRA I   ;82;0.3
304;21; ITIQUIRA I   ;82;0.3
304;22; ITIQUIRA I   ;82;0.3
304;23; ITIQUIRA I   ;82;0.3
304;24; ITIQUIRA I   ;82;0.3
304;25; ITIQUIRA I   ;82;0.3
304;26; ITIQUIRA I   ;82;0.3
304;27; ITIQUIRA I   ;82;0.3
304;28; ITIQUIRA I   ;82;0.3
304;29; ITIQUIRA I   ;82;0.3
304;30; ITIQUIRA I   ;82;0.3
304;31; ITIQUIRA I   ;82;0.3
304;32; ITIQUIRA I   ;82;0.3
304;33; ITIQUIRA I   ;82;0.3
304;34; ITIQUIRA I   ;82;0.3
304;35; ITIQUIRA I   ;82;0.3
304;36; ITIQUIRA I   ;82;0.3
304;37; ITIQUIRA I   ;82;0.3
304;38; ITIQUIRA I   ;82;0.3
304;39; ITIQUIRA I   ;82;0.3
304;40; ITIQUIRA I   ;82;0.3
304;41; ITIQUIRA I   ;82;0.3
304;42; ITIQUIRA I   ;82;0.3
304;43; ITIQUIRA I   ;82;0.3
304;44; ITIQUIRA I   ;82;0.3
304;45; ITIQUIRA I   ;82;0.3
304;46; ITIQUIRA I   ;82;0.3
304;47; ITIQUIRA I   ;82;0.3
304;48; ITIQUIRA I   ;82;0.3
304;49; ITIQUIRA I   ;79;0.3
304;50; ITIQUIRA I   ;79;0.3
304;51; ITIQUIRA I   ;79;0.3
304;52; ITIQUIRA I   ;79;0.3
304;53; ITIQUIRA I   ;79;0.3
304;54; ITIQUIRA I   ;76;0.3
304;55; ITIQUIRA I   ;76;0.3
304;56; ITIQUIRA I   ;76;0.3
304;57; ITIQUIRA I   ;76;0.3
304;58; ITIQUIRA I   ;76;0.3
304;59; ITIQUIRA I   ;74;0.3
304;60; ITIQUIRA I   ;74;0.3
304;61; ITIQUIRA I   ;74;0.3
304;62; ITIQUIRA I   ;74;0.3
304;63; ITIQUIRA I   ;74;0.3
304;64; ITIQUIRA I   ;72;0.3
304;65; ITIQUIRA I   ;72;0.3
305;1; ITIQUIRA II  ;0;0
305;2; ITIQUIRA II  ;0;0
305;3; ITIQUIRA II  ;0;0
305;4; ITIQUIRA II  ;0;0
305;5; ITIQUIRA II  ;0;0
305;6; ITIQUIRA II  ;0;0
305;7; ITIQUIRA II  ;0;0
305;8; ITIQUIRA II  ;0;0
305;9; ITIQUIRA II  ;0;0
305;10; ITIQUIRA II  ;0;0
305;11; ITIQUIRA II  ;0;0
305;12; ITIQUIRA II  ;0;0
305;13; ITIQUIRA II  ;0;0
305;14; ITIQUIRA II  ;0;0
305;15; ITIQUIRA II  ;0;0
305;16; ITIQUIRA II  ;0;0
305;17; ITIQUIRA II  ;0;0
305;18; ITIQUIRA II  ;0;0
305;19; ITIQUIRA II  ;0;0
305;20; ITIQUIRA II  ;0;0
305;21; ITIQUIRA II  ;0;0
305;22; ITIQUIRA II  ;0;0
305;23; ITIQUIRA II  ;0;0
305;24; ITIQUIRA II  ;0;0
305;25; ITIQUIRA II  ;0;0
305;26; ITIQUIRA II  ;0;0
305;27; ITIQUIRA II  ;0;0
305;28; ITIQUIRA II  ;0;0
305;29; ITIQUIRA II  ;0;0
305;30; ITIQUIRA II  ;0;0
305;31; ITIQUIRA II  ;0;0
305;32; ITIQUIRA II  ;0;0
305;33; ITIQUIRA II  ;0;0
305;34; ITIQUIRA II  ;0;0
305;35; ITIQUIRA II  ;0;0
305;36; ITIQUIRA II  ;0;0
305;37; ITIQUIRA II  ;0;0
305;38; ITIQUIRA II  ;0;0
305;39; ITIQUIRA II  ;0;0
305;40; ITIQUIRA II  ;0;0
305;41; ITIQUIRA II  ;0;0
305;42; ITIQUIRA II  ;0;0
305;43; ITIQUIRA II  ;0;0
305;44; ITIQUIRA II  ;0;0
305;45; ITIQUIRA II  ;0;0
305;46; ITIQUIRA II  ;0;0
305;47; ITIQUIRA II  ;0;0
305;48; ITIQUIRA II  ;0;0
305;49; ITIQUIRA II  ;0;0
305;50; ITIQUIRA II  ;0;0
305;51; ITIQUIRA II  ;0;0
305;52; ITIQUIRA II  ;0;0
305;53; ITIQUIRA II  ;0;0
305;54; ITIQUIRA II  ;0;0
305;55; ITIQUIRA II  ;0;0
305;56; ITIQUIRA II  ;0;0
305;57; ITIQUIRA II  ;0;0
305;58; ITIQUIRA II  ;0;0
305;59; ITIQUIRA II  ;0;0
305;60; ITIQUIRA II  ;0;0
305;61; ITIQUIRA II  ;0;0
305;62; ITIQUIRA II  ;0;0
305;63; ITIQUIRA II  ;0;0
305;64; ITIQUIRA II  ;0;0
305;65; ITIQUIRA II  ;0;0
309;1; JURUENA      ;144;2.3
309;2; JURUENA      ;144;2.3
309;3; JURUENA      ;144;2.3
309;4; JURUENA      ;144;2.3
309;5; JURUENA      ;144;2.3
309;6; JURUENA      ;144;2.3
309;7; JURUENA      ;144;2.3
309;8; JURUENA      ;144;2.3
309;9; JURUENA      ;144;2.3
309;10; JURUENA      ;144;2.3
309;11; JURUENA      ;144;2.3
309;12; JURUENA      ;144;2.3
309;13; JURUENA      ;144;2.3
309;14; JURUENA      ;144;2.3
309;15; JURUENA      ;144;2.3
309;16; JURUENA      ;144;2.3
309;17; JURUENA      ;144;2.3
309;18; JURUENA      ;144;2.3
309;19; JURUENA      ;144;2.3
309;20; JURUENA      ;144;2.3
309;21; JURUENA      ;144;2.3
309;22; JURUENA      ;144;2.3
309;23; JURUENA      ;144;2.3
309;24; JURUENA      ;144;2.3
309;25; JURUENA      ;144;2.3
309;26; JURUENA      ;144;2.3
309;27; JURUENA      ;144;2.3
309;28; JURUENA      ;144;2.3
309;29; JURUENA      ;144;2.3
309;30; JURUENA      ;144;2.3
309;31; JURUENA      ;144;2.3
309;32; JURUENA      ;144;2.3
309;33; JURUENA      ;144;2.3
309;34; JURUENA      ;144;2.3
309;35; JURUENA      ;144;2.3
309;36; JURUENA      ;144;2.3
309;37; JURUENA      ;144;2.3
309;38; JURUENA      ;144;2.3
309;39; JURUENA      ;144;2.3
309;40; JURUENA      ;144;2.3
309;41; JURUENA      ;144;2.3
309;42; JURUENA      ;144;2.3
309;43; JURUENA      ;144;2.3
309;44; JURUENA      ;144;2.3
309;45; JURUENA      ;144;2.3
309;46; JURUENA      ;144;2.3
309;47; JURUENA      ;144;2.3
309;48; JURUENA      ;144;2.3
309;49; JURUENA      ;143;2.3
309;50; JURUENA      ;143;2.3
309;51; JURUENA      ;143;2.3
309;52; JURUENA      ;143;2.3
309;53; JURUENA      ;143;2.3
309;54; JURUENA      ;142;2.3
309;55; JURUENA      ;142;2.3
309;56; JURUENA      ;142;2.3
309;57; JURUENA      ;142;2.3
309;58; JURUENA      ;142;2.3
309;59; JURUENA      ;141;2.3
309;60; JURUENA      ;141;2.3
309;61; JURUENA      ;141;2.3
309;62; JURUENA      ;141;2.3
309;63; JURUENA      ;141;2.3
309;64; JURUENA      ;141;2.3
309;65; JURUENA      ;141;2.3
310;1; DARDANELOS   ;762;0.2
310;2; DARDANELOS   ;762;0.2
310;3; DARDANELOS   ;762;0.2
310;4; DARDANELOS   ;762;0.2
310;5; DARDANELOS   ;762;0.2
310;6; DARDANELOS   ;762;0.2
310;7; DARDANELOS   ;762;0.2
310;8; DARDANELOS   ;762;0.2
310;9; DARDANELOS   ;762;0.2
310;10; DARDANELOS   ;762;0.2
310;11; DARDANELOS   ;762;0.2
310;12; DARDANELOS   ;762;0.2
310;13; DARDANELOS   ;762;0.2
310;14; DARDANELOS   ;762;0.2
310;15; DARDANELOS   ;762;0.2
310;16; DARDANELOS   ;762;0.2
310;17; DARDANELOS   ;762;0.2
310;18; DARDANELOS   ;762;0.2
310;19; DARDANELOS   ;762;0.2
310;20; DARDANELOS   ;762;0.2
310;21; DARDANELOS   ;762;0.2
310;22; DARDANELOS   ;762;0.2
310;23; DARDANELOS   ;762;0.2
310;24; DARDANELOS   ;762;0.2
310;25; DARDANELOS   ;762;0.2
310;26; DARDANELOS   ;762;0.2
310;27; DARDANELOS   ;762;0.2
310;28; DARDANELOS   ;762;0.2
310;29; DARDANELOS   ;762;0.2
310;30; DARDANELOS   ;762;0.2
310;31; DARDANELOS   ;762;0.2
310;32; DARDANELOS   ;762;0.2
310;33; DARDANELOS   ;762;0.2
310;34; DARDANELOS   ;762;0.2
310;35; DARDANELOS   ;762;0.2
310;36; DARDANELOS   ;762;0.2
310;37; DARDANELOS   ;762;0.2
310;38; DARDANELOS   ;762;0.2
310;39; DARDANELOS   ;762;0.2
310;40; DARDANELOS   ;762;0.2
310;41; DARDANELOS   ;762;0.2
310;42; DARDANELOS   ;762;0.2
310;43; DARDANELOS   ;762;0.2
310;44; DARDANELOS   ;762;0.2
310;45; DARDANELOS   ;762;0.2
310;46; DARDANELOS   ;762;0.2
310;47; DARDANELOS   ;762;0.2
310;48; DARDANELOS   ;762;0.2
310;49; DARDANELOS   ;740;0.2
310;50; DARDANELOS   ;740;0.2
310;51; DARDANELOS   ;740;0.2
310;52; DARDANELOS   ;740;0.2
310;53; DARDANELOS   ;740;0.2
310;54; DARDANELOS   ;719;0.2
310;55; DARDANELOS   ;719;0.2
310;56; DARDANELOS   ;719;0.2
310;57; DARDANELOS   ;719;0.2
310;58; DARDANELOS   ;719;0.2
310;59; DARDANELOS   ;699;0.2
310;60; DARDANELOS   ;699;0.2
310;61; DARDANELOS   ;699;0.2
310;62; DARDANELOS   ;699;0.2
310;63; DARDANELOS   ;699;0.2
310;64; DARDANELOS   ;679;0.2
310;65; DARDANELOS   ;679;0.2
311;1; CACU         ;226;0.4
311;2; CACU         ;226;0.4
311;3; CACU         ;226;0.4
311;4; CACU         ;226;0.4
311;5; CACU         ;226;0.4
311;6; CACU         ;226;0.4
311;7; CACU         ;226;0.4
311;8; CACU         ;226;0.4
311;9; CACU         ;226;0.4
311;10; CACU         ;226;0.4
311;11; CACU         ;226;0.4
311;12; CACU         ;226;0.4
311;13; CACU         ;226;0.4
311;14; CACU         ;226;0.4
311;15; CACU         ;226;0.4
311;16; CACU         ;226;0.4
311;17; CACU         ;226;0.4
311;18; CACU         ;226;0.4
311;19; CACU         ;226;0.4
311;20; CACU         ;226;0.4
311;21; CACU         ;226;0.4
311;22; CACU         ;226;0.4
311;23; CACU         ;226;0.4
311;24; CACU         ;226;0.4
311;25; CACU         ;226;0.4
311;26; CACU         ;226;0.4
311;27; CACU         ;226;0.4
311;28; CACU         ;226;0.4
311;29; CACU         ;226;0.4
311;30; CACU         ;226;0.4
311;31; CACU         ;226;0.4
311;32; CACU         ;226;0.4
311;33; CACU         ;226;0.4
311;34; CACU         ;226;0.4
311;35; CACU         ;226;0.4
311;36; CACU         ;226;0.4
311;37; CACU         ;226;0.4
311;38; CACU         ;226;0.4
311;39; CACU         ;226;0.4
311;40; CACU         ;226;0.4
311;41; CACU         ;226;0.4
311;42; CACU         ;226;0.4
311;43; CACU         ;226;0.4
311;44; CACU         ;226;0.4
311;45; CACU         ;226;0.4
311;46; CACU         ;226;0.4
311;47; CACU         ;226;0.4
311;48; CACU         ;226;0.4
311;49; CACU         ;212;0.4
311;50; CACU         ;212;0.4
311;51; CACU         ;212;0.4
311;52; CACU         ;212;0.4
311;53; CACU         ;212;0.4
311;54; CACU         ;201;0.4
311;55; CACU         ;201;0.4
311;56; CACU         ;201;0.4
311;57; CACU         ;201;0.4
311;58; CACU         ;201;0.4
311;59; CACU         ;192;0.4
311;60; CACU         ;192;0.4
311;61; CACU         ;192;0.4
311;62; CACU         ;192;0.4
311;63; CACU         ;192;0.4
311;64; CACU         ;184;0.4
311;65; CACU         ;184;0.4
312;1; B. COQUEIROS ;9;0
312;2; B. COQUEIROS ;9;0
312;3; B. COQUEIROS ;9;0
312;4; B. COQUEIROS ;9;0
312;5; B. COQUEIROS ;9;0
312;6; B. COQUEIROS ;9;0
312;7; B. COQUEIROS ;9;0
312;8; B. COQUEIROS ;9;0
312;9; B. COQUEIROS ;9;0
312;10; B. COQUEIROS ;9;0
312;11; B. COQUEIROS ;9;0
312;12; B. COQUEIROS ;9;0
312;13; B. COQUEIROS ;9;0
312;14; B. COQUEIROS ;9;0
312;15; B. COQUEIROS ;9;0
312;16; B. COQUEIROS ;9;0
312;17; B. COQUEIROS ;9;0
312;18; B. COQUEIROS ;9;0
312;19; B. COQUEIROS ;9;0
312;20; B. COQUEIROS ;9;0
312;21; B. COQUEIROS ;9;0
312;22; B. COQUEIROS ;9;0
312;23; B. COQUEIROS ;9;0
312;24; B. COQUEIROS ;9;0
312;25; B. COQUEIROS ;9;0
312;26; B. COQUEIROS ;9;0
312;27; B. COQUEIROS ;9;0
312;28; B. COQUEIROS ;9;0
312;29; B. COQUEIROS ;9;0
312;30; B. COQUEIROS ;9;0
312;31; B. COQUEIROS ;9;0
312;32; B. COQUEIROS ;9;0
312;33; B. COQUEIROS ;9;0
312;34; B. COQUEIROS ;9;0
312;35; B. COQUEIROS ;9;0
312;36; B. COQUEIROS ;9;0
312;37; B. COQUEIROS ;9;0
312;38; B. COQUEIROS ;9;0
312;39; B. COQUEIROS ;9;0
312;40; B. COQUEIROS ;9;0
312;41; B. COQUEIROS ;9;0
312;42; B. COQUEIROS ;9;0
312;43; B. COQUEIROS ;9;0
312;44; B. COQUEIROS ;9;0
312;45; B. COQUEIROS ;9;0
312;46; B. COQUEIROS ;9;0
312;47; B. COQUEIROS ;9;0
312;48; B. COQUEIROS ;9;0
312;49; B. COQUEIROS ;9;0
312;50; B. COQUEIROS ;9;0
312;51; B. COQUEIROS ;9;0
312;52; B. COQUEIROS ;9;0
312;53; B. COQUEIROS ;9;0
312;54; B. COQUEIROS ;8;0
312;55; B. COQUEIROS ;8;0
312;56; B. COQUEIROS ;8;0
312;57; B. COQUEIROS ;8;0
312;58; B. COQUEIROS ;8;0
312;59; B. COQUEIROS ;8;0
312;60; B. COQUEIROS ;8;0
312;61; B. COQUEIROS ;8;0
312;62; B. COQUEIROS ;8;0
312;63; B. COQUEIROS ;8;0
312;64; B. COQUEIROS ;8;0
312;65; B. COQUEIROS ;8;0
314;1; PIMENTAL     ;19013;7.5
314;2; PIMENTAL     ;19013;7.5
314;3; PIMENTAL     ;19013;7.5
314;4; PIMENTAL     ;19013;7.5
314;5; PIMENTAL     ;19013;7.5
314;6; PIMENTAL     ;19013;7.5
314;7; PIMENTAL     ;19013;7.5
314;8; PIMENTAL     ;19013;7.5
314;9; PIMENTAL     ;19013;7.5
314;10; PIMENTAL     ;19013;7.5
314;11; PIMENTAL     ;19013;7.5
314;12; PIMENTAL     ;19013;7.5
314;13; PIMENTAL     ;19013;7.5
314;14; PIMENTAL     ;19013;7.5
314;15; PIMENTAL     ;19013;7.5
314;16; PIMENTAL     ;19013;7.5
314;17; PIMENTAL     ;19013;7.5
314;18; PIMENTAL     ;19013;7.5
314;19; PIMENTAL     ;19013;7.5
314;20; PIMENTAL     ;19013;7.5
314;21; PIMENTAL     ;19013;7.5
314;22; PIMENTAL     ;19013;7.5
314;23; PIMENTAL     ;19013;7.5
314;24; PIMENTAL     ;19013;7.5
314;25; PIMENTAL     ;19013;7.5
314;26; PIMENTAL     ;19013;7.5
314;27; PIMENTAL     ;19013;7.5
314;28; PIMENTAL     ;19013;7.5
314;29; PIMENTAL     ;19013;7.5
314;30; PIMENTAL     ;19013;7.5
314;31; PIMENTAL     ;19013;7.5
314;32; PIMENTAL     ;19013;7.5
314;33; PIMENTAL     ;19013;7.5
314;34; PIMENTAL     ;19013;7.5
314;35; PIMENTAL     ;19013;7.5
314;36; PIMENTAL     ;19013;7.5
314;37; PIMENTAL     ;19013;7.5
314;38; PIMENTAL     ;19013;7.5
314;39; PIMENTAL     ;19013;7.5
314;40; PIMENTAL     ;19013;7.5
314;41; PIMENTAL     ;19013;7.5
314;42; PIMENTAL     ;19013;7.5
314;43; PIMENTAL     ;19013;7.5
314;44; PIMENTAL     ;19013;7.5
314;45; PIMENTAL     ;19013;7.5
314;46; PIMENTAL     ;19013;7.5
314;47; PIMENTAL     ;19013;7.5
314;48; PIMENTAL     ;19013;7.5
314;49; PIMENTAL     ;18916;7.5
314;50; PIMENTAL     ;18916;7.5
314;51; PIMENTAL     ;18916;7.5
314;52; PIMENTAL     ;18916;7.5
314;53; PIMENTAL     ;18916;7.5
314;54; PIMENTAL     ;18830;7.5
314;55; PIMENTAL     ;18830;7.5
314;56; PIMENTAL     ;18830;7.5
314;57; PIMENTAL     ;18830;7.5
314;58; PIMENTAL     ;18830;7.5
314;59; PIMENTAL     ;18771;7.5
314;60; PIMENTAL     ;18771;7.5
314;61; PIMENTAL     ;18771;7.5
314;62; PIMENTAL     ;18771;7.5
314;63; PIMENTAL     ;18771;7.5
314;64; PIMENTAL     ;18731;7.5
314;65; PIMENTAL     ;18731;7.5
315;1; FOZ R. CLARO ;17;0.1
315;2; FOZ R. CLARO ;17;0.1
315;3; FOZ R. CLARO ;17;0.1
315;4; FOZ R. CLARO ;17;0.1
315;5; FOZ R. CLARO ;17;0.1
315;6; FOZ R. CLARO ;17;0.1
315;7; FOZ R. CLARO ;17;0.1
315;8; FOZ R. CLARO ;17;0.1
315;9; FOZ R. CLARO ;17;0.1
315;10; FOZ R. CLARO ;17;0.1
315;11; FOZ R. CLARO ;17;0.1
315;12; FOZ R. CLARO ;17;0.1
315;13; FOZ R. CLARO ;17;0.1
315;14; FOZ R. CLARO ;17;0.1
315;15; FOZ R. CLARO ;17;0.1
315;16; FOZ R. CLARO ;17;0.1
315;17; FOZ R. CLARO ;17;0.1
315;18; FOZ R. CLARO ;17;0.1
315;19; FOZ R. CLARO ;17;0.1
315;20; FOZ R. CLARO ;17;0.1
315;21; FOZ R. CLARO ;17;0.1
315;22; FOZ R. CLARO ;17;0.1
315;23; FOZ R. CLARO ;17;0.1
315;24; FOZ R. CLARO ;17;0.1
315;25; FOZ R. CLARO ;17;0.1
315;26; FOZ R. CLARO ;17;0.1
315;27; FOZ R. CLARO ;17;0.1
315;28; FOZ R. CLARO ;17;0.1
315;29; FOZ R. CLARO ;17;0.1
315;30; FOZ R. CLARO ;17;0.1
315;31; FOZ R. CLARO ;17;0.1
315;32; FOZ R. CLARO ;17;0.1
315;33; FOZ R. CLARO ;17;0.1
315;34; FOZ R. CLARO ;17;0.1
315;35; FOZ R. CLARO ;17;0.1
315;36; FOZ R. CLARO ;17;0.1
315;37; FOZ R. CLARO ;17;0.1
315;38; FOZ R. CLARO ;17;0.1
315;39; FOZ R. CLARO ;17;0.1
315;40; FOZ R. CLARO ;17;0.1
315;41; FOZ R. CLARO ;17;0.1
315;42; FOZ R. CLARO ;17;0.1
315;43; FOZ R. CLARO ;17;0.1
315;44; FOZ R. CLARO ;17;0.1
315;45; FOZ R. CLARO ;17;0.1
315;46; FOZ R. CLARO ;17;0.1
315;47; FOZ R. CLARO ;17;0.1
315;48; FOZ R. CLARO ;17;0.1
315;49; FOZ R. CLARO ;16;0.1
315;50; FOZ R. CLARO ;16;0.1
315;51; FOZ R. CLARO ;16;0.1
315;52; FOZ R. CLARO ;16;0.1
315;53; FOZ R. CLARO ;16;0.1
315;54; FOZ R. CLARO ;16;0.1
315;55; FOZ R. CLARO ;16;0.1
315;56; FOZ R. CLARO ;16;0.1
315;57; FOZ R. CLARO ;16;0.1
315;58; FOZ R. CLARO ;16;0.1
315;59; FOZ R. CLARO ;15;0.1
315;60; FOZ R. CLARO ;15;0.1
315;61; FOZ R. CLARO ;15;0.1
315;62; FOZ R. CLARO ;15;0.1
315;63; FOZ R. CLARO ;15;0.1
315;64; FOZ R. CLARO ;14;0.1
315;65; FOZ R. CLARO ;14;0.1
