CodigoUTE;NomeUTE;Unidade;Traj;Passo; Ipasso
1; ANGRA 1      ;1; A ;122;1
1; ANGRA 1      ;1; A ;212;2
1; ANGRA 1      ;1; A ;302;3
1; ANGRA 1      ;1; A ;392;4
1; ANGRA 1      ;1; A ;460;5
1; ANGRA 1      ;1; D ;460;1
1; ANGRA 1      ;1; D ;392;2
1; ANGRA 1      ;1; D ;302;3
1; ANGRA 1      ;1; D ;212;4
1; ANGRA 1      ;1; D ;122;5
1; ANGRA 1      ;1; D ;0;6
4; ST.CRUZ 34   ;3; A ;1;1
4; ST.CRUZ 34   ;3; D ;0;1
4; ST.CRUZ 34   ;4; A ;1;1
4; ST.CRUZ 34   ;4; D ;0;1
12; CUIABA G CC  ;1; A ;0;1
12; CUIABA G CC  ;1; A ;0;2
12; CUIABA G CC  ;1; A ;0;3
12; CUIABA G CC  ;1; A ;0;4
12; CUIABA G CC  ;1; A ;0;5
12; CUIABA G CC  ;1; A ;0;6
12; CUIABA G CC  ;1; A ;0;7
12; CUIABA G CC  ;1; A ;0;8
12; CUIABA G CC  ;1; A ;0;9
12; CUIABA G CC  ;1; A ;0;10
12; CUIABA G CC  ;1; A ;0;11
12; CUIABA G CC  ;1; A ;0;12
12; CUIABA G CC  ;1; A ;0;13
12; CUIABA G CC  ;1; A ;0;14
12; CUIABA G CC  ;1; A ;0;15
12; CUIABA G CC  ;1; A ;0;16
12; CUIABA G CC  ;1; A ;0;17
12; CUIABA G CC  ;1; A ;0;18
12; CUIABA G CC  ;1; A ;0;19
12; CUIABA G CC  ;1; A ;0;20
12; CUIABA G CC  ;1; A ;0;21
12; CUIABA G CC  ;1; A ;0;22
12; CUIABA G CC  ;1; A ;0;23
12; CUIABA G CC  ;1; A ;0;24
12; CUIABA G CC  ;1; A ;0;25
12; CUIABA G CC  ;1; A ;0;26
12; CUIABA G CC  ;1; A ;0;27
12; CUIABA G CC  ;1; A ;0;28
12; CUIABA G CC  ;1; A ;0;29
12; CUIABA G CC  ;1; A ;0;30
12; CUIABA G CC  ;1; A ;0;31
12; CUIABA G CC  ;1; A ;0;32
12; CUIABA G CC  ;1; A ;0;33
12; CUIABA G CC  ;1; A ;0;34
12; CUIABA G CC  ;1; A ;0;35
12; CUIABA G CC  ;1; A ;0;36
12; CUIABA G CC  ;1; A ;0;37
12; CUIABA G CC  ;1; A ;0;38
12; CUIABA G CC  ;1; A ;0;39
12; CUIABA G CC  ;1; A ;0;40
12; CUIABA G CC  ;1; A ;0;41
12; CUIABA G CC  ;1; A ;0;42
12; CUIABA G CC  ;1; A ;0;43
12; CUIABA G CC  ;1; A ;0;44
12; CUIABA G CC  ;1; A ;0;45
12; CUIABA G CC  ;1; A ;0;46
12; CUIABA G CC  ;1; A ;0;47
12; CUIABA G CC  ;1; A ;0;48
12; CUIABA G CC  ;1; A ;30;49
12; CUIABA G CC  ;1; A ;80;50
12; CUIABA G CC  ;1; A ;100;51
12; CUIABA G CC  ;1; A ;100;52
12; CUIABA G CC  ;1; A ;100;53
12; CUIABA G CC  ;1; A ;100;54
12; CUIABA G CC  ;1; A ;100;55
12; CUIABA G CC  ;1; A ;100;56
12; CUIABA G CC  ;1; A ;100;57
12; CUIABA G CC  ;1; A ;100;58
12; CUIABA G CC  ;1; A ;100;59
12; CUIABA G CC  ;1; A ;100;60
12; CUIABA G CC  ;1; A ;120;61
12; CUIABA G CC  ;1; A ;145;62
12; CUIABA G CC  ;1; D ;55;1
12; CUIABA G CC  ;1; D ;0;2
12; CUIABA G CC  ;2; A ;0;1
12; CUIABA G CC  ;2; A ;0;2
12; CUIABA G CC  ;2; A ;0;3
12; CUIABA G CC  ;2; A ;0;4
12; CUIABA G CC  ;2; A ;0;5
12; CUIABA G CC  ;2; A ;0;6
12; CUIABA G CC  ;2; A ;0;7
12; CUIABA G CC  ;2; A ;0;8
12; CUIABA G CC  ;2; A ;0;9
12; CUIABA G CC  ;2; A ;0;10
12; CUIABA G CC  ;2; A ;0;11
12; CUIABA G CC  ;2; A ;0;12
12; CUIABA G CC  ;2; A ;0;13
12; CUIABA G CC  ;2; A ;0;14
12; CUIABA G CC  ;2; A ;0;15
12; CUIABA G CC  ;2; A ;0;16
12; CUIABA G CC  ;2; A ;0;17
12; CUIABA G CC  ;2; A ;0;18
12; CUIABA G CC  ;2; A ;0;19
12; CUIABA G CC  ;2; A ;0;20
12; CUIABA G CC  ;2; A ;0;21
12; CUIABA G CC  ;2; A ;0;22
12; CUIABA G CC  ;2; A ;0;23
12; CUIABA G CC  ;2; A ;0;24
12; CUIABA G CC  ;2; A ;0;25
12; CUIABA G CC  ;2; A ;0;26
12; CUIABA G CC  ;2; A ;0;27
12; CUIABA G CC  ;2; A ;0;28
12; CUIABA G CC  ;2; A ;0;29
12; CUIABA G CC  ;2; A ;0;30
12; CUIABA G CC  ;2; A ;0;31
12; CUIABA G CC  ;2; A ;0;32
12; CUIABA G CC  ;2; A ;0;33
12; CUIABA G CC  ;2; A ;0;34
12; CUIABA G CC  ;2; A ;0;35
12; CUIABA G CC  ;2; A ;0;36
12; CUIABA G CC  ;2; A ;0;37
12; CUIABA G CC  ;2; A ;0;38
12; CUIABA G CC  ;2; A ;0;39
12; CUIABA G CC  ;2; A ;0;40
12; CUIABA G CC  ;2; A ;0;41
12; CUIABA G CC  ;2; A ;0;42
12; CUIABA G CC  ;2; A ;0;43
12; CUIABA G CC  ;2; A ;0;44
12; CUIABA G CC  ;2; A ;0;45
12; CUIABA G CC  ;2; A ;0;46
12; CUIABA G CC  ;2; A ;0;47
12; CUIABA G CC  ;2; A ;0;48
12; CUIABA G CC  ;2; A ;30;49
12; CUIABA G CC  ;2; A ;80;50
12; CUIABA G CC  ;2; A ;100;51
12; CUIABA G CC  ;2; A ;100;52
12; CUIABA G CC  ;2; A ;100;53
12; CUIABA G CC  ;2; A ;100;54
12; CUIABA G CC  ;2; A ;100;55
12; CUIABA G CC  ;2; A ;100;56
12; CUIABA G CC  ;2; A ;100;57
12; CUIABA G CC  ;2; A ;100;58
12; CUIABA G CC  ;2; A ;100;59
12; CUIABA G CC  ;2; A ;100;60
12; CUIABA G CC  ;2; A ;120;61
12; CUIABA G CC  ;2; A ;145;62
12; CUIABA G CC  ;2; D ;55;1
12; CUIABA G CC  ;2; D ;0;2
12; CUIABA G CC  ;3; A ;0;1
12; CUIABA G CC  ;3; A ;0;2
12; CUIABA G CC  ;3; A ;0;3
12; CUIABA G CC  ;3; A ;0;4
12; CUIABA G CC  ;3; A ;0;5
12; CUIABA G CC  ;3; A ;0;6
12; CUIABA G CC  ;3; A ;0;7
12; CUIABA G CC  ;3; A ;0;8
12; CUIABA G CC  ;3; A ;0;9
12; CUIABA G CC  ;3; A ;0;10
12; CUIABA G CC  ;3; A ;0;11
12; CUIABA G CC  ;3; A ;0;12
12; CUIABA G CC  ;3; A ;0;13
12; CUIABA G CC  ;3; A ;0;14
12; CUIABA G CC  ;3; A ;0;15
12; CUIABA G CC  ;3; A ;0;16
12; CUIABA G CC  ;3; A ;0;17
12; CUIABA G CC  ;3; A ;0;18
12; CUIABA G CC  ;3; A ;0;19
12; CUIABA G CC  ;3; A ;0;20
12; CUIABA G CC  ;3; A ;0;21
12; CUIABA G CC  ;3; A ;0;22
12; CUIABA G CC  ;3; A ;0;23
12; CUIABA G CC  ;3; A ;0;24
12; CUIABA G CC  ;3; A ;0;25
12; CUIABA G CC  ;3; A ;0;26
12; CUIABA G CC  ;3; A ;0;27
12; CUIABA G CC  ;3; A ;0;28
12; CUIABA G CC  ;3; A ;0;29
12; CUIABA G CC  ;3; A ;0;30
12; CUIABA G CC  ;3; A ;0;31
12; CUIABA G CC  ;3; A ;0;32
12; CUIABA G CC  ;3; A ;0;33
12; CUIABA G CC  ;3; A ;0;34
12; CUIABA G CC  ;3; A ;0;35
12; CUIABA G CC  ;3; A ;0;36
12; CUIABA G CC  ;3; A ;0;37
12; CUIABA G CC  ;3; A ;0;38
12; CUIABA G CC  ;3; A ;0;39
12; CUIABA G CC  ;3; A ;0;40
12; CUIABA G CC  ;3; A ;0;41
12; CUIABA G CC  ;3; A ;0;42
12; CUIABA G CC  ;3; A ;0;43
12; CUIABA G CC  ;3; A ;0;44
12; CUIABA G CC  ;3; A ;0;45
12; CUIABA G CC  ;3; A ;0;46
12; CUIABA G CC  ;3; A ;0;47
12; CUIABA G CC  ;3; A ;0;48
12; CUIABA G CC  ;3; A ;30;49
12; CUIABA G CC  ;3; A ;80;50
12; CUIABA G CC  ;3; A ;100;51
12; CUIABA G CC  ;3; A ;100;52
12; CUIABA G CC  ;3; A ;100;53
12; CUIABA G CC  ;3; A ;100;54
12; CUIABA G CC  ;3; A ;100;55
12; CUIABA G CC  ;3; A ;100;56
12; CUIABA G CC  ;3; A ;100;57
12; CUIABA G CC  ;3; A ;100;58
12; CUIABA G CC  ;3; A ;100;59
12; CUIABA G CC  ;3; A ;100;60
12; CUIABA G CC  ;3; A ;120;61
12; CUIABA G CC  ;3; A ;145;62
12; CUIABA G CC  ;3; A ;145;63
12; CUIABA G CC  ;3; A ;145;64
12; CUIABA G CC  ;3; A ;175;65
12; CUIABA G CC  ;3; A ;225;66
12; CUIABA G CC  ;3; A ;245;67
12; CUIABA G CC  ;3; A ;245;68
12; CUIABA G CC  ;3; A ;245;69
12; CUIABA G CC  ;3; A ;245;70
12; CUIABA G CC  ;3; A ;265;71
12; CUIABA G CC  ;3; A ;310;72
12; CUIABA G CC  ;3; D ;245;1
12; CUIABA G CC  ;3; D ;200;2
12; CUIABA G CC  ;3; D ;125;3
12; CUIABA G CC  ;3; D ;15;4
12; CUIABA G CC  ;3; D ;0;5
13; ANGRA 2      ;1; A ;300;1
13; ANGRA 2      ;1; A ;400;2
13; ANGRA 2      ;1; A ;400;3
13; ANGRA 2      ;1; A ;400;4
13; ANGRA 2      ;1; A ;400;5
13; ANGRA 2      ;1; A ;400;6
13; ANGRA 2      ;1; A ;603;7
13; ANGRA 2      ;1; A ;864;8
13; ANGRA 2      ;1; A ;864;9
13; ANGRA 2      ;1; A ;864;10
13; ANGRA 2      ;1; A ;1080;11
13; ANGRA 2      ;1; D ;864;1
13; ANGRA 2      ;1; D ;603;2
13; ANGRA 2      ;1; D ;400;3
13; ANGRA 2      ;1; D ;400;4
13; ANGRA 2      ;1; D ;400;5
13; ANGRA 2      ;1; D ;400;6
13; ANGRA 2      ;1; D ;400;7
13; ANGRA 2      ;1; D ;400;8
13; ANGRA 2      ;1; D ;400;9
13; ANGRA 2      ;1; D ;300;10
13; ANGRA 2      ;1; D ;0;11
15; LINHARES     ;1; A ;8.5;1
15; LINHARES     ;1; A ;17;2
15; LINHARES     ;1; A ;25;3
15; LINHARES     ;1; D ;25;1
15; LINHARES     ;1; D ;12.5;2
15; LINHARES     ;1; D ;0;3
15; LINHARES     ;2; A ;8.5;1
15; LINHARES     ;2; A ;17;2
15; LINHARES     ;2; A ;25;3
15; LINHARES     ;2; D ;25;1
15; LINHARES     ;2; D ;12.5;2
15; LINHARES     ;2; D ;0;3
15; LINHARES     ;3; A ;8.5;1
15; LINHARES     ;3; A ;17;2
15; LINHARES     ;3; A ;25;3
15; LINHARES     ;3; D ;25;1
15; LINHARES     ;3; D ;12.5;2
15; LINHARES     ;3; D ;0;3
15; LINHARES     ;4; A ;8.5;1
15; LINHARES     ;4; A ;17;2
15; LINHARES     ;4; A ;25;3
15; LINHARES     ;4; D ;25;1
15; LINHARES     ;4; D ;12.5;2
15; LINHARES     ;4; D ;0;3
15; LINHARES     ;5; A ;8.3;1
15; LINHARES     ;5; A ;22.85;2
15; LINHARES     ;5; A ;32;3
15; LINHARES     ;5; D ;5.33;1
15; LINHARES     ;5; D ;0;2
21; MARANHAO V   ;1; A ;100;1
21; MARANHAO V   ;1; A ;200;2
21; MARANHAO V   ;1; D ;0;1
24; J.LACERDA C  ;7; A ;0;1
24; J.LACERDA C  ;7; A ;0;2
24; J.LACERDA C  ;7; A ;0;3
24; J.LACERDA C  ;7; A ;0;4
24; J.LACERDA C  ;7; A ;0;5
24; J.LACERDA C  ;7; A ;0;6
24; J.LACERDA C  ;7; A ;0;7
24; J.LACERDA C  ;7; A ;0;8
24; J.LACERDA C  ;7; A ;0;9
24; J.LACERDA C  ;7; A ;0;10
24; J.LACERDA C  ;7; A ;0;11
24; J.LACERDA C  ;7; A ;0;12
24; J.LACERDA C  ;7; A ;0;13
24; J.LACERDA C  ;7; A ;0;14
24; J.LACERDA C  ;7; A ;0;15
24; J.LACERDA C  ;7; A ;0;16
24; J.LACERDA C  ;7; A ;0;17
24; J.LACERDA C  ;7; A ;0;18
24; J.LACERDA C  ;7; A ;0;19
24; J.LACERDA C  ;7; A ;0;20
24; J.LACERDA C  ;7; A ;23;21
24; J.LACERDA C  ;7; A ;45;22
24; J.LACERDA C  ;7; A ;68;23
24; J.LACERDA C  ;7; A ;90;24
24; J.LACERDA C  ;7; A ;113;25
24; J.LACERDA C  ;7; A ;135;26
24; J.LACERDA C  ;7; A ;158;27
24; J.LACERDA C  ;7; A ;180;28
24; J.LACERDA C  ;7; A ;180;29
24; J.LACERDA C  ;7; D ;120;1
24; J.LACERDA C  ;7; D ;60;2
24; J.LACERDA C  ;7; D ;0;3
25; J.LACERDA B  ;5; A ;0;1
25; J.LACERDA B  ;5; A ;0;2
25; J.LACERDA B  ;5; A ;0;3
25; J.LACERDA B  ;5; A ;0;4
25; J.LACERDA B  ;5; A ;0;5
25; J.LACERDA B  ;5; A ;0;6
25; J.LACERDA B  ;5; A ;0;7
25; J.LACERDA B  ;5; A ;0;8
25; J.LACERDA B  ;5; A ;0;9
25; J.LACERDA B  ;5; A ;0;10
25; J.LACERDA B  ;5; A ;0;11
25; J.LACERDA B  ;5; A ;0;12
25; J.LACERDA B  ;5; A ;0;13
25; J.LACERDA B  ;5; A ;0;14
25; J.LACERDA B  ;5; A ;0;15
25; J.LACERDA B  ;5; A ;0;16
25; J.LACERDA B  ;5; A ;0;17
25; J.LACERDA B  ;5; A ;0;18
25; J.LACERDA B  ;5; A ;0;19
25; J.LACERDA B  ;5; A ;0;20
25; J.LACERDA B  ;5; A ;18;21
25; J.LACERDA B  ;5; A ;36;22
25; J.LACERDA B  ;5; A ;54;23
25; J.LACERDA B  ;5; A ;72;24
25; J.LACERDA B  ;5; A ;80;25
25; J.LACERDA B  ;5; D ;50;1
25; J.LACERDA B  ;5; D ;0;2
25; J.LACERDA B  ;6; A ;0;1
25; J.LACERDA B  ;6; A ;0;2
25; J.LACERDA B  ;6; A ;0;3
25; J.LACERDA B  ;6; A ;0;4
25; J.LACERDA B  ;6; A ;0;5
25; J.LACERDA B  ;6; A ;0;6
25; J.LACERDA B  ;6; A ;0;7
25; J.LACERDA B  ;6; A ;0;8
25; J.LACERDA B  ;6; A ;0;9
25; J.LACERDA B  ;6; A ;0;10
25; J.LACERDA B  ;6; A ;0;11
25; J.LACERDA B  ;6; A ;0;12
25; J.LACERDA B  ;6; A ;0;13
25; J.LACERDA B  ;6; A ;0;14
25; J.LACERDA B  ;6; A ;0;15
25; J.LACERDA B  ;6; A ;0;16
25; J.LACERDA B  ;6; A ;0;17
25; J.LACERDA B  ;6; A ;0;18
25; J.LACERDA B  ;6; A ;0;19
25; J.LACERDA B  ;6; A ;0;20
25; J.LACERDA B  ;6; A ;18;21
25; J.LACERDA B  ;6; A ;36;22
25; J.LACERDA B  ;6; A ;54;23
25; J.LACERDA B  ;6; A ;72;24
25; J.LACERDA B  ;6; A ;80;25
25; J.LACERDA B  ;6; D ;50;1
25; J.LACERDA B  ;6; D ;0;2
26; J.LACERDA A1 ;1; A ;0;1
26; J.LACERDA A1 ;1; A ;0;2
26; J.LACERDA A1 ;1; A ;0;3
26; J.LACERDA A1 ;1; A ;0;4
26; J.LACERDA A1 ;1; A ;0;5
26; J.LACERDA A1 ;1; A ;0;6
26; J.LACERDA A1 ;1; A ;0;7
26; J.LACERDA A1 ;1; A ;0;8
26; J.LACERDA A1 ;1; A ;0;9
26; J.LACERDA A1 ;1; A ;0;10
26; J.LACERDA A1 ;1; A ;0;11
26; J.LACERDA A1 ;1; A ;0;12
26; J.LACERDA A1 ;1; A ;0;13
26; J.LACERDA A1 ;1; A ;0;14
26; J.LACERDA A1 ;1; A ;0;15
26; J.LACERDA A1 ;1; A ;0;16
26; J.LACERDA A1 ;1; A ;0;17
26; J.LACERDA A1 ;1; A ;0;18
26; J.LACERDA A1 ;1; A ;0;19
26; J.LACERDA A1 ;1; A ;0;20
26; J.LACERDA A1 ;1; A ;0;21
26; J.LACERDA A1 ;1; A ;0;22
26; J.LACERDA A1 ;1; A ;0;23
26; J.LACERDA A1 ;1; A ;0;24
26; J.LACERDA A1 ;1; A ;0;25
26; J.LACERDA A1 ;1; A ;6;26
26; J.LACERDA A1 ;1; A ;10;27
26; J.LACERDA A1 ;1; A ;18;28
26; J.LACERDA A1 ;1; A ;25;29
26; J.LACERDA A1 ;1; A ;25;30
26; J.LACERDA A1 ;1; A ;25;31
26; J.LACERDA A1 ;1; A ;25;32
26; J.LACERDA A1 ;1; A ;25;33
26; J.LACERDA A1 ;1; A ;35;34
26; J.LACERDA A1 ;1; D ;20;1
26; J.LACERDA A1 ;1; D ;0;2
26; J.LACERDA A1 ;2; A ;0;1
26; J.LACERDA A1 ;2; A ;0;2
26; J.LACERDA A1 ;2; A ;0;3
26; J.LACERDA A1 ;2; A ;0;4
26; J.LACERDA A1 ;2; A ;0;5
26; J.LACERDA A1 ;2; A ;0;6
26; J.LACERDA A1 ;2; A ;0;7
26; J.LACERDA A1 ;2; A ;0;8
26; J.LACERDA A1 ;2; A ;0;9
26; J.LACERDA A1 ;2; A ;0;10
26; J.LACERDA A1 ;2; A ;0;11
26; J.LACERDA A1 ;2; A ;0;12
26; J.LACERDA A1 ;2; A ;0;13
26; J.LACERDA A1 ;2; A ;0;14
26; J.LACERDA A1 ;2; A ;0;15
26; J.LACERDA A1 ;2; A ;0;16
26; J.LACERDA A1 ;2; A ;0;17
26; J.LACERDA A1 ;2; A ;0;18
26; J.LACERDA A1 ;2; A ;0;19
26; J.LACERDA A1 ;2; A ;0;20
26; J.LACERDA A1 ;2; A ;0;21
26; J.LACERDA A1 ;2; A ;0;22
26; J.LACERDA A1 ;2; A ;0;23
26; J.LACERDA A1 ;2; A ;0;24
26; J.LACERDA A1 ;2; A ;0;25
26; J.LACERDA A1 ;2; A ;6;26
26; J.LACERDA A1 ;2; A ;10;27
26; J.LACERDA A1 ;2; A ;18;28
26; J.LACERDA A1 ;2; A ;25;29
26; J.LACERDA A1 ;2; A ;25;30
26; J.LACERDA A1 ;2; A ;25;31
26; J.LACERDA A1 ;2; A ;25;32
26; J.LACERDA A1 ;2; A ;25;33
26; J.LACERDA A1 ;2; A ;35;34
26; J.LACERDA A1 ;2; D ;20;1
26; J.LACERDA A1 ;2; D ;0;2
27; J.LACERDA A2 ;3; A ;0;1
27; J.LACERDA A2 ;3; A ;0;2
27; J.LACERDA A2 ;3; A ;0;3
27; J.LACERDA A2 ;3; A ;0;4
27; J.LACERDA A2 ;3; A ;0;5
27; J.LACERDA A2 ;3; A ;0;6
27; J.LACERDA A2 ;3; A ;0;7
27; J.LACERDA A2 ;3; A ;0;8
27; J.LACERDA A2 ;3; A ;0;9
27; J.LACERDA A2 ;3; A ;0;10
27; J.LACERDA A2 ;3; A ;0;11
27; J.LACERDA A2 ;3; A ;0;12
27; J.LACERDA A2 ;3; A ;0;13
27; J.LACERDA A2 ;3; A ;0;14
27; J.LACERDA A2 ;3; A ;0;15
27; J.LACERDA A2 ;3; A ;0;16
27; J.LACERDA A2 ;3; A ;0;17
27; J.LACERDA A2 ;3; A ;0;18
27; J.LACERDA A2 ;3; A ;0;19
27; J.LACERDA A2 ;3; A ;0;20
27; J.LACERDA A2 ;3; A ;0;21
27; J.LACERDA A2 ;3; A ;0;22
27; J.LACERDA A2 ;3; A ;0;23
27; J.LACERDA A2 ;3; A ;0;24
27; J.LACERDA A2 ;3; A ;0;25
27; J.LACERDA A2 ;3; A ;3;26
27; J.LACERDA A2 ;3; A ;10;27
27; J.LACERDA A2 ;3; A ;15;28
27; J.LACERDA A2 ;3; A ;24;29
27; J.LACERDA A2 ;3; A ;24;30
27; J.LACERDA A2 ;3; A ;33;31
27; J.LACERDA A2 ;3; A ;35;32
27; J.LACERDA A2 ;3; A ;35;33
27; J.LACERDA A2 ;3; A ;35;34
27; J.LACERDA A2 ;3; A ;35;35
27; J.LACERDA A2 ;3; D ;17;1
27; J.LACERDA A2 ;3; D ;0;2
27; J.LACERDA A2 ;4; A ;0;1
27; J.LACERDA A2 ;4; A ;0;2
27; J.LACERDA A2 ;4; A ;0;3
27; J.LACERDA A2 ;4; A ;0;4
27; J.LACERDA A2 ;4; A ;0;5
27; J.LACERDA A2 ;4; A ;0;6
27; J.LACERDA A2 ;4; A ;0;7
27; J.LACERDA A2 ;4; A ;0;8
27; J.LACERDA A2 ;4; A ;0;9
27; J.LACERDA A2 ;4; A ;0;10
27; J.LACERDA A2 ;4; A ;0;11
27; J.LACERDA A2 ;4; A ;0;12
27; J.LACERDA A2 ;4; A ;0;13
27; J.LACERDA A2 ;4; A ;0;14
27; J.LACERDA A2 ;4; A ;0;15
27; J.LACERDA A2 ;4; A ;0;16
27; J.LACERDA A2 ;4; A ;0;17
27; J.LACERDA A2 ;4; A ;0;18
27; J.LACERDA A2 ;4; A ;0;19
27; J.LACERDA A2 ;4; A ;0;20
27; J.LACERDA A2 ;4; A ;0;21
27; J.LACERDA A2 ;4; A ;0;22
27; J.LACERDA A2 ;4; A ;0;23
27; J.LACERDA A2 ;4; A ;0;24
27; J.LACERDA A2 ;4; A ;0;25
27; J.LACERDA A2 ;4; A ;3;26
27; J.LACERDA A2 ;4; A ;10;27
27; J.LACERDA A2 ;4; A ;15;28
27; J.LACERDA A2 ;4; A ;24;29
27; J.LACERDA A2 ;4; A ;24;30
27; J.LACERDA A2 ;4; A ;33;31
27; J.LACERDA A2 ;4; A ;35;32
27; J.LACERDA A2 ;4; A ;35;33
27; J.LACERDA A2 ;4; A ;35;34
27; J.LACERDA A2 ;4; A ;35;35
27; J.LACERDA A2 ;4; D ;17;1
27; J.LACERDA A2 ;4; D ;0;2
35; URUGUAIANA   ;1; A ;120;1
35; URUGUAIANA   ;1; D ;0;1
35; URUGUAIANA   ;2; A ;120;1
35; URUGUAIANA   ;2; D ;0;1
36; MARANHAO IV  ;1; A ;100;1
36; MARANHAO IV  ;1; A ;200;2
36; MARANHAO IV  ;1; D ;0;1
43; TERMOBAHIA   ;1; A ;0;1
43; TERMOBAHIA   ;1; A ;0;2
43; TERMOBAHIA   ;1; A ;0;3
43; TERMOBAHIA   ;1; A ;0;4
43; TERMOBAHIA   ;1; A ;0;5
43; TERMOBAHIA   ;1; A ;0;6
43; TERMOBAHIA   ;1; A ;0;7
43; TERMOBAHIA   ;1; A ;0;8
43; TERMOBAHIA   ;1; A ;0;9
43; TERMOBAHIA   ;1; A ;0;10
43; TERMOBAHIA   ;1; A ;0;11
43; TERMOBAHIA   ;1; A ;0;12
43; TERMOBAHIA   ;1; A ;0;13
43; TERMOBAHIA   ;1; A ;0;14
43; TERMOBAHIA   ;1; A ;0;15
43; TERMOBAHIA   ;1; A ;0;16
43; TERMOBAHIA   ;1; A ;0;17
43; TERMOBAHIA   ;1; A ;0;18
43; TERMOBAHIA   ;1; A ;0;19
43; TERMOBAHIA   ;1; A ;0;20
43; TERMOBAHIA   ;1; A ;0;21
43; TERMOBAHIA   ;1; A ;0;22
43; TERMOBAHIA   ;1; A ;0;23
43; TERMOBAHIA   ;1; A ;0;24
43; TERMOBAHIA   ;1; A ;0;25
43; TERMOBAHIA   ;1; A ;0;26
43; TERMOBAHIA   ;1; A ;0;27
43; TERMOBAHIA   ;1; A ;0;28
43; TERMOBAHIA   ;1; A ;0;29
43; TERMOBAHIA   ;1; A ;0;30
43; TERMOBAHIA   ;1; A ;0;31
43; TERMOBAHIA   ;1; A ;0;32
43; TERMOBAHIA   ;1; A ;0;33
43; TERMOBAHIA   ;1; A ;0;34
43; TERMOBAHIA   ;1; A ;0;35
43; TERMOBAHIA   ;1; A ;0;36
43; TERMOBAHIA   ;1; A ;0;37
43; TERMOBAHIA   ;1; A ;0;38
43; TERMOBAHIA   ;1; A ;0;39
43; TERMOBAHIA   ;1; A ;0;40
43; TERMOBAHIA   ;1; A ;0;41
43; TERMOBAHIA   ;1; A ;0;42
43; TERMOBAHIA   ;1; A ;0;43
43; TERMOBAHIA   ;1; A ;0;44
43; TERMOBAHIA   ;1; A ;0;45
43; TERMOBAHIA   ;1; A ;0;46
43; TERMOBAHIA   ;1; A ;0;47
43; TERMOBAHIA   ;1; A ;0;48
43; TERMOBAHIA   ;1; A ;0;49
43; TERMOBAHIA   ;1; A ;0;50
43; TERMOBAHIA   ;1; A ;0;51
43; TERMOBAHIA   ;1; A ;0;52
43; TERMOBAHIA   ;1; A ;0;53
43; TERMOBAHIA   ;1; A ;0;54
43; TERMOBAHIA   ;1; A ;0;55
43; TERMOBAHIA   ;1; A ;0;56
43; TERMOBAHIA   ;1; A ;0;57
43; TERMOBAHIA   ;1; A ;0;58
43; TERMOBAHIA   ;1; A ;0;59
43; TERMOBAHIA   ;1; A ;0;60
43; TERMOBAHIA   ;1; A ;0;61
43; TERMOBAHIA   ;1; A ;0;62
43; TERMOBAHIA   ;1; A ;0;63
43; TERMOBAHIA   ;1; A ;0;64
43; TERMOBAHIA   ;1; A ;0;65
43; TERMOBAHIA   ;1; A ;0;66
43; TERMOBAHIA   ;1; A ;0;67
43; TERMOBAHIA   ;1; A ;0;68
43; TERMOBAHIA   ;1; A ;0;69
43; TERMOBAHIA   ;1; A ;0;70
43; TERMOBAHIA   ;1; A ;0;71
43; TERMOBAHIA   ;1; A ;0;72
43; TERMOBAHIA   ;1; A ;0;73
43; TERMOBAHIA   ;1; A ;0;74
43; TERMOBAHIA   ;1; A ;0;75
43; TERMOBAHIA   ;1; A ;0;76
43; TERMOBAHIA   ;1; A ;0;77
43; TERMOBAHIA   ;1; A ;0;78
43; TERMOBAHIA   ;1; A ;0;79
43; TERMOBAHIA   ;1; A ;0;80
43; TERMOBAHIA   ;1; A ;0;81
43; TERMOBAHIA   ;1; A ;0;82
43; TERMOBAHIA   ;1; A ;0;83
43; TERMOBAHIA   ;1; A ;0;84
43; TERMOBAHIA   ;1; A ;0;85
43; TERMOBAHIA   ;1; A ;0;86
43; TERMOBAHIA   ;1; A ;0;87
43; TERMOBAHIA   ;1; A ;0;88
43; TERMOBAHIA   ;1; A ;0;89
43; TERMOBAHIA   ;1; A ;0;90
43; TERMOBAHIA   ;1; A ;0;91
43; TERMOBAHIA   ;1; A ;0;92
43; TERMOBAHIA   ;1; A ;0;93
43; TERMOBAHIA   ;1; A ;1;94
43; TERMOBAHIA   ;1; A ;60;95
43; TERMOBAHIA   ;1; A ;95;96
43; TERMOBAHIA   ;1; D ;95;1
43; TERMOBAHIA   ;1; D ;0;2
46; N.VENECIA 2  ;1; A ;109.299;1
46; N.VENECIA 2  ;1; D ;0;1
46; N.VENECIA 2  ;2; A ;15;1
46; N.VENECIA 2  ;2; A ;15;2
46; N.VENECIA 2  ;2; A ;15;3
46; N.VENECIA 2  ;2; A ;15;4
46; N.VENECIA 2  ;2; A ;15;5
46; N.VENECIA 2  ;2; A ;15;6
46; N.VENECIA 2  ;2; A ;15;7
46; N.VENECIA 2  ;2; A ;25;8
46; N.VENECIA 2  ;2; A ;40;9
46; N.VENECIA 2  ;2; A ;40;10
46; N.VENECIA 2  ;2; A ;50;11
46; N.VENECIA 2  ;2; A ;50;12
46; N.VENECIA 2  ;2; A ;108;13
46; N.VENECIA 2  ;2; A ;108;14
46; N.VENECIA 2  ;2; A ;163.299;15
46; N.VENECIA 2  ;2; D ;0;1
47; TERMORIO     ;1; A ;0;1
47; TERMORIO     ;1; A ;0;2
47; TERMORIO     ;1; A ;10;3
47; TERMORIO     ;1; A ;10;4
47; TERMORIO     ;1; A ;30;5
47; TERMORIO     ;1; A ;40;6
47; TERMORIO     ;1; A ;60;7
47; TERMORIO     ;1; A ;80;8
47; TERMORIO     ;1; A ;90;9
47; TERMORIO     ;1; A ;110;10
47; TERMORIO     ;1; A ;140;11
47; TERMORIO     ;1; A ;210;12
47; TERMORIO     ;1; A ;230;13
47; TERMORIO     ;1; A ;270;14
47; TERMORIO     ;1; D ;120;1
47; TERMORIO     ;1; D ;0;2
47; TERMORIO     ;2; A ;0;1
47; TERMORIO     ;2; A ;0;2
47; TERMORIO     ;2; A ;20;3
47; TERMORIO     ;2; A ;20;4
47; TERMORIO     ;2; A ;50;5
47; TERMORIO     ;2; A ;70;6
47; TERMORIO     ;2; A ;100;7
47; TERMORIO     ;2; A ;130;8
47; TERMORIO     ;2; A ;140;9
47; TERMORIO     ;2; A ;170;10
47; TERMORIO     ;2; A ;220;11
47; TERMORIO     ;2; A ;330;12
47; TERMORIO     ;2; A ;350;13
47; TERMORIO     ;2; A ;397;14
47; TERMORIO     ;2; D ;163;1
47; TERMORIO     ;2; D ;0;2
47; TERMORIO     ;3; A ;0;1
47; TERMORIO     ;3; A ;0;2
47; TERMORIO     ;3; A ;20;3
47; TERMORIO     ;3; A ;20;4
47; TERMORIO     ;3; A ;50;5
47; TERMORIO     ;3; A ;70;6
47; TERMORIO     ;3; A ;100;7
47; TERMORIO     ;3; A ;130;8
47; TERMORIO     ;3; A ;140;9
47; TERMORIO     ;3; A ;170;10
47; TERMORIO     ;3; A ;220;11
47; TERMORIO     ;3; A ;330;12
47; TERMORIO     ;3; A ;350;13
47; TERMORIO     ;3; A ;397;14
47; TERMORIO     ;3; D ;163;1
47; TERMORIO     ;3; D ;0;2
47; TERMORIO     ;4; A ;0;1
47; TERMORIO     ;4; A ;0;2
47; TERMORIO     ;4; A ;20;3
47; TERMORIO     ;4; A ;20;4
47; TERMORIO     ;4; A ;50;5
47; TERMORIO     ;4; A ;70;6
47; TERMORIO     ;4; A ;100;7
47; TERMORIO     ;4; A ;130;8
47; TERMORIO     ;4; A ;140;9
47; TERMORIO     ;4; A ;170;10
47; TERMORIO     ;4; A ;220;11
47; TERMORIO     ;4; A ;330;12
47; TERMORIO     ;4; A ;350;13
47; TERMORIO     ;4; A ;397;14
47; TERMORIO     ;4; D ;163;1
47; TERMORIO     ;4; D ;0;2
47; TERMORIO     ;5; A ;0;1
47; TERMORIO     ;5; A ;0;2
47; TERMORIO     ;5; A ;20;3
47; TERMORIO     ;5; A ;20;4
47; TERMORIO     ;5; A ;50;5
47; TERMORIO     ;5; A ;70;6
47; TERMORIO     ;5; A ;100;7
47; TERMORIO     ;5; A ;130;8
47; TERMORIO     ;5; A ;140;9
47; TERMORIO     ;5; A ;170;10
47; TERMORIO     ;5; A ;220;11
47; TERMORIO     ;5; A ;330;12
47; TERMORIO     ;5; A ;350;13
47; TERMORIO     ;5; A ;397;14
47; TERMORIO     ;5; D ;163;1
47; TERMORIO     ;5; D ;0;2
47; TERMORIO     ;6; A ;0;1
47; TERMORIO     ;6; A ;0;2
47; TERMORIO     ;6; A ;20;3
47; TERMORIO     ;6; A ;20;4
47; TERMORIO     ;6; A ;60;5
47; TERMORIO     ;6; A ;80;6
47; TERMORIO     ;6; A ;120;7
47; TERMORIO     ;6; A ;160;8
47; TERMORIO     ;6; A ;180;9
47; TERMORIO     ;6; A ;220;10
47; TERMORIO     ;6; A ;280;11
47; TERMORIO     ;6; A ;410;12
47; TERMORIO     ;6; A ;450;13
47; TERMORIO     ;6; A ;523;14
47; TERMORIO     ;6; D ;255;1
47; TERMORIO     ;6; D ;0;2
47; TERMORIO     ;7; A ;0;1
47; TERMORIO     ;7; A ;0;2
47; TERMORIO     ;7; A ;20;3
47; TERMORIO     ;7; A ;20;4
47; TERMORIO     ;7; A ;60;5
47; TERMORIO     ;7; A ;80;6
47; TERMORIO     ;7; A ;120;7
47; TERMORIO     ;7; A ;160;8
47; TERMORIO     ;7; A ;180;9
47; TERMORIO     ;7; A ;220;10
47; TERMORIO     ;7; A ;280;11
47; TERMORIO     ;7; A ;410;12
47; TERMORIO     ;7; A ;450;13
47; TERMORIO     ;7; A ;523;14
47; TERMORIO     ;7; D ;255;1
47; TERMORIO     ;7; D ;0;2
47; TERMORIO     ;8; A ;0;1
47; TERMORIO     ;8; A ;0;2
47; TERMORIO     ;8; A ;20;3
47; TERMORIO     ;8; A ;20;4
47; TERMORIO     ;8; A ;60;5
47; TERMORIO     ;8; A ;80;6
47; TERMORIO     ;8; A ;120;7
47; TERMORIO     ;8; A ;160;8
47; TERMORIO     ;8; A ;180;9
47; TERMORIO     ;8; A ;220;10
47; TERMORIO     ;8; A ;280;11
47; TERMORIO     ;8; A ;410;12
47; TERMORIO     ;8; A ;450;13
47; TERMORIO     ;8; A ;523;14
47; TERMORIO     ;8; D ;255;1
47; TERMORIO     ;8; D ;0;2
47; TERMORIO     ;9; A ;0;1
47; TERMORIO     ;9; A ;0;2
47; TERMORIO     ;9; A ;20;3
47; TERMORIO     ;9; A ;20;4
47; TERMORIO     ;9; A ;60;5
47; TERMORIO     ;9; A ;80;6
47; TERMORIO     ;9; A ;120;7
47; TERMORIO     ;9; A ;160;8
47; TERMORIO     ;9; A ;180;9
47; TERMORIO     ;9; A ;220;10
47; TERMORIO     ;9; A ;280;11
47; TERMORIO     ;9; A ;410;12
47; TERMORIO     ;9; A ;450;13
47; TERMORIO     ;9; A ;523;14
47; TERMORIO     ;9; D ;255;1
47; TERMORIO     ;9; D ;0;2
47; TERMORIO     ;10; A ;0;1
47; TERMORIO     ;10; A ;0;2
47; TERMORIO     ;10; A ;20;3
47; TERMORIO     ;10; A ;20;4
47; TERMORIO     ;10; A ;60;5
47; TERMORIO     ;10; A ;80;6
47; TERMORIO     ;10; A ;120;7
47; TERMORIO     ;10; A ;160;8
47; TERMORIO     ;10; A ;180;9
47; TERMORIO     ;10; A ;220;10
47; TERMORIO     ;10; A ;280;11
47; TERMORIO     ;10; A ;410;12
47; TERMORIO     ;10; A ;450;13
47; TERMORIO     ;10; A ;523;14
47; TERMORIO     ;10; D ;255;1
47; TERMORIO     ;10; D ;0;2
47; TERMORIO     ;11; A ;0;1
47; TERMORIO     ;11; A ;0;2
47; TERMORIO     ;11; A ;20;3
47; TERMORIO     ;11; A ;20;4
47; TERMORIO     ;11; A ;60;5
47; TERMORIO     ;11; A ;80;6
47; TERMORIO     ;11; A ;120;7
47; TERMORIO     ;11; A ;160;8
47; TERMORIO     ;11; A ;180;9
47; TERMORIO     ;11; A ;220;10
47; TERMORIO     ;11; A ;280;11
47; TERMORIO     ;11; A ;410;12
47; TERMORIO     ;11; A ;450;13
47; TERMORIO     ;11; A ;523;14
47; TERMORIO     ;11; D ;255;1
47; TERMORIO     ;11; D ;0;2
47; TERMORIO     ;12; A ;0;1
47; TERMORIO     ;12; A ;0;2
47; TERMORIO     ;12; A ;30;3
47; TERMORIO     ;12; A ;30;4
47; TERMORIO     ;12; A ;80;5
47; TERMORIO     ;12; A ;110;6
47; TERMORIO     ;12; A ;160;7
47; TERMORIO     ;12; A ;210;8
47; TERMORIO     ;12; A ;230;9
47; TERMORIO     ;12; A ;280;10
47; TERMORIO     ;12; A ;360;11
47; TERMORIO     ;12; A ;530;12
47; TERMORIO     ;12; A ;570;13
47; TERMORIO     ;12; A ;650;14
47; TERMORIO     ;12; D ;325;1
47; TERMORIO     ;12; D ;0;2
47; TERMORIO     ;13; A ;0;1
47; TERMORIO     ;13; A ;0;2
47; TERMORIO     ;13; A ;30;3
47; TERMORIO     ;13; A ;30;4
47; TERMORIO     ;13; A ;80;5
47; TERMORIO     ;13; A ;110;6
47; TERMORIO     ;13; A ;160;7
47; TERMORIO     ;13; A ;210;8
47; TERMORIO     ;13; A ;230;9
47; TERMORIO     ;13; A ;280;10
47; TERMORIO     ;13; A ;360;11
47; TERMORIO     ;13; A ;530;12
47; TERMORIO     ;13; A ;570;13
47; TERMORIO     ;13; A ;650;14
47; TERMORIO     ;13; D ;325;1
47; TERMORIO     ;13; D ;0;2
47; TERMORIO     ;14; A ;0;1
47; TERMORIO     ;14; A ;0;2
47; TERMORIO     ;14; A ;30;3
47; TERMORIO     ;14; A ;30;4
47; TERMORIO     ;14; A ;80;5
47; TERMORIO     ;14; A ;110;6
47; TERMORIO     ;14; A ;160;7
47; TERMORIO     ;14; A ;210;8
47; TERMORIO     ;14; A ;230;9
47; TERMORIO     ;14; A ;280;10
47; TERMORIO     ;14; A ;360;11
47; TERMORIO     ;14; A ;530;12
47; TERMORIO     ;14; A ;570;13
47; TERMORIO     ;14; A ;650;14
47; TERMORIO     ;14; D ;325;1
47; TERMORIO     ;14; D ;0;2
47; TERMORIO     ;15; A ;0;1
47; TERMORIO     ;15; A ;0;2
47; TERMORIO     ;15; A ;30;3
47; TERMORIO     ;15; A ;30;4
47; TERMORIO     ;15; A ;80;5
47; TERMORIO     ;15; A ;110;6
47; TERMORIO     ;15; A ;160;7
47; TERMORIO     ;15; A ;210;8
47; TERMORIO     ;15; A ;230;9
47; TERMORIO     ;15; A ;280;10
47; TERMORIO     ;15; A ;360;11
47; TERMORIO     ;15; A ;530;12
47; TERMORIO     ;15; A ;570;13
47; TERMORIO     ;15; A ;650;14
47; TERMORIO     ;15; D ;325;1
47; TERMORIO     ;15; D ;0;2
47; TERMORIO     ;16; A ;0;1
47; TERMORIO     ;16; A ;0;2
47; TERMORIO     ;16; A ;30;3
47; TERMORIO     ;16; A ;30;4
47; TERMORIO     ;16; A ;90;5
47; TERMORIO     ;16; A ;120;6
47; TERMORIO     ;16; A ;180;7
47; TERMORIO     ;16; A ;240;8
47; TERMORIO     ;16; A ;270;9
47; TERMORIO     ;16; A ;330;10
47; TERMORIO     ;16; A ;420;11
47; TERMORIO     ;16; A ;610;12
47; TERMORIO     ;16; A ;670;13
47; TERMORIO     ;16; A ;791;14
47; TERMORIO     ;16; D ;350;1
47; TERMORIO     ;16; D ;0;2
47; TERMORIO     ;17; A ;0;1
47; TERMORIO     ;17; A ;0;2
47; TERMORIO     ;17; A ;10;3
47; TERMORIO     ;17; A ;10;4
47; TERMORIO     ;17; A ;20;5
47; TERMORIO     ;17; A ;30;6
47; TERMORIO     ;17; A ;40;7
47; TERMORIO     ;17; A ;50;8
47; TERMORIO     ;17; A ;50;9
47; TERMORIO     ;17; A ;60;10
47; TERMORIO     ;17; A ;80;11
47; TERMORIO     ;17; A ;105;12
47; TERMORIO     ;17; A ;105;13
47; TERMORIO     ;17; A ;110;14
47; TERMORIO     ;17; D ;85;1
47; TERMORIO     ;17; D ;0;2
47; TERMORIO     ;18; A ;0;1
47; TERMORIO     ;18; A ;0;2
47; TERMORIO     ;18; A ;10;3
47; TERMORIO     ;18; A ;10;4
47; TERMORIO     ;18; A ;20;5
47; TERMORIO     ;18; A ;30;6
47; TERMORIO     ;18; A ;40;7
47; TERMORIO     ;18; A ;50;8
47; TERMORIO     ;18; A ;50;9
47; TERMORIO     ;18; A ;60;10
47; TERMORIO     ;18; A ;80;11
47; TERMORIO     ;18; A ;105;12
47; TERMORIO     ;18; A ;105;13
47; TERMORIO     ;18; A ;110;14
47; TERMORIO     ;18; D ;85;1
47; TERMORIO     ;18; D ;0;2
47; TERMORIO     ;19; A ;0;1
47; TERMORIO     ;19; A ;0;2
47; TERMORIO     ;19; A ;10;3
47; TERMORIO     ;19; A ;10;4
47; TERMORIO     ;19; A ;20;5
47; TERMORIO     ;19; A ;30;6
47; TERMORIO     ;19; A ;40;7
47; TERMORIO     ;19; A ;50;8
47; TERMORIO     ;19; A ;50;9
47; TERMORIO     ;19; A ;60;10
47; TERMORIO     ;19; A ;80;11
47; TERMORIO     ;19; A ;105;12
47; TERMORIO     ;19; A ;105;13
47; TERMORIO     ;19; A ;110;14
47; TERMORIO     ;19; D ;85;1
47; TERMORIO     ;19; D ;0;2
47; TERMORIO     ;20; A ;0;1
47; TERMORIO     ;20; A ;0;2
47; TERMORIO     ;20; A ;10;3
47; TERMORIO     ;20; A ;10;4
47; TERMORIO     ;20; A ;20;5
47; TERMORIO     ;20; A ;30;6
47; TERMORIO     ;20; A ;40;7
47; TERMORIO     ;20; A ;50;8
47; TERMORIO     ;20; A ;50;9
47; TERMORIO     ;20; A ;60;10
47; TERMORIO     ;20; A ;80;11
47; TERMORIO     ;20; A ;105;12
47; TERMORIO     ;20; A ;105;13
47; TERMORIO     ;20; A ;110;14
47; TERMORIO     ;20; D ;85;1
47; TERMORIO     ;20; D ;0;2
47; TERMORIO     ;21; A ;0;1
47; TERMORIO     ;21; A ;0;2
47; TERMORIO     ;21; A ;10;3
47; TERMORIO     ;21; A ;10;4
47; TERMORIO     ;21; A ;30;5
47; TERMORIO     ;21; A ;40;6
47; TERMORIO     ;21; A ;60;7
47; TERMORIO     ;21; A ;80;8
47; TERMORIO     ;21; A ;90;9
47; TERMORIO     ;21; A ;110;10
47; TERMORIO     ;21; A ;140;11
47; TERMORIO     ;21; A ;200;12
47; TERMORIO     ;21; A ;220;13
47; TERMORIO     ;21; A ;253;14
47; TERMORIO     ;21; D ;135;1
47; TERMORIO     ;21; D ;0;2
47; TERMORIO     ;22; A ;0;1
47; TERMORIO     ;22; A ;0;2
47; TERMORIO     ;22; A ;10;3
47; TERMORIO     ;22; A ;10;4
47; TERMORIO     ;22; A ;30;5
47; TERMORIO     ;22; A ;40;6
47; TERMORIO     ;22; A ;60;7
47; TERMORIO     ;22; A ;80;8
47; TERMORIO     ;22; A ;90;9
47; TERMORIO     ;22; A ;110;10
47; TERMORIO     ;22; A ;140;11
47; TERMORIO     ;22; A ;200;12
47; TERMORIO     ;22; A ;220;13
47; TERMORIO     ;22; A ;253;14
47; TERMORIO     ;22; D ;135;1
47; TERMORIO     ;22; D ;0;2
47; TERMORIO     ;23; A ;0;1
47; TERMORIO     ;23; A ;0;2
47; TERMORIO     ;23; A ;10;3
47; TERMORIO     ;23; A ;10;4
47; TERMORIO     ;23; A ;30;5
47; TERMORIO     ;23; A ;40;6
47; TERMORIO     ;23; A ;60;7
47; TERMORIO     ;23; A ;80;8
47; TERMORIO     ;23; A ;90;9
47; TERMORIO     ;23; A ;110;10
47; TERMORIO     ;23; A ;140;11
47; TERMORIO     ;23; A ;200;12
47; TERMORIO     ;23; A ;220;13
47; TERMORIO     ;23; A ;253;14
47; TERMORIO     ;23; D ;135;1
47; TERMORIO     ;23; D ;0;2
47; TERMORIO     ;24; A ;0;1
47; TERMORIO     ;24; A ;0;2
47; TERMORIO     ;24; A ;10;3
47; TERMORIO     ;24; A ;10;4
47; TERMORIO     ;24; A ;30;5
47; TERMORIO     ;24; A ;40;6
47; TERMORIO     ;24; A ;60;7
47; TERMORIO     ;24; A ;80;8
47; TERMORIO     ;24; A ;90;9
47; TERMORIO     ;24; A ;110;10
47; TERMORIO     ;24; A ;140;11
47; TERMORIO     ;24; A ;200;12
47; TERMORIO     ;24; A ;220;13
47; TERMORIO     ;24; A ;253;14
47; TERMORIO     ;24; D ;135;1
47; TERMORIO     ;24; D ;0;2
47; TERMORIO     ;25; A ;0;1
47; TERMORIO     ;25; A ;0;2
47; TERMORIO     ;25; A ;10;3
47; TERMORIO     ;25; A ;10;4
47; TERMORIO     ;25; A ;30;5
47; TERMORIO     ;25; A ;40;6
47; TERMORIO     ;25; A ;60;7
47; TERMORIO     ;25; A ;80;8
47; TERMORIO     ;25; A ;90;9
47; TERMORIO     ;25; A ;110;10
47; TERMORIO     ;25; A ;140;11
47; TERMORIO     ;25; A ;200;12
47; TERMORIO     ;25; A ;220;13
47; TERMORIO     ;25; A ;253;14
47; TERMORIO     ;25; D ;135;1
47; TERMORIO     ;25; D ;0;2
47; TERMORIO     ;26; A ;0;1
47; TERMORIO     ;26; A ;0;2
47; TERMORIO     ;26; A ;10;3
47; TERMORIO     ;26; A ;10;4
47; TERMORIO     ;26; A ;30;5
47; TERMORIO     ;26; A ;40;6
47; TERMORIO     ;26; A ;60;7
47; TERMORIO     ;26; A ;80;8
47; TERMORIO     ;26; A ;90;9
47; TERMORIO     ;26; A ;110;10
47; TERMORIO     ;26; A ;140;11
47; TERMORIO     ;26; A ;200;12
47; TERMORIO     ;26; A ;220;13
47; TERMORIO     ;26; A ;253;14
47; TERMORIO     ;26; D ;135;1
47; TERMORIO     ;26; D ;0;2
47; TERMORIO     ;27; A ;0;1
47; TERMORIO     ;27; A ;0;2
47; TERMORIO     ;27; A ;20;3
47; TERMORIO     ;27; A ;20;4
47; TERMORIO     ;27; A ;50;5
47; TERMORIO     ;27; A ;70;6
47; TERMORIO     ;27; A ;100;7
47; TERMORIO     ;27; A ;130;8
47; TERMORIO     ;27; A ;140;9
47; TERMORIO     ;27; A ;170;10
47; TERMORIO     ;27; A ;220;11
47; TERMORIO     ;27; A ;320;12
47; TERMORIO     ;27; A ;340;13
47; TERMORIO     ;27; A ;380;14
47; TERMORIO     ;27; D ;190;1
47; TERMORIO     ;27; D ;0;2
47; TERMORIO     ;28; A ;0;1
47; TERMORIO     ;28; A ;0;2
47; TERMORIO     ;28; A ;20;3
47; TERMORIO     ;28; A ;20;4
47; TERMORIO     ;28; A ;50;5
47; TERMORIO     ;28; A ;70;6
47; TERMORIO     ;28; A ;100;7
47; TERMORIO     ;28; A ;130;8
47; TERMORIO     ;28; A ;140;9
47; TERMORIO     ;28; A ;170;10
47; TERMORIO     ;28; A ;220;11
47; TERMORIO     ;28; A ;320;12
47; TERMORIO     ;28; A ;340;13
47; TERMORIO     ;28; A ;380;14
47; TERMORIO     ;28; D ;190;1
47; TERMORIO     ;28; D ;0;2
47; TERMORIO     ;29; A ;0;1
47; TERMORIO     ;29; A ;0;2
47; TERMORIO     ;29; A ;20;3
47; TERMORIO     ;29; A ;20;4
47; TERMORIO     ;29; A ;50;5
47; TERMORIO     ;29; A ;70;6
47; TERMORIO     ;29; A ;100;7
47; TERMORIO     ;29; A ;130;8
47; TERMORIO     ;29; A ;140;9
47; TERMORIO     ;29; A ;170;10
47; TERMORIO     ;29; A ;220;11
47; TERMORIO     ;29; A ;320;12
47; TERMORIO     ;29; A ;340;13
47; TERMORIO     ;29; A ;380;14
47; TERMORIO     ;29; D ;190;1
47; TERMORIO     ;29; D ;0;2
47; TERMORIO     ;30; A ;0;1
47; TERMORIO     ;30; A ;0;2
47; TERMORIO     ;30; A ;20;3
47; TERMORIO     ;30; A ;20;4
47; TERMORIO     ;30; A ;50;5
47; TERMORIO     ;30; A ;70;6
47; TERMORIO     ;30; A ;100;7
47; TERMORIO     ;30; A ;130;8
47; TERMORIO     ;30; A ;140;9
47; TERMORIO     ;30; A ;170;10
47; TERMORIO     ;30; A ;220;11
47; TERMORIO     ;30; A ;320;12
47; TERMORIO     ;30; A ;340;13
47; TERMORIO     ;30; A ;380;14
47; TERMORIO     ;30; D ;190;1
47; TERMORIO     ;30; D ;0;2
47; TERMORIO     ;31; A ;0;1
47; TERMORIO     ;31; A ;0;2
47; TERMORIO     ;31; A ;20;3
47; TERMORIO     ;31; A ;20;4
47; TERMORIO     ;31; A ;60;5
47; TERMORIO     ;31; A ;80;6
47; TERMORIO     ;31; A ;120;7
47; TERMORIO     ;31; A ;160;8
47; TERMORIO     ;31; A ;180;9
47; TERMORIO     ;31; A ;220;10
47; TERMORIO     ;31; A ;280;11
47; TERMORIO     ;31; A ;400;12
47; TERMORIO     ;31; A ;440;13
47; TERMORIO     ;31; A ;507;14
47; TERMORIO     ;31; D ;230;1
47; TERMORIO     ;31; D ;0;2
48; ARAUCARIA    ;1; A ;10;1
48; ARAUCARIA    ;1; A ;16;2
48; ARAUCARIA    ;1; A ;16;3
48; ARAUCARIA    ;1; A ;26;4
48; ARAUCARIA    ;1; A ;36;5
48; ARAUCARIA    ;1; A ;36;6
48; ARAUCARIA    ;1; A ;66;7
48; ARAUCARIA    ;1; A ;84;8
48; ARAUCARIA    ;1; A ;106;9
48; ARAUCARIA    ;1; A ;144;10
48; ARAUCARIA    ;1; A ;175;11
48; ARAUCARIA    ;1; A ;235;12
48; ARAUCARIA    ;1; D ;95;1
48; ARAUCARIA    ;1; D ;0;2
48; ARAUCARIA    ;2; A ;10;1
48; ARAUCARIA    ;2; A ;16;2
48; ARAUCARIA    ;2; A ;16;3
48; ARAUCARIA    ;2; A ;26;4
48; ARAUCARIA    ;2; A ;36;5
48; ARAUCARIA    ;2; A ;36;6
48; ARAUCARIA    ;2; A ;66;7
48; ARAUCARIA    ;2; A ;84;8
48; ARAUCARIA    ;2; A ;106;9
48; ARAUCARIA    ;2; A ;144;10
48; ARAUCARIA    ;2; A ;175;11
48; ARAUCARIA    ;2; A ;235;12
48; ARAUCARIA    ;2; D ;95;1
48; ARAUCARIA    ;2; D ;0;2
48; ARAUCARIA    ;3; A ;10;1
48; ARAUCARIA    ;3; A ;26;2
48; ARAUCARIA    ;3; A ;32;3
48; ARAUCARIA    ;3; A ;42;4
48; ARAUCARIA    ;3; A ;62;5
48; ARAUCARIA    ;3; A ;72;6
48; ARAUCARIA    ;3; A ;122;7
48; ARAUCARIA    ;3; A ;138;8
48; ARAUCARIA    ;3; A ;168;9
48; ARAUCARIA    ;3; A ;213;10
48; ARAUCARIA    ;3; A ;288;11
48; ARAUCARIA    ;3; A ;351;12
48; ARAUCARIA    ;3; D ;180;1
48; ARAUCARIA    ;3; D ;0;2
49; VIANA        ;1; A ;0;1
49; VIANA        ;1; A ;0;2
49; VIANA        ;1; A ;30;3
49; VIANA        ;1; A ;65;4
49; VIANA        ;1; A ;100;5
49; VIANA        ;1; A ;135;6
49; VIANA        ;1; A ;139.68;7
49; VIANA        ;1; D ;74;1
49; VIANA        ;1; D ;0;2
52; CAMPINA GDE  ;1; A ;8.454;1
52; CAMPINA GDE  ;1; D ;0;1
52; CAMPINA GDE  ;2; A ;8.454;1
52; CAMPINA GDE  ;2; D ;0;1
52; CAMPINA GDE  ;3; A ;8.454;1
52; CAMPINA GDE  ;3; D ;0;1
52; CAMPINA GDE  ;4; A ;8.454;1
52; CAMPINA GDE  ;4; D ;0;1
53; GLOBAL I     ;1; A ;10;1
53; GLOBAL I     ;1; A ;20;2
53; GLOBAL I     ;1; A ;30;3
53; GLOBAL I     ;1; A ;40;4
53; GLOBAL I     ;1; A ;50;5
53; GLOBAL I     ;1; A ;57.54;6
53; GLOBAL I     ;1; D ;0;1
53; GLOBAL I     ;2; A ;10;1
53; GLOBAL I     ;2; A ;20;2
53; GLOBAL I     ;2; A ;30;3
53; GLOBAL I     ;2; A ;40;4
53; GLOBAL I     ;2; A ;50;5
53; GLOBAL I     ;2; A ;57.54;6
53; GLOBAL I     ;2; D ;0;1
53; GLOBAL I     ;3; A ;10;1
53; GLOBAL I     ;3; A ;20;2
53; GLOBAL I     ;3; A ;30;3
53; GLOBAL I     ;3; A ;40;4
53; GLOBAL I     ;3; A ;50;5
53; GLOBAL I     ;3; A ;57.54;6
53; GLOBAL I     ;3; D ;0;1
53; GLOBAL I     ;4; A ;10;1
53; GLOBAL I     ;4; A ;20;2
53; GLOBAL I     ;4; A ;30;3
53; GLOBAL I     ;4; A ;40;4
53; GLOBAL I     ;4; A ;50;5
53; GLOBAL I     ;4; A ;51.58;6
53; GLOBAL I     ;4; D ;0;1
53; GLOBAL I     ;5; A ;10;1
53; GLOBAL I     ;5; A ;20;2
53; GLOBAL I     ;5; A ;30;3
53; GLOBAL I     ;5; A ;40;4
53; GLOBAL I     ;5; A ;50;5
53; GLOBAL I     ;5; A ;51.58;6
53; GLOBAL I     ;5; D ;0;1
53; GLOBAL I     ;6; A ;10;1
53; GLOBAL I     ;6; A ;20;2
53; GLOBAL I     ;6; A ;30;3
53; GLOBAL I     ;6; A ;40;4
53; GLOBAL I     ;6; A ;50;5
53; GLOBAL I     ;6; A ;51.58;6
53; GLOBAL I     ;6; D ;0;1
53; GLOBAL I     ;7; A ;10;1
53; GLOBAL I     ;7; A ;20;2
53; GLOBAL I     ;7; A ;30;3
53; GLOBAL I     ;7; A ;40;4
53; GLOBAL I     ;7; A ;50;5
53; GLOBAL I     ;7; A ;60;6
53; GLOBAL I     ;7; A ;70;7
53; GLOBAL I     ;7; A ;80;8
53; GLOBAL I     ;7; A ;83.33;9
53; GLOBAL I     ;7; D ;0;1
53; GLOBAL I     ;8; A ;10;1
53; GLOBAL I     ;8; A ;20;2
53; GLOBAL I     ;8; A ;30;3
53; GLOBAL I     ;8; A ;40;4
53; GLOBAL I     ;8; A ;50;5
53; GLOBAL I     ;8; A ;60;6
53; GLOBAL I     ;8; A ;70;7
53; GLOBAL I     ;8; A ;80;8
53; GLOBAL I     ;8; A ;83.33;9
53; GLOBAL I     ;8; D ;0;1
53; GLOBAL I     ;9; A ;10;1
53; GLOBAL I     ;9; A ;20;2
53; GLOBAL I     ;9; A ;30;3
53; GLOBAL I     ;9; A ;40;4
53; GLOBAL I     ;9; A ;50;5
53; GLOBAL I     ;9; A ;60;6
53; GLOBAL I     ;9; A ;70;7
53; GLOBAL I     ;9; A ;77.38;8
53; GLOBAL I     ;9; D ;0;1
53; GLOBAL I     ;10; A ;10;1
53; GLOBAL I     ;10; A ;20;2
53; GLOBAL I     ;10; A ;30;3
53; GLOBAL I     ;10; A ;40;4
53; GLOBAL I     ;10; A ;50;5
53; GLOBAL I     ;10; A ;60;6
53; GLOBAL I     ;10; A ;70;7
53; GLOBAL I     ;10; A ;80;8
53; GLOBAL I     ;10; A ;83.33;9
53; GLOBAL I     ;10; D ;0;1
53; GLOBAL I     ;11; A ;10;1
53; GLOBAL I     ;11; A ;20;2
53; GLOBAL I     ;11; A ;30;3
53; GLOBAL I     ;11; A ;40;4
53; GLOBAL I     ;11; A ;50;5
53; GLOBAL I     ;11; A ;60;6
53; GLOBAL I     ;11; A ;70;7
53; GLOBAL I     ;11; A ;80;8
53; GLOBAL I     ;11; A ;90;9
53; GLOBAL I     ;11; A ;100;10
53; GLOBAL I     ;11; A ;109.12;11
53; GLOBAL I     ;11; D ;0;1
54; JUIZ DE FORA ;1; A ;40;1
54; JUIZ DE FORA ;1; D ;0;1
54; JUIZ DE FORA ;2; A ;40;1
54; JUIZ DE FORA ;2; D ;0;1
55; GLOBAL II    ;1; A ;10;1
55; GLOBAL II    ;1; A ;20;2
55; GLOBAL II    ;1; A ;30;3
55; GLOBAL II    ;1; A ;40;4
55; GLOBAL II    ;1; A ;50;5
55; GLOBAL II    ;1; A ;57.54;6
55; GLOBAL II    ;1; D ;0;1
55; GLOBAL II    ;2; A ;10;1
55; GLOBAL II    ;2; A ;20;2
55; GLOBAL II    ;2; A ;30;3
55; GLOBAL II    ;2; A ;40;4
55; GLOBAL II    ;2; A ;50;5
55; GLOBAL II    ;2; A ;57.54;6
55; GLOBAL II    ;2; D ;0;1
55; GLOBAL II    ;3; A ;10;1
55; GLOBAL II    ;3; A ;20;2
55; GLOBAL II    ;3; A ;30;3
55; GLOBAL II    ;3; A ;40;4
55; GLOBAL II    ;3; A ;50;5
55; GLOBAL II    ;3; A ;57.54;6
55; GLOBAL II    ;3; D ;0;1
55; GLOBAL II    ;4; A ;10;1
55; GLOBAL II    ;4; A ;20;2
55; GLOBAL II    ;4; A ;30;3
55; GLOBAL II    ;4; A ;40;4
55; GLOBAL II    ;4; A ;50;5
55; GLOBAL II    ;4; A ;51.58;6
55; GLOBAL II    ;4; D ;0;1
55; GLOBAL II    ;5; A ;10;1
55; GLOBAL II    ;5; A ;20;2
55; GLOBAL II    ;5; A ;30;3
55; GLOBAL II    ;5; A ;40;4
55; GLOBAL II    ;5; A ;50;5
55; GLOBAL II    ;5; A ;51.58;6
55; GLOBAL II    ;5; D ;0;1
55; GLOBAL II    ;6; A ;10;1
55; GLOBAL II    ;6; A ;20;2
55; GLOBAL II    ;6; A ;30;3
55; GLOBAL II    ;6; A ;40;4
55; GLOBAL II    ;6; A ;50;5
55; GLOBAL II    ;6; A ;51.58;6
55; GLOBAL II    ;6; D ;0;1
55; GLOBAL II    ;7; A ;10;1
55; GLOBAL II    ;7; A ;20;2
55; GLOBAL II    ;7; A ;30;3
55; GLOBAL II    ;7; A ;40;4
55; GLOBAL II    ;7; A ;50;5
55; GLOBAL II    ;7; A ;60;6
55; GLOBAL II    ;7; A ;70;7
55; GLOBAL II    ;7; A ;80;8
55; GLOBAL II    ;7; A ;83.33;9
55; GLOBAL II    ;7; D ;0;1
55; GLOBAL II    ;8; A ;10;1
55; GLOBAL II    ;8; A ;20;2
55; GLOBAL II    ;8; A ;30;3
55; GLOBAL II    ;8; A ;40;4
55; GLOBAL II    ;8; A ;50;5
55; GLOBAL II    ;8; A ;60;6
55; GLOBAL II    ;8; A ;70;7
55; GLOBAL II    ;8; A ;80;8
55; GLOBAL II    ;8; A ;83.33;9
55; GLOBAL II    ;8; D ;0;1
55; GLOBAL II    ;9; A ;10;1
55; GLOBAL II    ;9; A ;20;2
55; GLOBAL II    ;9; A ;30;3
55; GLOBAL II    ;9; A ;40;4
55; GLOBAL II    ;9; A ;50;5
55; GLOBAL II    ;9; A ;60;6
55; GLOBAL II    ;9; A ;70;7
55; GLOBAL II    ;9; A ;77.38;8
55; GLOBAL II    ;9; D ;0;1
55; GLOBAL II    ;10; A ;10;1
55; GLOBAL II    ;10; A ;20;2
55; GLOBAL II    ;10; A ;30;3
55; GLOBAL II    ;10; A ;40;4
55; GLOBAL II    ;10; A ;50;5
55; GLOBAL II    ;10; A ;60;6
55; GLOBAL II    ;10; A ;70;7
55; GLOBAL II    ;10; A ;80;8
55; GLOBAL II    ;10; A ;83.33;9
55; GLOBAL II    ;10; D ;0;1
55; GLOBAL II    ;11; A ;10;1
55; GLOBAL II    ;11; A ;20;2
55; GLOBAL II    ;11; A ;30;3
55; GLOBAL II    ;11; A ;40;4
55; GLOBAL II    ;11; A ;50;5
55; GLOBAL II    ;11; A ;60;6
55; GLOBAL II    ;11; A ;70;7
55; GLOBAL II    ;11; A ;80;8
55; GLOBAL II    ;11; A ;90;9
55; GLOBAL II    ;11; A ;100;10
55; GLOBAL II    ;11; A ;109.12;11
55; GLOBAL II    ;11; D ;0;1
57; MARACANAU I  ;1; A ;5;1
57; MARACANAU I  ;1; A ;12;2
57; MARACANAU I  ;1; A ;17;3
57; MARACANAU I  ;1; D ;0;1
57; MARACANAU I  ;2; A ;5;1
57; MARACANAU I  ;2; A ;12;2
57; MARACANAU I  ;2; A ;17;3
57; MARACANAU I  ;2; D ;0;1
57; MARACANAU I  ;3; A ;5;1
57; MARACANAU I  ;3; A ;12;2
57; MARACANAU I  ;3; A ;17;3
57; MARACANAU I  ;3; D ;0;1
57; MARACANAU I  ;4; A ;5;1
57; MARACANAU I  ;4; A ;12;2
57; MARACANAU I  ;4; A ;17;3
57; MARACANAU I  ;4; D ;0;1
57; MARACANAU I  ;5; A ;5;1
57; MARACANAU I  ;5; A ;12;2
57; MARACANAU I  ;5; A ;17;3
57; MARACANAU I  ;5; D ;0;1
57; MARACANAU I  ;6; A ;5;1
57; MARACANAU I  ;6; A ;12;2
57; MARACANAU I  ;6; A ;17;3
57; MARACANAU I  ;6; D ;0;1
57; MARACANAU I  ;7; A ;5;1
57; MARACANAU I  ;7; A ;12;2
57; MARACANAU I  ;7; A ;17;3
57; MARACANAU I  ;7; D ;0;1
57; MARACANAU I  ;8; A ;5;1
57; MARACANAU I  ;8; A ;12;2
57; MARACANAU I  ;8; A ;17;3
57; MARACANAU I  ;8; D ;0;1
58; TERMOCEARA   ;1; A ;40;1
58; TERMOCEARA   ;1; D ;0;1
58; TERMOCEARA   ;2; A ;50;1
58; TERMOCEARA   ;2; A ;80;2
58; TERMOCEARA   ;2; D ;30;1
58; TERMOCEARA   ;2; D ;0;2
58; TERMOCEARA   ;3; A ;50;1
58; TERMOCEARA   ;3; A ;120;2
58; TERMOCEARA   ;3; D ;40;1
58; TERMOCEARA   ;3; D ;0;2
58; TERMOCEARA   ;4; A ;50;1
58; TERMOCEARA   ;4; A ;125;2
58; TERMOCEARA   ;4; A ;160;3
58; TERMOCEARA   ;4; D ;60;1
58; TERMOCEARA   ;4; D ;0;2
60; NORTEFLU     ;1; A ;5;1
60; NORTEFLU     ;1; A ;22.5;2
60; NORTEFLU     ;1; A ;40;3
60; NORTEFLU     ;1; A ;57.5;4
60; NORTEFLU     ;1; A ;75;5
60; NORTEFLU     ;1; A ;92.5;6
60; NORTEFLU     ;1; A ;110;7
60; NORTEFLU     ;1; A ;195;8
60; NORTEFLU     ;1; A ;250;9
60; NORTEFLU     ;1; D ;125;1
60; NORTEFLU     ;1; D ;0;2
60; NORTEFLU     ;2; A ;5;1
60; NORTEFLU     ;2; A ;22.5;2
60; NORTEFLU     ;2; A ;40;3
60; NORTEFLU     ;2; A ;57.5;4
60; NORTEFLU     ;2; A ;75;5
60; NORTEFLU     ;2; A ;92.5;6
60; NORTEFLU     ;2; A ;110;7
60; NORTEFLU     ;2; A ;195;8
60; NORTEFLU     ;2; A ;250;9
60; NORTEFLU     ;2; D ;125;1
60; NORTEFLU     ;2; D ;0;2
60; NORTEFLU     ;3; A ;5;1
60; NORTEFLU     ;3; A ;22.5;2
60; NORTEFLU     ;3; A ;40;3
60; NORTEFLU     ;3; A ;57.5;4
60; NORTEFLU     ;3; A ;75;5
60; NORTEFLU     ;3; A ;92.5;6
60; NORTEFLU     ;3; A ;110;7
60; NORTEFLU     ;3; A ;195;8
60; NORTEFLU     ;3; A ;250;9
60; NORTEFLU     ;3; D ;125;1
60; NORTEFLU     ;3; D ;0;2
60; NORTEFLU     ;4; A ;5;1
60; NORTEFLU     ;4; A ;22.5;2
60; NORTEFLU     ;4; A ;40;3
60; NORTEFLU     ;4; A ;76.667;4
60; NORTEFLU     ;4; A ;113.333;5
60; NORTEFLU     ;4; A ;150;6
60; NORTEFLU     ;4; A ;240;7
60; NORTEFLU     ;4; A ;376;8
60; NORTEFLU     ;4; A ;400;9
60; NORTEFLU     ;4; D ;390;1
60; NORTEFLU     ;4; D ;125;2
60; NORTEFLU     ;4; D ;0;3
60; NORTEFLU     ;5; A ;5;1
60; NORTEFLU     ;5; A ;22.5;2
60; NORTEFLU     ;5; A ;40;3
60; NORTEFLU     ;5; A ;76.667;4
60; NORTEFLU     ;5; A ;113.333;5
60; NORTEFLU     ;5; A ;150;6
60; NORTEFLU     ;5; A ;240;7
60; NORTEFLU     ;5; A ;376;8
60; NORTEFLU     ;5; A ;400;9
60; NORTEFLU     ;5; D ;390;1
60; NORTEFLU     ;5; D ;125;2
60; NORTEFLU     ;5; D ;0;3
60; NORTEFLU     ;6; A ;5;1
60; NORTEFLU     ;6; A ;22.5;2
60; NORTEFLU     ;6; A ;40;3
60; NORTEFLU     ;6; A ;76.667;4
60; NORTEFLU     ;6; A ;113.333;5
60; NORTEFLU     ;6; A ;150;6
60; NORTEFLU     ;6; A ;240;7
60; NORTEFLU     ;6; A ;376;8
60; NORTEFLU     ;6; A ;400;9
60; NORTEFLU     ;6; D ;390;1
60; NORTEFLU     ;6; D ;125;2
60; NORTEFLU     ;6; D ;0;3
60; NORTEFLU     ;7; A ;5;1
60; NORTEFLU     ;7; A ;22.5;2
60; NORTEFLU     ;7; A ;40;3
60; NORTEFLU     ;7; A ;76.667;4
60; NORTEFLU     ;7; A ;113.333;5
60; NORTEFLU     ;7; A ;150;6
60; NORTEFLU     ;7; A ;280;7
60; NORTEFLU     ;7; A ;416;8
60; NORTEFLU     ;7; A ;491;9
60; NORTEFLU     ;7; A ;620;10
60; NORTEFLU     ;7; D ;413;1
60; NORTEFLU     ;7; D ;88;2
60; NORTEFLU     ;7; D ;0;3
62; SEROPEDICA   ;1; A ;40;1
62; SEROPEDICA   ;1; D ;0;1
62; SEROPEDICA   ;2; A ;80;1
62; SEROPEDICA   ;2; D ;0;1
62; SEROPEDICA   ;3; A ;70;1
62; SEROPEDICA   ;3; A ;120;2
62; SEROPEDICA   ;3; D ;0;1
62; SEROPEDICA   ;4; A ;90;1
62; SEROPEDICA   ;4; A ;160;2
62; SEROPEDICA   ;4; D ;40;1
62; SEROPEDICA   ;4; D ;0;2
62; SEROPEDICA   ;5; A ;90;1
62; SEROPEDICA   ;5; A ;200;2
62; SEROPEDICA   ;5; D ;40;1
62; SEROPEDICA   ;5; D ;0;2
62; SEROPEDICA   ;6; A ;90;1
62; SEROPEDICA   ;6; A ;180;2
62; SEROPEDICA   ;6; A ;240;3
62; SEROPEDICA   ;6; D ;70;1
62; SEROPEDICA   ;6; D ;0;2
62; SEROPEDICA   ;7; A ;90;1
62; SEROPEDICA   ;7; A ;180;2
62; SEROPEDICA   ;7; A ;280;3
62; SEROPEDICA   ;7; D ;70;1
62; SEROPEDICA   ;7; D ;0;2
62; SEROPEDICA   ;8; A ;90;1
62; SEROPEDICA   ;8; A ;180;2
62; SEROPEDICA   ;8; A ;320;3
62; SEROPEDICA   ;8; D ;80;1
62; SEROPEDICA   ;8; D ;0;2
63; IBIRITE      ;1; A ;0;1
63; IBIRITE      ;1; A ;0;2
63; IBIRITE      ;1; A ;0;3
63; IBIRITE      ;1; A ;0;4
63; IBIRITE      ;1; A ;0;5
63; IBIRITE      ;1; A ;0;6
63; IBIRITE      ;1; A ;0;7
63; IBIRITE      ;1; A ;0;8
63; IBIRITE      ;1; A ;0;9
63; IBIRITE      ;1; A ;0;10
63; IBIRITE      ;1; A ;0;11
63; IBIRITE      ;1; A ;10;12
63; IBIRITE      ;1; A ;70;13
63; IBIRITE      ;1; A ;180;14
63; IBIRITE      ;1; D ;50;1
63; IBIRITE      ;1; D ;0;2
64; CANOAS       ;1; A ;10;1
64; CANOAS       ;1; A ;10;2
64; CANOAS       ;1; A ;10;3
64; CANOAS       ;1; A ;10;4
64; CANOAS       ;1; A ;10;5
64; CANOAS       ;1; A ;10;6
64; CANOAS       ;1; A ;10;7
64; CANOAS       ;1; A ;10;8
64; CANOAS       ;1; A ;10;9
64; CANOAS       ;1; A ;10;10
64; CANOAS       ;1; A ;10;11
64; CANOAS       ;1; A ;10;12
64; CANOAS       ;1; A ;40;13
64; CANOAS       ;1; A ;90;14
64; CANOAS       ;1; A ;160;15
64; CANOAS       ;1; A ;248.573;16
64; CANOAS       ;1; D ;130;1
64; CANOAS       ;1; D ;20;2
64; CANOAS       ;1; D ;0;3
67; TERMONE      ;1; A ;9;1
67; TERMONE      ;1; A ;17;2
67; TERMONE      ;1; A ;26;3
67; TERMONE      ;1; A ;35;4
67; TERMONE      ;1; D ;17.5;1
67; TERMONE      ;1; D ;0;2
67; TERMONE      ;2; A ;10;1
67; TERMONE      ;2; A ;20;2
67; TERMONE      ;2; A ;31;3
67; TERMONE      ;2; A ;41;4
67; TERMONE      ;2; D ;20.5;1
67; TERMONE      ;2; D ;0;2
67; TERMONE      ;3; A ;9;1
67; TERMONE      ;3; A ;19;2
67; TERMONE      ;3; A ;28;3
67; TERMONE      ;3; A ;38;4
67; TERMONE      ;3; D ;19;1
67; TERMONE      ;3; D ;0;2
68; TRES LAGOAS  ;1; A ;7;1
68; TRES LAGOAS  ;1; A ;63;2
68; TRES LAGOAS  ;1; A ;63;3
68; TRES LAGOAS  ;1; A ;63;4
68; TRES LAGOAS  ;1; A ;63;5
68; TRES LAGOAS  ;1; A ;63;6
68; TRES LAGOAS  ;1; A ;63;7
68; TRES LAGOAS  ;1; A ;63;8
68; TRES LAGOAS  ;1; A ;63;9
68; TRES LAGOAS  ;1; A ;63;10
68; TRES LAGOAS  ;1; A ;63;11
68; TRES LAGOAS  ;1; A ;63;12
68; TRES LAGOAS  ;1; A ;63;13
68; TRES LAGOAS  ;1; A ;63;14
68; TRES LAGOAS  ;1; A ;78;15
68; TRES LAGOAS  ;1; A ;78;16
68; TRES LAGOAS  ;1; A ;90;17
68; TRES LAGOAS  ;1; D ;45;1
68; TRES LAGOAS  ;1; D ;0;2
68; TRES LAGOAS  ;2; A ;7;1
68; TRES LAGOAS  ;2; A ;63;2
68; TRES LAGOAS  ;2; A ;63;3
68; TRES LAGOAS  ;2; A ;63;4
68; TRES LAGOAS  ;2; A ;63;5
68; TRES LAGOAS  ;2; A ;63;6
68; TRES LAGOAS  ;2; A ;63;7
68; TRES LAGOAS  ;2; A ;63;8
68; TRES LAGOAS  ;2; A ;63;9
68; TRES LAGOAS  ;2; A ;63;10
68; TRES LAGOAS  ;2; A ;63;11
68; TRES LAGOAS  ;2; A ;63;12
68; TRES LAGOAS  ;2; A ;63;13
68; TRES LAGOAS  ;2; A ;63;14
68; TRES LAGOAS  ;2; A ;78;15
68; TRES LAGOAS  ;2; A ;78;16
68; TRES LAGOAS  ;2; A ;90;17
68; TRES LAGOAS  ;2; D ;45;1
68; TRES LAGOAS  ;2; D ;0;2
68; TRES LAGOAS  ;3; A ;7;1
68; TRES LAGOAS  ;3; A ;63;2
68; TRES LAGOAS  ;3; A ;63;3
68; TRES LAGOAS  ;3; A ;63;4
68; TRES LAGOAS  ;3; A ;63;5
68; TRES LAGOAS  ;3; A ;63;6
68; TRES LAGOAS  ;3; A ;63;7
68; TRES LAGOAS  ;3; A ;63;8
68; TRES LAGOAS  ;3; A ;63;9
68; TRES LAGOAS  ;3; A ;63;10
68; TRES LAGOAS  ;3; A ;63;11
68; TRES LAGOAS  ;3; A ;63;12
68; TRES LAGOAS  ;3; A ;63;13
68; TRES LAGOAS  ;3; A ;63;14
68; TRES LAGOAS  ;3; A ;78;15
68; TRES LAGOAS  ;3; A ;78;16
68; TRES LAGOAS  ;3; A ;90;17
68; TRES LAGOAS  ;3; D ;45;1
68; TRES LAGOAS  ;3; D ;0;2
68; TRES LAGOAS  ;4; A ;7;1
68; TRES LAGOAS  ;4; A ;63;2
68; TRES LAGOAS  ;4; A ;63;3
68; TRES LAGOAS  ;4; A ;63;4
68; TRES LAGOAS  ;4; A ;63;5
68; TRES LAGOAS  ;4; A ;63;6
68; TRES LAGOAS  ;4; A ;63;7
68; TRES LAGOAS  ;4; A ;63;8
68; TRES LAGOAS  ;4; A ;63;9
68; TRES LAGOAS  ;4; A ;63;10
68; TRES LAGOAS  ;4; A ;63;11
68; TRES LAGOAS  ;4; A ;63;12
68; TRES LAGOAS  ;4; A ;63;13
68; TRES LAGOAS  ;4; A ;63;14
68; TRES LAGOAS  ;4; A ;78;15
68; TRES LAGOAS  ;4; A ;78;16
68; TRES LAGOAS  ;4; A ;90;17
68; TRES LAGOAS  ;4; D ;45;1
68; TRES LAGOAS  ;4; D ;0;2
68; TRES LAGOAS  ;5; A ;7;1
68; TRES LAGOAS  ;5; A ;63;2
68; TRES LAGOAS  ;5; A ;63;3
68; TRES LAGOAS  ;5; A ;63;4
68; TRES LAGOAS  ;5; A ;63;5
68; TRES LAGOAS  ;5; A ;63;6
68; TRES LAGOAS  ;5; A ;63;7
68; TRES LAGOAS  ;5; A ;70;8
68; TRES LAGOAS  ;5; A ;126;9
68; TRES LAGOAS  ;5; A ;126;10
68; TRES LAGOAS  ;5; A ;126;11
68; TRES LAGOAS  ;5; A ;126;12
68; TRES LAGOAS  ;5; A ;126;13
68; TRES LAGOAS  ;5; A ;126;14
68; TRES LAGOAS  ;5; A ;130;15
68; TRES LAGOAS  ;5; A ;141;16
68; TRES LAGOAS  ;5; A ;153;17
68; TRES LAGOAS  ;5; A ;180;18
68; TRES LAGOAS  ;5; D ;90;1
68; TRES LAGOAS  ;5; D ;0;2
68; TRES LAGOAS  ;6; A ;7;1
68; TRES LAGOAS  ;6; A ;63;2
68; TRES LAGOAS  ;6; A ;63;3
68; TRES LAGOAS  ;6; A ;63;4
68; TRES LAGOAS  ;6; A ;63;5
68; TRES LAGOAS  ;6; A ;63;6
68; TRES LAGOAS  ;6; A ;63;7
68; TRES LAGOAS  ;6; A ;70;8
68; TRES LAGOAS  ;6; A ;126;9
68; TRES LAGOAS  ;6; A ;126;10
68; TRES LAGOAS  ;6; A ;126;11
68; TRES LAGOAS  ;6; A ;126;12
68; TRES LAGOAS  ;6; A ;126;13
68; TRES LAGOAS  ;6; A ;126;14
68; TRES LAGOAS  ;6; A ;130;15
68; TRES LAGOAS  ;6; A ;141;16
68; TRES LAGOAS  ;6; A ;153;17
68; TRES LAGOAS  ;6; A ;180;18
68; TRES LAGOAS  ;6; D ;90;1
68; TRES LAGOAS  ;6; D ;0;2
68; TRES LAGOAS  ;7; A ;7;1
68; TRES LAGOAS  ;7; A ;63;2
68; TRES LAGOAS  ;7; A ;63;3
68; TRES LAGOAS  ;7; A ;63;4
68; TRES LAGOAS  ;7; A ;63;5
68; TRES LAGOAS  ;7; A ;63;6
68; TRES LAGOAS  ;7; A ;63;7
68; TRES LAGOAS  ;7; A ;70;8
68; TRES LAGOAS  ;7; A ;126;9
68; TRES LAGOAS  ;7; A ;126;10
68; TRES LAGOAS  ;7; A ;126;11
68; TRES LAGOAS  ;7; A ;126;12
68; TRES LAGOAS  ;7; A ;126;13
68; TRES LAGOAS  ;7; A ;126;14
68; TRES LAGOAS  ;7; A ;130;15
68; TRES LAGOAS  ;7; A ;141;16
68; TRES LAGOAS  ;7; A ;153;17
68; TRES LAGOAS  ;7; A ;180;18
68; TRES LAGOAS  ;7; D ;90;1
68; TRES LAGOAS  ;7; D ;0;2
68; TRES LAGOAS  ;8; A ;7;1
68; TRES LAGOAS  ;8; A ;63;2
68; TRES LAGOAS  ;8; A ;63;3
68; TRES LAGOAS  ;8; A ;63;4
68; TRES LAGOAS  ;8; A ;63;5
68; TRES LAGOAS  ;8; A ;63;6
68; TRES LAGOAS  ;8; A ;63;7
68; TRES LAGOAS  ;8; A ;70;8
68; TRES LAGOAS  ;8; A ;126;9
68; TRES LAGOAS  ;8; A ;126;10
68; TRES LAGOAS  ;8; A ;126;11
68; TRES LAGOAS  ;8; A ;126;12
68; TRES LAGOAS  ;8; A ;126;13
68; TRES LAGOAS  ;8; A ;126;14
68; TRES LAGOAS  ;8; A ;130;15
68; TRES LAGOAS  ;8; A ;141;16
68; TRES LAGOAS  ;8; A ;153;17
68; TRES LAGOAS  ;8; A ;180;18
68; TRES LAGOAS  ;8; D ;90;1
68; TRES LAGOAS  ;8; D ;0;2
68; TRES LAGOAS  ;9; A ;7;1
68; TRES LAGOAS  ;9; A ;63;2
68; TRES LAGOAS  ;9; A ;63;3
68; TRES LAGOAS  ;9; A ;63;4
68; TRES LAGOAS  ;9; A ;63;5
68; TRES LAGOAS  ;9; A ;63;6
68; TRES LAGOAS  ;9; A ;63;7
68; TRES LAGOAS  ;9; A ;70;8
68; TRES LAGOAS  ;9; A ;126;9
68; TRES LAGOAS  ;9; A ;126;10
68; TRES LAGOAS  ;9; A ;126;11
68; TRES LAGOAS  ;9; A ;126;12
68; TRES LAGOAS  ;9; A ;126;13
68; TRES LAGOAS  ;9; A ;126;14
68; TRES LAGOAS  ;9; A ;130;15
68; TRES LAGOAS  ;9; A ;141;16
68; TRES LAGOAS  ;9; A ;153;17
68; TRES LAGOAS  ;9; A ;180;18
68; TRES LAGOAS  ;9; D ;90;1
68; TRES LAGOAS  ;9; D ;0;2
68; TRES LAGOAS  ;10; A ;7;1
68; TRES LAGOAS  ;10; A ;63;2
68; TRES LAGOAS  ;10; A ;63;3
68; TRES LAGOAS  ;10; A ;63;4
68; TRES LAGOAS  ;10; A ;63;5
68; TRES LAGOAS  ;10; A ;63;6
68; TRES LAGOAS  ;10; A ;63;7
68; TRES LAGOAS  ;10; A ;70;8
68; TRES LAGOAS  ;10; A ;126;9
68; TRES LAGOAS  ;10; A ;126;10
68; TRES LAGOAS  ;10; A ;126;11
68; TRES LAGOAS  ;10; A ;126;12
68; TRES LAGOAS  ;10; A ;126;13
68; TRES LAGOAS  ;10; A ;126;14
68; TRES LAGOAS  ;10; A ;130;15
68; TRES LAGOAS  ;10; A ;141;16
68; TRES LAGOAS  ;10; A ;153;17
68; TRES LAGOAS  ;10; A ;180;18
68; TRES LAGOAS  ;10; D ;90;1
68; TRES LAGOAS  ;10; D ;0;2
68; TRES LAGOAS  ;11; A ;7;1
68; TRES LAGOAS  ;11; A ;63;2
68; TRES LAGOAS  ;11; A ;63;3
68; TRES LAGOAS  ;11; A ;63;4
68; TRES LAGOAS  ;11; A ;63;5
68; TRES LAGOAS  ;11; A ;63;6
68; TRES LAGOAS  ;11; A ;63;7
68; TRES LAGOAS  ;11; A ;70;8
68; TRES LAGOAS  ;11; A ;126;9
68; TRES LAGOAS  ;11; A ;126;10
68; TRES LAGOAS  ;11; A ;126;11
68; TRES LAGOAS  ;11; A ;126;12
68; TRES LAGOAS  ;11; A ;126;13
68; TRES LAGOAS  ;11; A ;126;14
68; TRES LAGOAS  ;11; A ;128;15
68; TRES LAGOAS  ;11; A ;141;16
68; TRES LAGOAS  ;11; A ;160;17
68; TRES LAGOAS  ;11; A ;243;18
68; TRES LAGOAS  ;11; A ;243;19
68; TRES LAGOAS  ;11; A ;243;20
68; TRES LAGOAS  ;11; A ;243;21
68; TRES LAGOAS  ;11; A ;243;22
68; TRES LAGOAS  ;11; A ;243;23
68; TRES LAGOAS  ;11; A ;243;24
68; TRES LAGOAS  ;11; A ;243;25
68; TRES LAGOAS  ;11; A ;243;26
68; TRES LAGOAS  ;11; A ;243;27
68; TRES LAGOAS  ;11; A ;243;28
68; TRES LAGOAS  ;11; A ;243;29
68; TRES LAGOAS  ;11; A ;243;30
68; TRES LAGOAS  ;11; A ;243;31
68; TRES LAGOAS  ;11; A ;258;32
68; TRES LAGOAS  ;11; A ;270;33
68; TRES LAGOAS  ;11; D ;135;1
68; TRES LAGOAS  ;11; D ;30;2
68; TRES LAGOAS  ;11; D ;0;3
68; TRES LAGOAS  ;12; A ;7;1
68; TRES LAGOAS  ;12; A ;63;2
68; TRES LAGOAS  ;12; A ;63;3
68; TRES LAGOAS  ;12; A ;63;4
68; TRES LAGOAS  ;12; A ;63;5
68; TRES LAGOAS  ;12; A ;63;6
68; TRES LAGOAS  ;12; A ;63;7
68; TRES LAGOAS  ;12; A ;70;8
68; TRES LAGOAS  ;12; A ;126;9
68; TRES LAGOAS  ;12; A ;126;10
68; TRES LAGOAS  ;12; A ;126;11
68; TRES LAGOAS  ;12; A ;126;12
68; TRES LAGOAS  ;12; A ;126;13
68; TRES LAGOAS  ;12; A ;126;14
68; TRES LAGOAS  ;12; A ;128;15
68; TRES LAGOAS  ;12; A ;141;16
68; TRES LAGOAS  ;12; A ;160;17
68; TRES LAGOAS  ;12; A ;243;18
68; TRES LAGOAS  ;12; A ;243;19
68; TRES LAGOAS  ;12; A ;243;20
68; TRES LAGOAS  ;12; A ;243;21
68; TRES LAGOAS  ;12; A ;243;22
68; TRES LAGOAS  ;12; A ;243;23
68; TRES LAGOAS  ;12; A ;243;24
68; TRES LAGOAS  ;12; A ;243;25
68; TRES LAGOAS  ;12; A ;243;26
68; TRES LAGOAS  ;12; A ;243;27
68; TRES LAGOAS  ;12; A ;243;28
68; TRES LAGOAS  ;12; A ;243;29
68; TRES LAGOAS  ;12; A ;243;30
68; TRES LAGOAS  ;12; A ;243;31
68; TRES LAGOAS  ;12; A ;258;32
68; TRES LAGOAS  ;12; A ;270;33
68; TRES LAGOAS  ;12; D ;135;1
68; TRES LAGOAS  ;12; D ;30;2
68; TRES LAGOAS  ;12; D ;0;3
68; TRES LAGOAS  ;13; A ;7;1
68; TRES LAGOAS  ;13; A ;63;2
68; TRES LAGOAS  ;13; A ;63;3
68; TRES LAGOAS  ;13; A ;63;4
68; TRES LAGOAS  ;13; A ;63;5
68; TRES LAGOAS  ;13; A ;63;6
68; TRES LAGOAS  ;13; A ;63;7
68; TRES LAGOAS  ;13; A ;70;8
68; TRES LAGOAS  ;13; A ;126;9
68; TRES LAGOAS  ;13; A ;126;10
68; TRES LAGOAS  ;13; A ;126;11
68; TRES LAGOAS  ;13; A ;126;12
68; TRES LAGOAS  ;13; A ;126;13
68; TRES LAGOAS  ;13; A ;126;14
68; TRES LAGOAS  ;13; A ;128;15
68; TRES LAGOAS  ;13; A ;141;16
68; TRES LAGOAS  ;13; A ;160;17
68; TRES LAGOAS  ;13; A ;243;18
68; TRES LAGOAS  ;13; A ;243;19
68; TRES LAGOAS  ;13; A ;243;20
68; TRES LAGOAS  ;13; A ;243;21
68; TRES LAGOAS  ;13; A ;243;22
68; TRES LAGOAS  ;13; A ;243;23
68; TRES LAGOAS  ;13; A ;243;24
68; TRES LAGOAS  ;13; A ;243;25
68; TRES LAGOAS  ;13; A ;243;26
68; TRES LAGOAS  ;13; A ;243;27
68; TRES LAGOAS  ;13; A ;243;28
68; TRES LAGOAS  ;13; A ;243;29
68; TRES LAGOAS  ;13; A ;243;30
68; TRES LAGOAS  ;13; A ;243;31
68; TRES LAGOAS  ;13; A ;258;32
68; TRES LAGOAS  ;13; A ;270;33
68; TRES LAGOAS  ;13; D ;135;1
68; TRES LAGOAS  ;13; D ;30;2
68; TRES LAGOAS  ;13; D ;0;3
68; TRES LAGOAS  ;14; A ;7;1
68; TRES LAGOAS  ;14; A ;63;2
68; TRES LAGOAS  ;14; A ;63;3
68; TRES LAGOAS  ;14; A ;63;4
68; TRES LAGOAS  ;14; A ;63;5
68; TRES LAGOAS  ;14; A ;63;6
68; TRES LAGOAS  ;14; A ;63;7
68; TRES LAGOAS  ;14; A ;70;8
68; TRES LAGOAS  ;14; A ;126;9
68; TRES LAGOAS  ;14; A ;126;10
68; TRES LAGOAS  ;14; A ;126;11
68; TRES LAGOAS  ;14; A ;126;12
68; TRES LAGOAS  ;14; A ;126;13
68; TRES LAGOAS  ;14; A ;126;14
68; TRES LAGOAS  ;14; A ;128;15
68; TRES LAGOAS  ;14; A ;141;16
68; TRES LAGOAS  ;14; A ;160;17
68; TRES LAGOAS  ;14; A ;243;18
68; TRES LAGOAS  ;14; A ;243;19
68; TRES LAGOAS  ;14; A ;243;20
68; TRES LAGOAS  ;14; A ;243;21
68; TRES LAGOAS  ;14; A ;243;22
68; TRES LAGOAS  ;14; A ;243;23
68; TRES LAGOAS  ;14; A ;243;24
68; TRES LAGOAS  ;14; A ;243;25
68; TRES LAGOAS  ;14; A ;243;26
68; TRES LAGOAS  ;14; A ;243;27
68; TRES LAGOAS  ;14; A ;243;28
68; TRES LAGOAS  ;14; A ;243;29
68; TRES LAGOAS  ;14; A ;243;30
68; TRES LAGOAS  ;14; A ;243;31
68; TRES LAGOAS  ;14; A ;258;32
68; TRES LAGOAS  ;14; A ;270;33
68; TRES LAGOAS  ;14; D ;135;1
68; TRES LAGOAS  ;14; D ;30;2
68; TRES LAGOAS  ;14; D ;0;3
68; TRES LAGOAS  ;15; A ;7;1
68; TRES LAGOAS  ;15; A ;63;2
68; TRES LAGOAS  ;15; A ;63;3
68; TRES LAGOAS  ;15; A ;63;4
68; TRES LAGOAS  ;15; A ;63;5
68; TRES LAGOAS  ;15; A ;63;6
68; TRES LAGOAS  ;15; A ;63;7
68; TRES LAGOAS  ;15; A ;70;8
68; TRES LAGOAS  ;15; A ;126;9
68; TRES LAGOAS  ;15; A ;126;10
68; TRES LAGOAS  ;15; A ;126;11
68; TRES LAGOAS  ;15; A ;126;12
68; TRES LAGOAS  ;15; A ;126;13
68; TRES LAGOAS  ;15; A ;126;14
68; TRES LAGOAS  ;15; A ;129;15
68; TRES LAGOAS  ;15; A ;141;16
68; TRES LAGOAS  ;15; A ;160;17
68; TRES LAGOAS  ;15; A ;243;18
68; TRES LAGOAS  ;15; A ;243;19
68; TRES LAGOAS  ;15; A ;243;20
68; TRES LAGOAS  ;15; A ;243;21
68; TRES LAGOAS  ;15; A ;243;22
68; TRES LAGOAS  ;15; A ;243;23
68; TRES LAGOAS  ;15; A ;250;24
68; TRES LAGOAS  ;15; A ;306;25
68; TRES LAGOAS  ;15; A ;306;26
68; TRES LAGOAS  ;15; A ;306;27
68; TRES LAGOAS  ;15; A ;306;28
68; TRES LAGOAS  ;15; A ;306;29
68; TRES LAGOAS  ;15; A ;306;30
68; TRES LAGOAS  ;15; A ;306;31
68; TRES LAGOAS  ;15; A ;321;32
68; TRES LAGOAS  ;15; A ;333;33
68; TRES LAGOAS  ;15; A ;350;34
68; TRES LAGOAS  ;15; D ;180;1
68; TRES LAGOAS  ;15; D ;50;2
68; TRES LAGOAS  ;15; D ;0;3
69; TERMOPB      ;1; A ;9;1
69; TERMOPB      ;1; A ;17;2
69; TERMOPB      ;1; A ;26;3
69; TERMOPB      ;1; A ;35;4
69; TERMOPB      ;1; D ;17.5;1
69; TERMOPB      ;1; D ;0;2
69; TERMOPB      ;2; A ;10;1
69; TERMOPB      ;2; A ;20;2
69; TERMOPB      ;2; A ;31;3
69; TERMOPB      ;2; A ;41;4
69; TERMOPB      ;2; D ;20.5;1
69; TERMOPB      ;2; D ;0;2
69; TERMOPB      ;3; A ;9;1
69; TERMOPB      ;3; A ;19;2
69; TERMOPB      ;3; A ;28;3
69; TERMOPB      ;3; A ;38;4
69; TERMOPB      ;3; D ;19;1
69; TERMOPB      ;3; D ;0;2
70; GERAMAR II   ;1; A ;32;1
70; GERAMAR II   ;1; A ;64;2
70; GERAMAR II   ;1; A ;125;3
70; GERAMAR II   ;1; D ;79;1
70; GERAMAR II   ;1; D ;0;2
73; GERAMAR I    ;1; A ;32;1
73; GERAMAR I    ;1; A ;64;2
73; GERAMAR I    ;1; A ;125;3
73; GERAMAR I    ;1; D ;79;1
73; GERAMAR I    ;1; D ;0;2
83; VALE DO ACU  ;1; A ;110;1
83; VALE DO ACU  ;1; D ;0;1
86; ST.CRUZ NOVA ;1; A ;40;1
86; ST.CRUZ NOVA ;1; A ;80;2
86; ST.CRUZ NOVA ;1; A ;120;3
86; ST.CRUZ NOVA ;1; D ;60;1
86; ST.CRUZ NOVA ;1; D ;0;2
86; ST.CRUZ NOVA ;2; A ;10;1
86; ST.CRUZ NOVA ;2; A ;20;2
86; ST.CRUZ NOVA ;2; A ;30;3
86; ST.CRUZ NOVA ;2; A ;40;4
86; ST.CRUZ NOVA ;2; A ;50;5
86; ST.CRUZ NOVA ;2; A ;60;6
86; ST.CRUZ NOVA ;2; A ;70;7
86; ST.CRUZ NOVA ;2; A ;80;8
86; ST.CRUZ NOVA ;2; D ;60;1
86; ST.CRUZ NOVA ;2; D ;40;2
86; ST.CRUZ NOVA ;2; D ;20;3
86; ST.CRUZ NOVA ;2; D ;0;4
86; ST.CRUZ NOVA ;3; A ;10;1
86; ST.CRUZ NOVA ;3; A ;20;2
86; ST.CRUZ NOVA ;3; A ;30;3
86; ST.CRUZ NOVA ;3; A ;40;4
86; ST.CRUZ NOVA ;3; A ;50;5
86; ST.CRUZ NOVA ;3; A ;60;6
86; ST.CRUZ NOVA ;3; A ;70;7
86; ST.CRUZ NOVA ;3; A ;80;8
86; ST.CRUZ NOVA ;3; D ;60;1
86; ST.CRUZ NOVA ;3; D ;40;2
86; ST.CRUZ NOVA ;3; D ;20;3
86; ST.CRUZ NOVA ;3; D ;0;4
86; ST.CRUZ NOVA ;4; A ;22.5;1
86; ST.CRUZ NOVA ;4; A ;45;2
86; ST.CRUZ NOVA ;4; A ;67.5;3
86; ST.CRUZ NOVA ;4; A ;90;4
86; ST.CRUZ NOVA ;4; A ;112.5;5
86; ST.CRUZ NOVA ;4; A ;135;6
86; ST.CRUZ NOVA ;4; A ;157.5;7
86; ST.CRUZ NOVA ;4; A ;180;8
86; ST.CRUZ NOVA ;4; D ;135;1
86; ST.CRUZ NOVA ;4; D ;90;2
86; ST.CRUZ NOVA ;4; D ;45;3
86; ST.CRUZ NOVA ;4; D ;0;4
90; TERMOMACAE   ;1; A ;40;1
90; TERMOMACAE   ;1; D ;0;1
90; TERMOMACAE   ;2; A ;80;1
90; TERMOMACAE   ;2; D ;0;1
90; TERMOMACAE   ;3; A ;90;1
90; TERMOMACAE   ;3; A ;120;2
90; TERMOMACAE   ;3; D ;0;1
90; TERMOMACAE   ;4; A ;90;1
90; TERMOMACAE   ;4; A ;160;2
90; TERMOMACAE   ;4; D ;0;1
90; TERMOMACAE   ;5; A ;90;1
90; TERMOMACAE   ;5; A ;200;2
90; TERMOMACAE   ;5; D ;45;1
90; TERMOMACAE   ;5; D ;0;2
90; TERMOMACAE   ;6; A ;90;1
90; TERMOMACAE   ;6; A ;180;2
90; TERMOMACAE   ;6; A ;240;3
90; TERMOMACAE   ;6; D ;45;1
90; TERMOMACAE   ;6; D ;0;2
90; TERMOMACAE   ;7; A ;90;1
90; TERMOMACAE   ;7; A ;180;2
90; TERMOMACAE   ;7; A ;280;3
90; TERMOMACAE   ;7; D ;45;1
90; TERMOMACAE   ;7; D ;0;2
90; TERMOMACAE   ;8; A ;90;1
90; TERMOMACAE   ;8; A ;180;2
90; TERMOMACAE   ;8; A ;320;3
90; TERMOMACAE   ;8; D ;45;1
90; TERMOMACAE   ;8; D ;0;2
90; TERMOMACAE   ;9; A ;90;1
90; TERMOMACAE   ;9; A ;180;2
90; TERMOMACAE   ;9; A ;360;3
90; TERMOMACAE   ;9; D ;45;1
90; TERMOMACAE   ;9; D ;0;2
90; TERMOMACAE   ;10; A ;90;1
90; TERMOMACAE   ;10; A ;180;2
90; TERMOMACAE   ;10; A ;400;3
90; TERMOMACAE   ;10; D ;80;1
90; TERMOMACAE   ;10; D ;0;2
90; TERMOMACAE   ;11; A ;90;1
90; TERMOMACAE   ;11; A ;180;2
90; TERMOMACAE   ;11; A ;360;3
90; TERMOMACAE   ;11; A ;440;4
90; TERMOMACAE   ;11; D ;80;1
90; TERMOMACAE   ;11; D ;0;2
90; TERMOMACAE   ;12; A ;90;1
90; TERMOMACAE   ;12; A ;180;2
90; TERMOMACAE   ;12; A ;360;3
90; TERMOMACAE   ;12; A ;480;4
90; TERMOMACAE   ;12; D ;80;1
90; TERMOMACAE   ;12; D ;0;2
90; TERMOMACAE   ;13; A ;90;1
90; TERMOMACAE   ;13; A ;180;2
90; TERMOMACAE   ;13; A ;360;3
90; TERMOMACAE   ;13; A ;520;4
90; TERMOMACAE   ;13; D ;80;1
90; TERMOMACAE   ;13; D ;0;2
90; TERMOMACAE   ;14; A ;90;1
90; TERMOMACAE   ;14; A ;180;2
90; TERMOMACAE   ;14; A ;360;3
90; TERMOMACAE   ;14; A ;560;4
90; TERMOMACAE   ;14; D ;80;1
90; TERMOMACAE   ;14; D ;0;2
90; TERMOMACAE   ;15; A ;90;1
90; TERMOMACAE   ;15; A ;180;2
90; TERMOMACAE   ;15; A ;360;3
90; TERMOMACAE   ;15; A ;600;4
90; TERMOMACAE   ;15; D ;80;1
90; TERMOMACAE   ;15; D ;0;2
90; TERMOMACAE   ;16; A ;90;1
90; TERMOMACAE   ;16; A ;180;2
90; TERMOMACAE   ;16; A ;360;3
90; TERMOMACAE   ;16; A ;540;4
90; TERMOMACAE   ;16; A ;640;5
90; TERMOMACAE   ;16; D ;280;1
90; TERMOMACAE   ;16; D ;45;2
90; TERMOMACAE   ;16; D ;0;3
90; TERMOMACAE   ;17; A ;90;1
90; TERMOMACAE   ;17; A ;180;2
90; TERMOMACAE   ;17; A ;360;3
90; TERMOMACAE   ;17; A ;540;4
90; TERMOMACAE   ;17; A ;680;5
90; TERMOMACAE   ;17; D ;280;1
90; TERMOMACAE   ;17; D ;45;2
90; TERMOMACAE   ;17; D ;0;3
90; TERMOMACAE   ;18; A ;90;1
90; TERMOMACAE   ;18; A ;180;2
90; TERMOMACAE   ;18; A ;360;3
90; TERMOMACAE   ;18; A ;540;4
90; TERMOMACAE   ;18; A ;720;5
90; TERMOMACAE   ;18; D ;280;1
90; TERMOMACAE   ;18; D ;45;2
90; TERMOMACAE   ;18; D ;0;3
90; TERMOMACAE   ;19; A ;90;1
90; TERMOMACAE   ;19; A ;180;2
90; TERMOMACAE   ;19; A ;360;3
90; TERMOMACAE   ;19; A ;540;4
90; TERMOMACAE   ;19; A ;760;5
90; TERMOMACAE   ;19; D ;280;1
90; TERMOMACAE   ;19; D ;45;2
90; TERMOMACAE   ;19; D ;0;3
90; TERMOMACAE   ;20; A ;90;1
90; TERMOMACAE   ;20; A ;180;2
90; TERMOMACAE   ;20; A ;360;3
90; TERMOMACAE   ;20; A ;540;4
90; TERMOMACAE   ;20; A ;800;5
90; TERMOMACAE   ;20; D ;280;1
90; TERMOMACAE   ;20; D ;45;2
90; TERMOMACAE   ;20; D ;0;3
96; TERMOPE      ;1; A ;17;1
96; TERMOPE      ;1; A ;17;2
96; TERMOPE      ;1; A ;17;3
96; TERMOPE      ;1; A ;17;4
96; TERMOPE      ;1; A ;17;5
96; TERMOPE      ;1; A ;17;6
96; TERMOPE      ;1; A ;40;7
96; TERMOPE      ;1; A ;55;8
96; TERMOPE      ;1; A ;120;9
96; TERMOPE      ;1; D ;0;1
96; TERMOPE      ;2; A ;17;1
96; TERMOPE      ;2; A ;17;2
96; TERMOPE      ;2; A ;17;3
96; TERMOPE      ;2; A ;17;4
96; TERMOPE      ;2; A ;17;5
96; TERMOPE      ;2; A ;17;6
96; TERMOPE      ;2; A ;40;7
96; TERMOPE      ;2; A ;55;8
96; TERMOPE      ;2; A ;120;9
96; TERMOPE      ;2; D ;0;1
96; TERMOPE      ;3; A ;17;1
96; TERMOPE      ;3; A ;34;2
96; TERMOPE      ;3; A ;34;3
96; TERMOPE      ;3; A ;34;4
96; TERMOPE      ;3; A ;34;5
96; TERMOPE      ;3; A ;49;6
96; TERMOPE      ;3; A ;105;7
96; TERMOPE      ;3; A ;160;8
96; TERMOPE      ;3; A ;200;9
96; TERMOPE      ;3; A ;240;10
96; TERMOPE      ;3; D ;0;1
97; CUBATAO      ;1; A ;0;1
97; CUBATAO      ;1; A ;2.5;2
97; CUBATAO      ;1; A ;5;3
97; CUBATAO      ;1; A ;7.5;4
97; CUBATAO      ;1; A ;10;5
97; CUBATAO      ;1; A ;20;6
97; CUBATAO      ;1; A ;30;7
97; CUBATAO      ;1; A ;60;8
97; CUBATAO      ;1; A ;75;9
97; CUBATAO      ;1; A ;90;10
97; CUBATAO      ;1; A ;100;11
97; CUBATAO      ;1; A ;110;12
97; CUBATAO      ;1; D ;110;1
97; CUBATAO      ;1; D ;100;2
97; CUBATAO      ;1; D ;30;3
97; CUBATAO      ;1; D ;0;4
97; CUBATAO      ;2; A ;0;1
97; CUBATAO      ;2; A ;1.25;2
97; CUBATAO      ;2; A ;2.5;3
97; CUBATAO      ;2; A ;3.75;4
97; CUBATAO      ;2; A ;5;5
97; CUBATAO      ;2; A ;10;6
97; CUBATAO      ;2; A ;15;7
97; CUBATAO      ;2; A ;20;8
97; CUBATAO      ;2; A ;25;9
97; CUBATAO      ;2; D ;25;1
97; CUBATAO      ;2; D ;15;2
97; CUBATAO      ;2; D ;5;3
97; CUBATAO      ;2; D ;0;4
97; CUBATAO      ;3; A ;0;1
97; CUBATAO      ;3; A ;2.5;2
97; CUBATAO      ;3; A ;5;3
97; CUBATAO      ;3; A ;7.5;4
97; CUBATAO      ;3; A ;10;5
97; CUBATAO      ;3; A ;20;6
97; CUBATAO      ;3; A ;30;7
97; CUBATAO      ;3; A ;60;8
97; CUBATAO      ;3; A ;85;9
97; CUBATAO      ;3; D ;70;1
97; CUBATAO      ;3; D ;0;2
98; PERNAMBU_III ;1; A ;8.73;1
98; PERNAMBU_III ;1; D ;0;1
98; PERNAMBU_III ;2; A ;8.73;1
98; PERNAMBU_III ;2; D ;0;1
98; PERNAMBU_III ;3; A ;8.73;1
98; PERNAMBU_III ;3; D ;0;1
98; PERNAMBU_III ;4; A ;8.73;1
98; PERNAMBU_III ;4; D ;0;1
106; ERB CANDEIAS ;1; A ;0;1
106; ERB CANDEIAS ;1; A ;0;2
106; ERB CANDEIAS ;1; A ;0;3
106; ERB CANDEIAS ;1; A ;0;4
106; ERB CANDEIAS ;1; A ;0;5
106; ERB CANDEIAS ;1; A ;0;6
106; ERB CANDEIAS ;1; A ;0;7
106; ERB CANDEIAS ;1; A ;0;8
106; ERB CANDEIAS ;1; A ;0;9
106; ERB CANDEIAS ;1; A ;0;10
106; ERB CANDEIAS ;1; A ;0;11
106; ERB CANDEIAS ;1; A ;0;12
106; ERB CANDEIAS ;1; A ;0;13
106; ERB CANDEIAS ;1; A ;0;14
106; ERB CANDEIAS ;1; A ;0;15
106; ERB CANDEIAS ;1; A ;0;16
106; ERB CANDEIAS ;1; A ;1;17
106; ERB CANDEIAS ;1; A ;2;18
106; ERB CANDEIAS ;1; A ;3;19
106; ERB CANDEIAS ;1; A ;3.5;20
106; ERB CANDEIAS ;1; D ;2;1
106; ERB CANDEIAS ;1; D ;0;2
107; PAMPA SUL    ;1; A ;0;1
107; PAMPA SUL    ;1; A ;0;2
107; PAMPA SUL    ;1; A ;0;3
107; PAMPA SUL    ;1; A ;0;4
107; PAMPA SUL    ;1; A ;0;5
107; PAMPA SUL    ;1; A ;0;6
107; PAMPA SUL    ;1; A ;0;7
107; PAMPA SUL    ;1; A ;0;8
107; PAMPA SUL    ;1; A ;0;9
107; PAMPA SUL    ;1; A ;0;10
107; PAMPA SUL    ;1; A ;0;11
107; PAMPA SUL    ;1; A ;0;12
107; PAMPA SUL    ;1; A ;0;13
107; PAMPA SUL    ;1; A ;0;14
107; PAMPA SUL    ;1; A ;0;15
107; PAMPA SUL    ;1; A ;0;16
107; PAMPA SUL    ;1; A ;0;17
107; PAMPA SUL    ;1; A ;0;18
107; PAMPA SUL    ;1; A ;0;19
107; PAMPA SUL    ;1; A ;0;20
107; PAMPA SUL    ;1; A ;0;21
107; PAMPA SUL    ;1; A ;0;22
107; PAMPA SUL    ;1; A ;0;23
107; PAMPA SUL    ;1; A ;0;24
107; PAMPA SUL    ;1; A ;0;25
107; PAMPA SUL    ;1; A ;0;26
107; PAMPA SUL    ;1; A ;0;27
107; PAMPA SUL    ;1; A ;0;28
107; PAMPA SUL    ;1; A ;0;29
107; PAMPA SUL    ;1; A ;0;30
107; PAMPA SUL    ;1; A ;0;31
107; PAMPA SUL    ;1; A ;0;32
107; PAMPA SUL    ;1; A ;0;33
107; PAMPA SUL    ;1; A ;0;34
107; PAMPA SUL    ;1; A ;0;35
107; PAMPA SUL    ;1; A ;0;36
107; PAMPA SUL    ;1; A ;0;37
107; PAMPA SUL    ;1; A ;0;38
107; PAMPA SUL    ;1; A ;0;39
107; PAMPA SUL    ;1; A ;0;40
107; PAMPA SUL    ;1; A ;0;41
107; PAMPA SUL    ;1; A ;0;42
107; PAMPA SUL    ;1; A ;0;43
107; PAMPA SUL    ;1; A ;0;44
107; PAMPA SUL    ;1; A ;0;45
107; PAMPA SUL    ;1; A ;0;46
107; PAMPA SUL    ;1; A ;40;47
107; PAMPA SUL    ;1; A ;60;48
107; PAMPA SUL    ;1; A ;80;49
107; PAMPA SUL    ;1; A ;100;50
107; PAMPA SUL    ;1; A ;120;51
107; PAMPA SUL    ;1; A ;140;52
107; PAMPA SUL    ;1; A ;160;53
107; PAMPA SUL    ;1; A ;180;54
107; PAMPA SUL    ;1; A ;200;55
107; PAMPA SUL    ;1; A ;220;56
107; PAMPA SUL    ;1; A ;240;57
107; PAMPA SUL    ;1; A ;250;58
107; PAMPA SUL    ;1; D ;250;1
107; PAMPA SUL    ;1; D ;220;2
107; PAMPA SUL    ;1; D ;190;3
107; PAMPA SUL    ;1; D ;160;4
107; PAMPA SUL    ;1; D ;130;5
107; PAMPA SUL    ;1; D ;100;6
107; PAMPA SUL    ;1; D ;100;7
107; PAMPA SUL    ;1; D ;70;8
107; PAMPA SUL    ;1; D ;40;9
107; PAMPA SUL    ;1; D ;0;10
108; XAVANTES     ;1; A ;18;1
108; XAVANTES     ;1; D ;9;1
108; XAVANTES     ;1; D ;0;2
108; XAVANTES     ;2; A ;18;1
108; XAVANTES     ;2; D ;9;1
108; XAVANTES     ;2; D ;0;2
110; N.PIRATININ  ;1; A ;95;1
110; N.PIRATININ  ;1; D ;0;1
110; N.PIRATININ  ;2; A ;90;1
110; N.PIRATININ  ;2; A ;190;2
110; N.PIRATININ  ;2; D ;60;1
110; N.PIRATININ  ;2; D ;0;2
110; N.PIRATININ  ;3; A ;90;1
110; N.PIRATININ  ;3; A ;180;2
110; N.PIRATININ  ;3; A ;285;3
110; N.PIRATININ  ;3; D ;90;1
110; N.PIRATININ  ;3; D ;0;2
110; N.PIRATININ  ;4; A ;90;1
110; N.PIRATININ  ;4; A ;180;2
110; N.PIRATININ  ;4; A ;270;3
110; N.PIRATININ  ;4; A ;380;4
110; N.PIRATININ  ;4; D ;120;1
110; N.PIRATININ  ;4; D ;0;2
116; PARNAIBA IV  ;1; A ;30;1
116; PARNAIBA IV  ;1; A ;45;2
116; PARNAIBA IV  ;1; D ;30;1
116; PARNAIBA IV  ;1; D ;0;2
137; GNA I        ;1; A ;0;1
137; GNA I        ;1; A ;0;2
137; GNA I        ;1; A ;0;3
137; GNA I        ;1; A ;0;4
137; GNA I        ;1; A ;0;5
137; GNA I        ;1; A ;0;6
137; GNA I        ;1; A ;0;7
137; GNA I        ;1; A ;0;8
137; GNA I        ;1; A ;0;9
137; GNA I        ;1; A ;0;10
137; GNA I        ;1; A ;60;11
137; GNA I        ;1; A ;90;12
137; GNA I        ;1; A ;150;13
137; GNA I        ;1; A ;180;14
137; GNA I        ;1; A ;240;15
137; GNA I        ;1; A ;270;16
137; GNA I        ;1; A ;270;17
137; GNA I        ;1; A ;270;18
137; GNA I        ;1; A ;270;19
137; GNA I        ;1; A ;270;20
137; GNA I        ;1; A ;270;21
137; GNA I        ;1; A ;270;22
137; GNA I        ;1; A ;270;23
137; GNA I        ;1; A ;270;24
137; GNA I        ;1; A ;270;25
137; GNA I        ;1; A ;270;26
137; GNA I        ;1; A ;270;27
137; GNA I        ;1; A ;270;28
137; GNA I        ;1; A ;270;29
137; GNA I        ;1; A ;270;30
137; GNA I        ;1; A ;270;31
137; GNA I        ;1; A ;270;32
137; GNA I        ;1; A ;270;33
137; GNA I        ;1; A ;270;34
137; GNA I        ;1; A ;270;35
137; GNA I        ;1; A ;270;36
137; GNA I        ;1; A ;270;37
137; GNA I        ;1; A ;270;38
137; GNA I        ;1; A ;270;39
137; GNA I        ;1; A ;270;40
137; GNA I        ;1; A ;270;41
137; GNA I        ;1; A ;490;42
137; GNA I        ;1; A ;900;43
137; GNA I        ;1; A ;1338.3;44
137; GNA I        ;1; D ;500;1
137; GNA I        ;1; D ;290;2
137; GNA I        ;1; D ;0;3
140; MAUA 3       ;1; A ;15;1
140; MAUA 3       ;1; A ;30;2
140; MAUA 3       ;1; A ;30;3
140; MAUA 3       ;1; A ;30;4
140; MAUA 3       ;1; A ;30;5
140; MAUA 3       ;1; A ;45;6
140; MAUA 3       ;1; A ;60;7
140; MAUA 3       ;1; A ;90;8
140; MAUA 3       ;1; A ;120;9
140; MAUA 3       ;1; A ;130;10
140; MAUA 3       ;1; A ;130;11
140; MAUA 3       ;1; A ;130;12
140; MAUA 3       ;1; A ;130;13
140; MAUA 3       ;1; A ;160;14
140; MAUA 3       ;1; A ;190;15
140; MAUA 3       ;1; A ;200;16
140; MAUA 3       ;1; A ;200;17
140; MAUA 3       ;1; A ;200;18
140; MAUA 3       ;1; A ;200;19
140; MAUA 3       ;1; A ;200;20
140; MAUA 3       ;1; A ;200;21
140; MAUA 3       ;1; A ;200;22
140; MAUA 3       ;1; A ;200;23
140; MAUA 3       ;1; A ;200;24
140; MAUA 3       ;1; A ;200;25
140; MAUA 3       ;1; A ;200;26
140; MAUA 3       ;1; A ;240;27
140; MAUA 3       ;1; A ;360;28
140; MAUA 3       ;1; A ;480;29
140; MAUA 3       ;1; D ;360;1
140; MAUA 3       ;1; D ;240;2
140; MAUA 3       ;1; D ;120;3
140; MAUA 3       ;1; D ;0;4
140; MAUA 3       ;2; A ;15;1
140; MAUA 3       ;2; A ;30;2
140; MAUA 3       ;2; A ;30;3
140; MAUA 3       ;2; A ;30;4
140; MAUA 3       ;2; A ;30;5
140; MAUA 3       ;2; A ;30;6
140; MAUA 3       ;2; A ;30;7
140; MAUA 3       ;2; A ;60;8
140; MAUA 3       ;2; A ;90;9
140; MAUA 3       ;2; A ;100;10
140; MAUA 3       ;2; A ;100;11
140; MAUA 3       ;2; A ;100;12
140; MAUA 3       ;2; A ;100;13
140; MAUA 3       ;2; A ;100;14
140; MAUA 3       ;2; A ;100;15
140; MAUA 3       ;2; A ;100;16
140; MAUA 3       ;2; A ;100;17
140; MAUA 3       ;2; A ;100;18
140; MAUA 3       ;2; A ;100;19
140; MAUA 3       ;2; A ;100;20
140; MAUA 3       ;2; A ;100;21
140; MAUA 3       ;2; A ;100;22
140; MAUA 3       ;2; A ;144;23
140; MAUA 3       ;2; A ;204;24
140; MAUA 3       ;2; A ;264;25
140; MAUA 3       ;2; D ;204;1
140; MAUA 3       ;2; D ;144;2
140; MAUA 3       ;2; D ;84;3
140; MAUA 3       ;2; D ;0;4
140; MAUA 3       ;3; A ;15;1
140; MAUA 3       ;3; A ;30;2
140; MAUA 3       ;3; A ;30;3
140; MAUA 3       ;3; A ;30;4
140; MAUA 3       ;3; A ;30;5
140; MAUA 3       ;3; A ;30;6
140; MAUA 3       ;3; A ;30;7
140; MAUA 3       ;3; A ;60;8
140; MAUA 3       ;3; A ;90;9
140; MAUA 3       ;3; A ;100;10
140; MAUA 3       ;3; A ;100;11
140; MAUA 3       ;3; A ;100;12
140; MAUA 3       ;3; A ;100;13
140; MAUA 3       ;3; A ;100;14
140; MAUA 3       ;3; A ;100;15
140; MAUA 3       ;3; A ;100;16
140; MAUA 3       ;3; A ;100;17
140; MAUA 3       ;3; A ;100;18
140; MAUA 3       ;3; A ;100;19
140; MAUA 3       ;3; A ;100;20
140; MAUA 3       ;3; A ;100;21
140; MAUA 3       ;3; A ;100;22
140; MAUA 3       ;3; A ;144;23
140; MAUA 3       ;3; A ;204;24
140; MAUA 3       ;3; A ;264;25
140; MAUA 3       ;3; D ;204;1
140; MAUA 3       ;3; D ;144;2
140; MAUA 3       ;3; D ;84;3
140; MAUA 3       ;3; D ;0;4
144; PETROLINA    ;1; A ;11.3;1
144; PETROLINA    ;1; D ;1.2;1
144; PETROLINA    ;1; D ;0;2
144; PETROLINA    ;2; A ;21.7;1
144; PETROLINA    ;2; A ;22.6;2
144; PETROLINA    ;2; D ;2.3;1
144; PETROLINA    ;2; D ;0;2
144; PETROLINA    ;3; A ;24.4;1
144; PETROLINA    ;3; A ;33.9;2
144; PETROLINA    ;3; D ;3.5;1
144; PETROLINA    ;3; D ;0;2
144; PETROLINA    ;4; A ;24.7;1
144; PETROLINA    ;4; A ;45.2;2
144; PETROLINA    ;4; D ;4.6;1
144; PETROLINA    ;4; D ;0;2
144; PETROLINA    ;5; A ;24.7;1
144; PETROLINA    ;5; A ;56.5;2
144; PETROLINA    ;5; D ;5.8;1
144; PETROLINA    ;5; D ;0;2
144; PETROLINA    ;6; A ;24.7;1
144; PETROLINA    ;6; A ;67.8;2
144; PETROLINA    ;6; D ;7;1
144; PETROLINA    ;6; D ;0;2
144; PETROLINA    ;7; A ;24.7;1
144; PETROLINA    ;7; A ;79.1;2
144; PETROLINA    ;7; D ;8.1;1
144; PETROLINA    ;7; D ;0;2
144; PETROLINA    ;8; A ;24.7;1
144; PETROLINA    ;8; A ;79;2
144; PETROLINA    ;8; A ;90.4;3
144; PETROLINA    ;8; D ;9.3;1
144; PETROLINA    ;8; D ;0;2
146; STA VITORIA  ;1; A ;0;1
146; STA VITORIA  ;1; A ;0;2
146; STA VITORIA  ;1; A ;0;3
146; STA VITORIA  ;1; A ;0;4
146; STA VITORIA  ;1; A ;0;5
146; STA VITORIA  ;1; A ;0;6
146; STA VITORIA  ;1; A ;0;7
146; STA VITORIA  ;1; A ;0;8
146; STA VITORIA  ;1; A ;0;9
146; STA VITORIA  ;1; A ;0;10
146; STA VITORIA  ;1; A ;0;11
146; STA VITORIA  ;1; A ;0;12
146; STA VITORIA  ;1; A ;0;13
146; STA VITORIA  ;1; A ;0;14
146; STA VITORIA  ;1; A ;0;15
146; STA VITORIA  ;1; A ;0;16
146; STA VITORIA  ;1; A ;0;17
146; STA VITORIA  ;1; A ;0;18
146; STA VITORIA  ;1; A ;0;19
146; STA VITORIA  ;1; A ;0;20
146; STA VITORIA  ;1; A ;0;21
146; STA VITORIA  ;1; A ;0;22
146; STA VITORIA  ;1; A ;5;23
146; STA VITORIA  ;1; A ;10;24
146; STA VITORIA  ;1; A ;18;25
146; STA VITORIA  ;1; D ;0;1
147; PROSPERID. 1 ;1; A ;4.6;1
147; PROSPERID. 1 ;1; D ;0.3;1
147; PROSPERID. 1 ;1; D ;0;2
147; PROSPERID. 1 ;2; A ;4.6;1
147; PROSPERID. 1 ;2; D ;0.3;1
147; PROSPERID. 1 ;2; D ;0;2
147; PROSPERID. 1 ;3; A ;4.6;1
147; PROSPERID. 1 ;3; D ;0.3;1
147; PROSPERID. 1 ;3; D ;0;2
149; SAO SEPE     ;1; A ;1.6;1
149; SAO SEPE     ;1; D ;0;1
151; POTIGUAR     ;1; A ;5;1
151; POTIGUAR     ;1; D ;0;1
151; POTIGUAR     ;2; A ;5;1
151; POTIGUAR     ;2; D ;0;1
151; POTIGUAR     ;3; A ;5;1
151; POTIGUAR     ;3; D ;0;1
151; POTIGUAR     ;4; A ;5;1
151; POTIGUAR     ;4; D ;0;1
152; TERMOCABO    ;1; A ;0;1
152; TERMOCABO    ;1; A ;0;2
152; TERMOCABO    ;1; A ;11;3
152; TERMOCABO    ;1; A ;16.5;4
152; TERMOCABO    ;1; D ;3;1
152; TERMOCABO    ;1; D ;0;2
152; TERMOCABO    ;2; A ;0;1
152; TERMOCABO    ;2; A ;0;2
152; TERMOCABO    ;2; A ;16.5;3
152; TERMOCABO    ;2; A ;33;4
152; TERMOCABO    ;2; D ;6;1
152; TERMOCABO    ;2; D ;0;2
152; TERMOCABO    ;3; A ;0;1
152; TERMOCABO    ;3; A ;0;2
152; TERMOCABO    ;3; A ;16.5;3
152; TERMOCABO    ;3; A ;37;4
152; TERMOCABO    ;3; A ;49;5
152; TERMOCABO    ;3; D ;9;1
152; TERMOCABO    ;3; D ;0;2
153; DAIA         ;1; A ;2.8;1
153; DAIA         ;1; D ;0;1
153; DAIA         ;2; A ;2.8;1
153; DAIA         ;2; D ;0;1
156; CANDIOTA 3   ;1; A ;0;1
156; CANDIOTA 3   ;1; A ;0;2
156; CANDIOTA 3   ;1; A ;0;3
156; CANDIOTA 3   ;1; A ;0;4
156; CANDIOTA 3   ;1; A ;0;5
156; CANDIOTA 3   ;1; A ;0;6
156; CANDIOTA 3   ;1; A ;0;7
156; CANDIOTA 3   ;1; A ;0;8
156; CANDIOTA 3   ;1; A ;0;9
156; CANDIOTA 3   ;1; A ;0;10
156; CANDIOTA 3   ;1; A ;0;11
156; CANDIOTA 3   ;1; A ;0;12
156; CANDIOTA 3   ;1; A ;0;13
156; CANDIOTA 3   ;1; A ;0;14
156; CANDIOTA 3   ;1; A ;9;15
156; CANDIOTA 3   ;1; A ;17;16
156; CANDIOTA 3   ;1; A ;26;17
156; CANDIOTA 3   ;1; A ;34;18
156; CANDIOTA 3   ;1; A ;43;19
156; CANDIOTA 3   ;1; A ;51;20
156; CANDIOTA 3   ;1; A ;60;21
156; CANDIOTA 3   ;1; A ;69;22
156; CANDIOTA 3   ;1; A ;77;23
156; CANDIOTA 3   ;1; A ;89;24
156; CANDIOTA 3   ;1; A ;94;25
156; CANDIOTA 3   ;1; A ;103;26
156; CANDIOTA 3   ;1; A ;111;27
156; CANDIOTA 3   ;1; A ;120;28
156; CANDIOTA 3   ;1; A ;133;29
156; CANDIOTA 3   ;1; A ;146;30
156; CANDIOTA 3   ;1; A ;159;31
156; CANDIOTA 3   ;1; A ;171;32
156; CANDIOTA 3   ;1; A ;184;33
156; CANDIOTA 3   ;1; A ;197;34
156; CANDIOTA 3   ;1; A ;210;35
156; CANDIOTA 3   ;1; D ;90;1
156; CANDIOTA 3   ;1; D ;0;2
161; POTIGUAR III ;1; A ;5;1
161; POTIGUAR III ;1; D ;0;1
161; POTIGUAR III ;2; A ;5;1
161; POTIGUAR III ;2; D ;0;1
161; POTIGUAR III ;3; A ;5;1
161; POTIGUAR III ;3; D ;0;1
161; POTIGUAR III ;4; A ;5;1
161; POTIGUAR III ;4; D ;0;1
161; POTIGUAR III ;5; A ;5;1
161; POTIGUAR III ;5; D ;0;1
161; POTIGUAR III ;6; A ;5;1
161; POTIGUAR III ;6; D ;0;1
162; PECEM II     ;1; A ;2.92;1
162; PECEM II     ;1; D ;2.92;1
162; PECEM II     ;1; D ;0;2
162; PECEM II     ;2; A ;6.52;1
162; PECEM II     ;2; D ;6.52;1
162; PECEM II     ;2; D ;0;2
162; PECEM II     ;3; A ;6.52;1
162; PECEM II     ;3; D ;6.52;1
162; PECEM II     ;3; D ;0;2
162; PECEM II     ;4; A ;6.52;1
162; PECEM II     ;4; D ;6.52;1
162; PECEM II     ;4; D ;0;2
162; PECEM II     ;5; A ;6.75;1
162; PECEM II     ;5; D ;6.75;1
162; PECEM II     ;5; D ;0;2
162; PECEM II     ;6; A ;6.75;1
162; PECEM II     ;6; D ;6.75;1
162; PECEM II     ;6; D ;0;2
162; PECEM II     ;7; A ;3.6;1
162; PECEM II     ;7; D ;3.6;1
162; PECEM II     ;7; D ;0;2
162; PECEM II     ;8; A ;6.52;1
162; PECEM II     ;8; D ;6.52;1
162; PECEM II     ;8; D ;0;2
162; PECEM II     ;9; A ;6.52;1
162; PECEM II     ;9; D ;6.52;1
162; PECEM II     ;9; D ;0;2
162; PECEM II     ;10; A ;6.52;1
162; PECEM II     ;10; D ;6.52;1
162; PECEM II     ;10; D ;0;2
162; PECEM II     ;11; A ;6.52;1
162; PECEM II     ;11; D ;6.52;1
162; PECEM II     ;11; D ;0;2
162; PECEM II     ;12; A ;6.52;1
162; PECEM II     ;12; D ;6.52;1
162; PECEM II     ;12; D ;0;2
163; P. PECEM II  ;1; A ;30;1
163; P. PECEM II  ;1; A ;60;2
163; P. PECEM II  ;1; A ;80;3
163; P. PECEM II  ;1; A ;120;4
163; P. PECEM II  ;1; A ;160;5
163; P. PECEM II  ;1; A ;200;6
163; P. PECEM II  ;1; A ;240;7
163; P. PECEM II  ;1; D ;200;1
163; P. PECEM II  ;1; D ;160;2
163; P. PECEM II  ;1; D ;120;3
163; P. PECEM II  ;1; D ;40;4
163; P. PECEM II  ;1; D ;0;5
167; P. PECEM I   ;1; A ;30;1
167; P. PECEM I   ;1; A ;60;2
167; P. PECEM I   ;1; A ;90;3
167; P. PECEM I   ;1; A ;120;4
167; P. PECEM I   ;1; A ;150;5
167; P. PECEM I   ;1; A ;180;6
167; P. PECEM I   ;1; A ;210;7
167; P. PECEM I   ;1; A ;240;8
167; P. PECEM I   ;1; D ;210;1
167; P. PECEM I   ;1; D ;180;2
167; P. PECEM I   ;1; D ;150;3
167; P. PECEM I   ;1; D ;120;4
167; P. PECEM I   ;1; D ;90;5
167; P. PECEM I   ;1; D ;60;6
167; P. PECEM I   ;1; D ;30;7
167; P. PECEM I   ;1; D ;0;8
167; P. PECEM I   ;2; A ;30;1
167; P. PECEM I   ;2; A ;60;2
167; P. PECEM I   ;2; A ;90;3
167; P. PECEM I   ;2; A ;120;4
167; P. PECEM I   ;2; A ;150;5
167; P. PECEM I   ;2; A ;180;6
167; P. PECEM I   ;2; A ;210;7
167; P. PECEM I   ;2; A ;240;8
167; P. PECEM I   ;2; D ;210;1
167; P. PECEM I   ;2; D ;180;2
167; P. PECEM I   ;2; D ;150;3
167; P. PECEM I   ;2; D ;120;4
167; P. PECEM I   ;2; D ;90;5
167; P. PECEM I   ;2; D ;60;6
167; P. PECEM I   ;2; D ;30;7
167; P. PECEM I   ;2; D ;0;8
170; SUAPE II     ;1; A ;17.059;1
170; SUAPE II     ;1; A ;22.427;2
170; SUAPE II     ;1; D ;7.1;1
170; SUAPE II     ;1; D ;0;2
170; SUAPE II     ;2; A ;34.118;1
170; SUAPE II     ;2; A ;44.854;2
170; SUAPE II     ;2; D ;14.199;1
170; SUAPE II     ;2; D ;0;2
170; SUAPE II     ;3; A ;51.177;1
170; SUAPE II     ;3; A ;67.281;2
170; SUAPE II     ;3; D ;21.299;1
170; SUAPE II     ;3; D ;0;2
170; SUAPE II     ;4; A ;57.385;1
170; SUAPE II     ;4; A ;89.708;2
170; SUAPE II     ;4; D ;28.398;1
170; SUAPE II     ;4; D ;0;2
170; SUAPE II     ;5; A ;63.592;1
170; SUAPE II     ;5; A ;112.135;2
170; SUAPE II     ;5; D ;35.498;1
170; SUAPE II     ;5; D ;0;2
170; SUAPE II     ;6; A ;69.799;1
170; SUAPE II     ;6; A ;134.562;2
170; SUAPE II     ;6; D ;42.597;1
170; SUAPE II     ;6; D ;0;2
170; SUAPE II     ;7; A ;69.799;1
170; SUAPE II     ;7; A ;152.19;2
170; SUAPE II     ;7; A ;156.989;3
170; SUAPE II     ;7; D ;49.697;1
170; SUAPE II     ;7; D ;0;2
170; SUAPE II     ;8; A ;69.799;1
170; SUAPE II     ;8; A ;169.817;2
170; SUAPE II     ;8; A ;179.416;3
170; SUAPE II     ;8; D ;56.796;1
170; SUAPE II     ;8; D ;0;2
170; SUAPE II     ;9; A ;69.799;1
170; SUAPE II     ;9; A ;187.445;2
170; SUAPE II     ;9; A ;201.843;3
170; SUAPE II     ;9; D ;63.896;1
170; SUAPE II     ;9; D ;0;2
170; SUAPE II     ;10; A ;69.799;1
170; SUAPE II     ;10; A ;193.859;2
170; SUAPE II     ;10; A ;224.27;3
170; SUAPE II     ;10; D ;70.995;1
170; SUAPE II     ;10; D ;0;2
170; SUAPE II     ;11; A ;69.799;1
170; SUAPE II     ;11; A ;200.274;2
170; SUAPE II     ;11; A ;246.697;3
170; SUAPE II     ;11; D ;78.095;1
170; SUAPE II     ;11; D ;0;2
170; SUAPE II     ;12; A ;69.799;1
170; SUAPE II     ;12; A ;206.688;2
170; SUAPE II     ;12; A ;237.906;3
170; SUAPE II     ;12; A ;269.124;4
170; SUAPE II     ;12; D ;85.195;1
170; SUAPE II     ;12; D ;0;2
170; SUAPE II     ;13; A ;69.799;1
170; SUAPE II     ;13; A ;206.688;2
170; SUAPE II     ;13; A ;286.752;3
170; SUAPE II     ;13; A ;291.551;4
170; SUAPE II     ;13; D ;92.294;1
170; SUAPE II     ;13; D ;0;2
170; SUAPE II     ;14; A ;69.799;1
170; SUAPE II     ;14; A ;206.688;2
170; SUAPE II     ;14; A ;304.379;3
170; SUAPE II     ;14; A ;313.978;4
170; SUAPE II     ;14; D ;99.394;1
170; SUAPE II     ;14; D ;0;2
170; SUAPE II     ;15; A ;69.799;1
170; SUAPE II     ;15; A ;206.688;2
170; SUAPE II     ;15; A ;322.007;3
170; SUAPE II     ;15; A ;336.405;4
170; SUAPE II     ;15; D ;106.493;1
170; SUAPE II     ;15; D ;0;2
170; SUAPE II     ;16; A ;69.799;1
170; SUAPE II     ;16; A ;206.688;2
170; SUAPE II     ;16; A ;328.421;3
170; SUAPE II     ;16; A ;358.832;4
170; SUAPE II     ;16; D ;113.593;1
170; SUAPE II     ;16; D ;0;2
170; SUAPE II     ;17; A ;69.799;1
170; SUAPE II     ;17; A ;206.688;2
170; SUAPE II     ;17; A ;334.836;3
170; SUAPE II     ;17; A ;381.259;4
170; SUAPE II     ;17; D ;120.692;1
170; SUAPE II     ;17; D ;0;2
176; PORTO ITAQUI ;1; A ;30;1
176; PORTO ITAQUI ;1; A ;60;2
176; PORTO ITAQUI ;1; A ;80;3
176; PORTO ITAQUI ;1; A ;120;4
176; PORTO ITAQUI ;1; A ;160;5
176; PORTO ITAQUI ;1; A ;200;6
176; PORTO ITAQUI ;1; A ;240;7
176; PORTO ITAQUI ;1; D ;200;1
176; PORTO ITAQUI ;1; D ;160;2
176; PORTO ITAQUI ;1; D ;120;3
176; PORTO ITAQUI ;1; D ;40;4
176; PORTO ITAQUI ;1; D ;0;5
182; PALMEIRAS GO ;1; A ;16;1
182; PALMEIRAS GO ;1; A ;32;2
182; PALMEIRAS GO ;1; A ;50;3
182; PALMEIRAS GO ;1; D ;0;1
182; PALMEIRAS GO ;2; A ;16;1
182; PALMEIRAS GO ;2; A ;32;2
182; PALMEIRAS GO ;2; A ;49.5;3
182; PALMEIRAS GO ;2; D ;0;1
194; T.NORTE 2    ;1; A ;18.8;1
194; T.NORTE 2    ;1; A ;37.6;2
194; T.NORTE 2    ;1; D ;18.8;1
194; T.NORTE 2    ;1; D ;0;2
194; T.NORTE 2    ;2; A ;37.6;1
194; T.NORTE 2    ;2; A ;75.2;2
194; T.NORTE 2    ;2; D ;37.6;1
194; T.NORTE 2    ;2; D ;0;2
194; T.NORTE 2    ;3; A ;56.4;1
194; T.NORTE 2    ;3; A ;112.8;2
194; T.NORTE 2    ;3; D ;56.4;1
194; T.NORTE 2    ;3; D ;0;2
194; T.NORTE 2    ;4; A ;15.5;1
194; T.NORTE 2    ;4; A ;31;2
194; T.NORTE 2    ;4; A ;46.5;3
194; T.NORTE 2    ;4; A ;62;4
194; T.NORTE 2    ;4; A ;77.5;5
194; T.NORTE 2    ;4; A ;93;6
194; T.NORTE 2    ;4; A ;108.5;7
194; T.NORTE 2    ;4; A ;124;8
194; T.NORTE 2    ;4; A ;139.5;9
194; T.NORTE 2    ;4; A ;155;10
194; T.NORTE 2    ;4; D ;139.5;1
194; T.NORTE 2    ;4; D ;124;2
194; T.NORTE 2    ;4; D ;108.5;3
194; T.NORTE 2    ;4; D ;93;4
194; T.NORTE 2    ;4; D ;77.5;5
194; T.NORTE 2    ;4; D ;62;6
194; T.NORTE 2    ;4; D ;46.5;7
194; T.NORTE 2    ;4; D ;31;8
194; T.NORTE 2    ;4; D ;15.5;9
194; T.NORTE 2    ;4; D ;0;10
194; T.NORTE 2    ;5; A ;15.5;1
194; T.NORTE 2    ;5; A ;31;2
194; T.NORTE 2    ;5; A ;46.5;3
194; T.NORTE 2    ;5; A ;62;4
194; T.NORTE 2    ;5; A ;77.5;5
194; T.NORTE 2    ;5; A ;93;6
194; T.NORTE 2    ;5; A ;108.5;7
194; T.NORTE 2    ;5; A ;124;8
194; T.NORTE 2    ;5; A ;139.5;9
194; T.NORTE 2    ;5; A ;155;10
194; T.NORTE 2    ;5; D ;139.5;1
194; T.NORTE 2    ;5; D ;124;2
194; T.NORTE 2    ;5; D ;108.5;3
194; T.NORTE 2    ;5; D ;93;4
194; T.NORTE 2    ;5; D ;77.5;5
194; T.NORTE 2    ;5; D ;62;6
194; T.NORTE 2    ;5; D ;46.5;7
194; T.NORTE 2    ;5; D ;31;8
194; T.NORTE 2    ;5; D ;15.5;9
194; T.NORTE 2    ;5; D ;0;10
194; T.NORTE 2    ;6; A ;15.5;1
194; T.NORTE 2    ;6; A ;31;2
194; T.NORTE 2    ;6; A ;46.5;3
194; T.NORTE 2    ;6; A ;62;4
194; T.NORTE 2    ;6; A ;77.5;5
194; T.NORTE 2    ;6; A ;93;6
194; T.NORTE 2    ;6; A ;108.5;7
194; T.NORTE 2    ;6; A ;124;8
194; T.NORTE 2    ;6; A ;139.5;9
194; T.NORTE 2    ;6; A ;155;10
194; T.NORTE 2    ;6; D ;139.5;1
194; T.NORTE 2    ;6; D ;124;2
194; T.NORTE 2    ;6; D ;108.5;3
194; T.NORTE 2    ;6; D ;93;4
194; T.NORTE 2    ;6; D ;77.5;5
194; T.NORTE 2    ;6; D ;62;6
194; T.NORTE 2    ;6; D ;46.5;7
194; T.NORTE 2    ;6; D ;31;8
194; T.NORTE 2    ;6; D ;15.5;9
194; T.NORTE 2    ;6; D ;0;10
194; T.NORTE 2    ;7; A ;23.3;1
194; T.NORTE 2    ;7; A ;46.6;2
194; T.NORTE 2    ;7; A ;69.9;3
194; T.NORTE 2    ;7; A ;93.2;4
194; T.NORTE 2    ;7; A ;116.5;5
194; T.NORTE 2    ;7; A ;139.8;6
194; T.NORTE 2    ;7; A ;163.1;7
194; T.NORTE 2    ;7; A ;186.4;8
194; T.NORTE 2    ;7; A ;209.7;9
194; T.NORTE 2    ;7; A ;233;10
194; T.NORTE 2    ;7; D ;209.7;1
194; T.NORTE 2    ;7; D ;186.4;2
194; T.NORTE 2    ;7; D ;163.1;3
194; T.NORTE 2    ;7; D ;139.8;4
194; T.NORTE 2    ;7; D ;116.5;5
194; T.NORTE 2    ;7; D ;93.2;6
194; T.NORTE 2    ;7; D ;69.9;7
194; T.NORTE 2    ;7; D ;46.6;8
194; T.NORTE 2    ;7; D ;23.3;9
194; T.NORTE 2    ;7; D ;0;10
201; APARECIDA    ;1; A ;25;1
201; APARECIDA    ;1; D ;0;1
201; APARECIDA    ;2; A ;25;1
201; APARECIDA    ;2; D ;0;1
201; APARECIDA    ;3; A ;25;1
201; APARECIDA    ;3; D ;0;1
201; APARECIDA    ;4; A ;25;1
201; APARECIDA    ;4; D ;0;1
203; PORAQUE      ;1; A ;14;1
203; PORAQUE      ;1; D ;0;1
203; PORAQUE      ;2; A ;14;1
203; PORAQUE      ;2; D ;0;1
203; PORAQUE      ;3; A ;14;1
203; PORAQUE      ;3; D ;0;1
203; PORAQUE      ;4; A ;14;1
203; PORAQUE      ;4; D ;0;1
203; PORAQUE      ;5; A ;14;1
203; PORAQUE      ;5; D ;0;1
204; JARAQUI      ;6; A ;3.3;1
204; JARAQUI      ;6; A ;6.6;2
204; JARAQUI      ;6; A ;9.6;3
204; JARAQUI      ;6; A ;15;4
204; JARAQUI      ;6; D ;6.6;1
204; JARAQUI      ;6; D ;3.3;2
204; JARAQUI      ;6; D ;0;3
204; JARAQUI      ;7; A ;3.3;1
204; JARAQUI      ;7; A ;6.6;2
204; JARAQUI      ;7; A ;9.6;3
204; JARAQUI      ;7; A ;15;4
204; JARAQUI      ;7; D ;6.6;1
204; JARAQUI      ;7; D ;3.3;2
204; JARAQUI      ;7; D ;0;3
205; PIRARUCU     ;1; A ;0;1
205; PIRARUCU     ;1; A ;0;2
205; PIRARUCU     ;1; A ;0;3
205; PIRARUCU     ;1; A ;0;4
205; PIRARUCU     ;1; A ;8.05;5
205; PIRARUCU     ;1; D ;0.3;1
205; PIRARUCU     ;1; D ;0;2
205; PIRARUCU     ;2; A ;0;1
205; PIRARUCU     ;2; A ;0;2
205; PIRARUCU     ;2; A ;0;3
205; PIRARUCU     ;2; A ;0;4
205; PIRARUCU     ;2; A ;8.05;5
205; PIRARUCU     ;2; D ;0.3;1
205; PIRARUCU     ;2; D ;0;2
205; PIRARUCU     ;3; A ;0;1
205; PIRARUCU     ;3; A ;0;2
205; PIRARUCU     ;3; A ;0;3
205; PIRARUCU     ;3; A ;0;4
205; PIRARUCU     ;3; A ;8.05;5
205; PIRARUCU     ;3; D ;0.3;1
205; PIRARUCU     ;3; D ;0;2
205; PIRARUCU     ;4; A ;0;1
205; PIRARUCU     ;4; A ;0;2
205; PIRARUCU     ;4; A ;0;3
205; PIRARUCU     ;4; A ;0;4
205; PIRARUCU     ;4; A ;8.05;5
205; PIRARUCU     ;4; D ;0.3;1
205; PIRARUCU     ;4; D ;0;2
207; TUCUNARE     ;1; A ;8;1
207; TUCUNARE     ;1; A ;16;2
207; TUCUNARE     ;1; D ;0;1
207; TUCUNARE     ;2; A ;8;1
207; TUCUNARE     ;2; A ;16;2
207; TUCUNARE     ;2; D ;0;1
207; TUCUNARE     ;3; A ;8;1
207; TUCUNARE     ;3; A ;16;2
207; TUCUNARE     ;3; D ;0;1
207; TUCUNARE     ;4; A ;8;1
207; TUCUNARE     ;4; A ;16;2
207; TUCUNARE     ;4; D ;0;1
209; TAMBAQUI     ;5; A ;5;1
209; TAMBAQUI     ;5; A ;10;2
209; TAMBAQUI     ;5; A ;15;3
209; TAMBAQUI     ;5; D ;10;1
209; TAMBAQUI     ;5; D ;5;2
209; TAMBAQUI     ;5; D ;0;3
209; TAMBAQUI     ;6; A ;3.3;1
209; TAMBAQUI     ;6; A ;6.6;2
209; TAMBAQUI     ;6; A ;9.6;3
209; TAMBAQUI     ;6; A ;15;4
209; TAMBAQUI     ;6; D ;6.6;1
209; TAMBAQUI     ;6; D ;3.3;2
209; TAMBAQUI     ;6; D ;0;3
209; TAMBAQUI     ;7; A ;3.3;1
209; TAMBAQUI     ;7; A ;6.6;2
209; TAMBAQUI     ;7; A ;9.6;3
209; TAMBAQUI     ;7; A ;15;4
209; TAMBAQUI     ;7; D ;6.6;1
209; TAMBAQUI     ;7; D ;3.3;2
209; TAMBAQUI     ;7; D ;0;3
211; BAIXADA FLU  ;1; A ;15;1
211; BAIXADA FLU  ;1; A ;15;2
211; BAIXADA FLU  ;1; A ;15;3
211; BAIXADA FLU  ;1; A ;25;4
211; BAIXADA FLU  ;1; A ;25;5
211; BAIXADA FLU  ;1; A ;40;6
211; BAIXADA FLU  ;1; A ;40;7
211; BAIXADA FLU  ;1; A ;130;8
211; BAIXADA FLU  ;1; A ;130;9
211; BAIXADA FLU  ;1; A ;160;10
211; BAIXADA FLU  ;1; A ;160;11
211; BAIXADA FLU  ;1; D ;150;1
211; BAIXADA FLU  ;1; D ;0;2
211; BAIXADA FLU  ;2; A ;15;1
211; BAIXADA FLU  ;2; A ;15;2
211; BAIXADA FLU  ;2; A ;15;3
211; BAIXADA FLU  ;2; A ;25;4
211; BAIXADA FLU  ;2; A ;25;5
211; BAIXADA FLU  ;2; A ;40;6
211; BAIXADA FLU  ;2; A ;40;7
211; BAIXADA FLU  ;2; A ;130;8
211; BAIXADA FLU  ;2; A ;130;9
211; BAIXADA FLU  ;2; A ;160;10
211; BAIXADA FLU  ;2; A ;160;11
211; BAIXADA FLU  ;2; D ;150;1
211; BAIXADA FLU  ;2; D ;0;2
211; BAIXADA FLU  ;3; A ;15;1
211; BAIXADA FLU  ;3; A ;15;2
211; BAIXADA FLU  ;3; A ;15;3
211; BAIXADA FLU  ;3; A ;25;4
211; BAIXADA FLU  ;3; A ;25;5
211; BAIXADA FLU  ;3; A ;40;6
211; BAIXADA FLU  ;3; A ;40;7
211; BAIXADA FLU  ;3; A ;130;8
211; BAIXADA FLU  ;3; A ;130;9
211; BAIXADA FLU  ;3; A ;220;10
211; BAIXADA FLU  ;3; A ;220;11
211; BAIXADA FLU  ;3; A ;255;12
211; BAIXADA FLU  ;3; A ;255;13
211; BAIXADA FLU  ;3; A ;275;14
211; BAIXADA FLU  ;3; A ;275;15
211; BAIXADA FLU  ;3; A ;285;16
211; BAIXADA FLU  ;3; A ;285;17
211; BAIXADA FLU  ;3; A ;300;18
211; BAIXADA FLU  ;3; A ;300;19
211; BAIXADA FLU  ;3; A ;320;20
211; BAIXADA FLU  ;3; D ;250;1
211; BAIXADA FLU  ;3; D ;100;2
211; BAIXADA FLU  ;3; D ;0;3
212; MARANHAO III ;1; A ;15;1
212; MARANHAO III ;1; A ;15;2
212; MARANHAO III ;1; A ;15;3
212; MARANHAO III ;1; A ;15;4
212; MARANHAO III ;1; A ;15;5
212; MARANHAO III ;1; A ;15;6
212; MARANHAO III ;1; A ;15;7
212; MARANHAO III ;1; A ;15;8
212; MARANHAO III ;1; A ;25;9
212; MARANHAO III ;1; A ;50;10
212; MARANHAO III ;1; A ;70;11
212; MARANHAO III ;1; A ;90;12
212; MARANHAO III ;1; A ;100;13
212; MARANHAO III ;1; A ;100;14
212; MARANHAO III ;1; A ;100;15
212; MARANHAO III ;1; A ;100;16
212; MARANHAO III ;1; A ;100;17
212; MARANHAO III ;1; A ;100;18
212; MARANHAO III ;1; A ;200;19
212; MARANHAO III ;1; A ;248;20
212; MARANHAO III ;1; D ;200;1
212; MARANHAO III ;1; D ;0;2
223; PROSPERID. 3 ;1; A ;4.6;1
223; PROSPERID. 3 ;1; D ;0.3;1
223; PROSPERID. 3 ;1; D ;0;2
223; PROSPERID. 3 ;2; A ;4.6;1
223; PROSPERID. 3 ;2; D ;0.3;1
223; PROSPERID. 3 ;2; D ;0;2
223; PROSPERID. 3 ;3; A ;4.6;1
223; PROSPERID. 3 ;3; D ;0.3;1
223; PROSPERID. 3 ;3; D ;0;2
223; PROSPERID. 3 ;4; A ;4.6;1
223; PROSPERID. 3 ;4; D ;0.3;1
223; PROSPERID. 3 ;4; D ;0;2
223; PROSPERID. 3 ;5; A ;4.6;1
223; PROSPERID. 3 ;5; D ;0.3;1
223; PROSPERID. 3 ;5; D ;0;2
223; PROSPERID. 3 ;6; A ;4.6;1
223; PROSPERID. 3 ;6; D ;0.3;1
223; PROSPERID. 3 ;6; D ;0;2
224; P. SERGIPE I ;1; A ;55;1
224; P. SERGIPE I ;1; A ;55;2
224; P. SERGIPE I ;1; A ;110;3
224; P. SERGIPE I ;1; A ;110;4
224; P. SERGIPE I ;1; A ;165;5
224; P. SERGIPE I ;1; A ;165;6
224; P. SERGIPE I ;1; A ;165;7
224; P. SERGIPE I ;1; A ;165;8
224; P. SERGIPE I ;1; A ;165;9
224; P. SERGIPE I ;1; A ;165;10
224; P. SERGIPE I ;1; A ;165;11
224; P. SERGIPE I ;1; A ;180;12
224; P. SERGIPE I ;1; A ;180;13
224; P. SERGIPE I ;1; A ;235;14
224; P. SERGIPE I ;1; A ;235;15
224; P. SERGIPE I ;1; A ;305;16
224; P. SERGIPE I ;1; A ;305;17
224; P. SERGIPE I ;1; A ;305;18
224; P. SERGIPE I ;1; A ;670;19
224; P. SERGIPE I ;1; A ;1100;20
224; P. SERGIPE I ;1; A ;1593.199;21
224; P. SERGIPE I ;1; D ;1100;1
224; P. SERGIPE I ;1; D ;650;2
224; P. SERGIPE I ;1; D ;0;3
224; P. SERGIPE I ;2; A ;55;1
224; P. SERGIPE I ;2; A ;55;2
224; P. SERGIPE I ;2; A ;110;3
224; P. SERGIPE I ;2; A ;110;4
224; P. SERGIPE I ;2; A ;110;5
224; P. SERGIPE I ;2; A ;110;6
224; P. SERGIPE I ;2; A ;110;7
224; P. SERGIPE I ;2; A ;110;8
224; P. SERGIPE I ;2; A ;125;9
224; P. SERGIPE I ;2; A ;125;10
224; P. SERGIPE I ;2; A ;180;11
224; P. SERGIPE I ;2; A ;180;12
224; P. SERGIPE I ;2; A ;250;13
224; P. SERGIPE I ;2; A ;250;14
224; P. SERGIPE I ;2; A ;500;15
224; P. SERGIPE I ;2; A ;750;16
224; P. SERGIPE I ;2; A ;1060;17
224; P. SERGIPE I ;2; D ;750;1
224; P. SERGIPE I ;2; D ;450;2
224; P. SERGIPE I ;2; D ;0;3
224; P. SERGIPE I ;3; A ;55;1
224; P. SERGIPE I ;3; A ;55;2
224; P. SERGIPE I ;3; A ;110;3
224; P. SERGIPE I ;3; A ;110;4
224; P. SERGIPE I ;3; A ;110;5
224; P. SERGIPE I ;3; A ;110;6
224; P. SERGIPE I ;3; A ;110;7
224; P. SERGIPE I ;3; A ;110;8
224; P. SERGIPE I ;3; A ;125;9
224; P. SERGIPE I ;3; A ;125;10
224; P. SERGIPE I ;3; A ;180;11
224; P. SERGIPE I ;3; A ;180;12
224; P. SERGIPE I ;3; A ;250;13
224; P. SERGIPE I ;3; A ;250;14
224; P. SERGIPE I ;3; A ;500;15
224; P. SERGIPE I ;3; A ;750;16
224; P. SERGIPE I ;3; A ;1060;17
224; P. SERGIPE I ;3; D ;750;1
224; P. SERGIPE I ;3; D ;450;2
224; P. SERGIPE I ;3; D ;0;3
224; P. SERGIPE I ;4; A ;55;1
224; P. SERGIPE I ;4; A ;55;2
224; P. SERGIPE I ;4; A ;110;3
224; P. SERGIPE I ;4; A ;110;4
224; P. SERGIPE I ;4; A ;110;5
224; P. SERGIPE I ;4; A ;110;6
224; P. SERGIPE I ;4; A ;110;7
224; P. SERGIPE I ;4; A ;110;8
224; P. SERGIPE I ;4; A ;125;9
224; P. SERGIPE I ;4; A ;125;10
224; P. SERGIPE I ;4; A ;180;11
224; P. SERGIPE I ;4; A ;180;12
224; P. SERGIPE I ;4; A ;250;13
224; P. SERGIPE I ;4; A ;250;14
224; P. SERGIPE I ;4; A ;500;15
224; P. SERGIPE I ;4; A ;750;16
224; P. SERGIPE I ;4; A ;1060;17
224; P. SERGIPE I ;4; D ;750;1
224; P. SERGIPE I ;4; D ;450;2
224; P. SERGIPE I ;4; D ;0;3
224; P. SERGIPE I ;5; A ;55;1
224; P. SERGIPE I ;5; A ;55;2
224; P. SERGIPE I ;5; A ;55;3
224; P. SERGIPE I ;5; A ;55;4
224; P. SERGIPE I ;5; A ;55;5
224; P. SERGIPE I ;5; A ;55;6
224; P. SERGIPE I ;5; A ;70;7
224; P. SERGIPE I ;5; A ;85;8
224; P. SERGIPE I ;5; A ;150;9
224; P. SERGIPE I ;5; A ;225;10
224; P. SERGIPE I ;5; A ;300;11
224; P. SERGIPE I ;5; A ;450;12
224; P. SERGIPE I ;5; A ;514;13
224; P. SERGIPE I ;5; D ;300;1
224; P. SERGIPE I ;5; D ;0;2
224; P. SERGIPE I ;6; A ;55;1
224; P. SERGIPE I ;6; A ;55;2
224; P. SERGIPE I ;6; A ;55;3
224; P. SERGIPE I ;6; A ;55;4
224; P. SERGIPE I ;6; A ;55;5
224; P. SERGIPE I ;6; A ;55;6
224; P. SERGIPE I ;6; A ;70;7
224; P. SERGIPE I ;6; A ;85;8
224; P. SERGIPE I ;6; A ;150;9
224; P. SERGIPE I ;6; A ;225;10
224; P. SERGIPE I ;6; A ;300;11
224; P. SERGIPE I ;6; A ;450;12
224; P. SERGIPE I ;6; A ;514;13
224; P. SERGIPE I ;6; D ;300;1
224; P. SERGIPE I ;6; D ;0;2
224; P. SERGIPE I ;7; A ;55;1
224; P. SERGIPE I ;7; A ;55;2
224; P. SERGIPE I ;7; A ;55;3
224; P. SERGIPE I ;7; A ;55;4
224; P. SERGIPE I ;7; A ;55;5
224; P. SERGIPE I ;7; A ;55;6
224; P. SERGIPE I ;7; A ;70;7
224; P. SERGIPE I ;7; A ;85;8
224; P. SERGIPE I ;7; A ;150;9
224; P. SERGIPE I ;7; A ;225;10
224; P. SERGIPE I ;7; A ;300;11
224; P. SERGIPE I ;7; A ;450;12
224; P. SERGIPE I ;7; A ;514;13
224; P. SERGIPE I ;7; D ;300;1
224; P. SERGIPE I ;7; D ;0;2
229; ONCA PINTADA ;1; A ;0;1
229; ONCA PINTADA ;1; A ;0;2
229; ONCA PINTADA ;1; A ;0;3
229; ONCA PINTADA ;1; A ;0;4
229; ONCA PINTADA ;1; A ;0;5
229; ONCA PINTADA ;1; A ;0;6
229; ONCA PINTADA ;1; A ;0;7
229; ONCA PINTADA ;1; A ;0;8
229; ONCA PINTADA ;1; A ;0;9
229; ONCA PINTADA ;1; A ;0;10
229; ONCA PINTADA ;1; A ;0;11
229; ONCA PINTADA ;1; A ;0;12
229; ONCA PINTADA ;1; A ;0;13
229; ONCA PINTADA ;1; A ;0;14
229; ONCA PINTADA ;1; A ;0;15
229; ONCA PINTADA ;1; A ;0;16
229; ONCA PINTADA ;1; A ;0;17
229; ONCA PINTADA ;1; A ;0;18
229; ONCA PINTADA ;1; A ;0;19
229; ONCA PINTADA ;1; A ;0;20
229; ONCA PINTADA ;1; A ;0;21
229; ONCA PINTADA ;1; A ;0;22
229; ONCA PINTADA ;1; A ;0;23
229; ONCA PINTADA ;1; A ;0;24
229; ONCA PINTADA ;1; A ;0;25
229; ONCA PINTADA ;1; A ;0;26
229; ONCA PINTADA ;1; A ;0;27
229; ONCA PINTADA ;1; A ;0;28
229; ONCA PINTADA ;1; A ;0;29
229; ONCA PINTADA ;1; A ;0;30
229; ONCA PINTADA ;1; A ;0;31
229; ONCA PINTADA ;1; A ;0;32
229; ONCA PINTADA ;1; A ;0;33
229; ONCA PINTADA ;1; A ;0;34
229; ONCA PINTADA ;1; A ;0;35
229; ONCA PINTADA ;1; A ;0;36
229; ONCA PINTADA ;1; A ;0;37
229; ONCA PINTADA ;1; A ;0;38
229; ONCA PINTADA ;1; A ;0;39
229; ONCA PINTADA ;1; A ;0;40
229; ONCA PINTADA ;1; A ;0;41
229; ONCA PINTADA ;1; A ;0;42
229; ONCA PINTADA ;1; A ;0;43
229; ONCA PINTADA ;1; A ;0;44
229; ONCA PINTADA ;1; A ;0;45
229; ONCA PINTADA ;1; A ;0;46
229; ONCA PINTADA ;1; A ;0;47
229; ONCA PINTADA ;1; A ;0;48
229; ONCA PINTADA ;1; A ;5;49
229; ONCA PINTADA ;1; A ;17.5;50
229; ONCA PINTADA ;1; A ;30;51
229; ONCA PINTADA ;1; D ;0;1
235; C. MURICY 2  ;1; A ;3.6;1
235; C. MURICY 2  ;1; D ;3.6;1
235; C. MURICY 2  ;1; D ;0;2
235; C. MURICY 2  ;2; A ;6.52;1
235; C. MURICY 2  ;2; D ;6.52;1
235; C. MURICY 2  ;2; D ;0;2
235; C. MURICY 2  ;3; A ;6.52;1
235; C. MURICY 2  ;3; D ;6.52;1
235; C. MURICY 2  ;3; D ;0;2
235; C. MURICY 2  ;4; A ;6.52;1
235; C. MURICY 2  ;4; D ;6.52;1
235; C. MURICY 2  ;4; D ;0;2
235; C. MURICY 2  ;5; A ;6.52;1
235; C. MURICY 2  ;5; D ;6.52;1
235; C. MURICY 2  ;5; D ;0;2
235; C. MURICY 2  ;6; A ;6.52;1
235; C. MURICY 2  ;6; D ;6.52;1
235; C. MURICY 2  ;6; D ;0;2
235; C. MURICY 2  ;7; A ;3.37;1
235; C. MURICY 2  ;7; D ;3.37;1
235; C. MURICY 2  ;7; D ;0;2
235; C. MURICY 2  ;8; A ;6.52;1
235; C. MURICY 2  ;8; D ;6.52;1
235; C. MURICY 2  ;8; D ;0;2
235; C. MURICY 2  ;9; A ;6.52;1
235; C. MURICY 2  ;9; D ;6.52;1
235; C. MURICY 2  ;9; D ;0;2
235; C. MURICY 2  ;10; A ;6.52;1
235; C. MURICY 2  ;10; D ;6.52;1
235; C. MURICY 2  ;10; D ;0;2
235; C. MURICY 2  ;11; A ;6.52;1
235; C. MURICY 2  ;11; D ;6.52;1
235; C. MURICY 2  ;11; D ;0;2
235; C. MURICY 2  ;12; A ;6.52;1
235; C. MURICY 2  ;12; D ;6.52;1
235; C. MURICY 2  ;12; D ;0;2
236; MARLIM AZUL  ;1; A ;0;1
236; MARLIM AZUL  ;1; A ;0;2
236; MARLIM AZUL  ;1; A ;20;3
236; MARLIM AZUL  ;1; A ;60;4
236; MARLIM AZUL  ;1; A ;60;5
236; MARLIM AZUL  ;1; A ;60;6
236; MARLIM AZUL  ;1; A ;60;7
236; MARLIM AZUL  ;1; A ;60;8
236; MARLIM AZUL  ;1; A ;60;9
236; MARLIM AZUL  ;1; A ;60;10
236; MARLIM AZUL  ;1; A ;60;11
236; MARLIM AZUL  ;1; A ;107;12
236; MARLIM AZUL  ;1; A ;203;13
236; MARLIM AZUL  ;1; A ;249;14
236; MARLIM AZUL  ;1; A ;441;15
236; MARLIM AZUL  ;1; D ;231;1
236; MARLIM AZUL  ;1; D ;21;2
236; MARLIM AZUL  ;1; D ;0;3
238; GNA II       ;1; A ;0;1
238; GNA II       ;1; A ;0;2
238; GNA II       ;1; A ;0;3
238; GNA II       ;1; A ;0;4
238; GNA II       ;1; A ;0;5
238; GNA II       ;1; A ;0;6
238; GNA II       ;1; A ;0;7
238; GNA II       ;1; A ;0;8
238; GNA II       ;1; A ;0;9
238; GNA II       ;1; A ;0;10
238; GNA II       ;1; A ;60;11
238; GNA II       ;1; A ;90;12
238; GNA II       ;1; A ;150;13
238; GNA II       ;1; A ;180;14
238; GNA II       ;1; A ;240;15
238; GNA II       ;1; A ;450;16
238; GNA II       ;1; A ;450;17
238; GNA II       ;1; A ;450;18
238; GNA II       ;1; A ;450;19
238; GNA II       ;1; A ;450;20
238; GNA II       ;1; A ;450;21
238; GNA II       ;1; A ;450;22
238; GNA II       ;1; A ;450;23
238; GNA II       ;1; A ;450;24
238; GNA II       ;1; A ;450;25
238; GNA II       ;1; A ;450;26
238; GNA II       ;1; A ;450;27
238; GNA II       ;1; A ;450;28
238; GNA II       ;1; A ;450;29
238; GNA II       ;1; A ;450;30
238; GNA II       ;1; A ;450;31
238; GNA II       ;1; A ;450;32
238; GNA II       ;1; A ;450;33
238; GNA II       ;1; A ;450;34
238; GNA II       ;1; A ;450;35
238; GNA II       ;1; A ;450;36
238; GNA II       ;1; A ;450;37
238; GNA II       ;1; A ;450;38
238; GNA II       ;1; A ;450;39
238; GNA II       ;1; A ;450;40
238; GNA II       ;1; A ;450;41
238; GNA II       ;1; A ;600;42
238; GNA II       ;1; A ;1235;43
238; GNA II       ;1; A ;1672.599;44
238; GNA II       ;1; D ;900;1
238; GNA II       ;1; D ;500;2
238; GNA II       ;1; D ;360;3
238; GNA II       ;1; D ;0;4
239; PARNAIBA V   ;1; A ;15;1
239; PARNAIBA V   ;1; A ;30;2
239; PARNAIBA V   ;1; A ;30;3
239; PARNAIBA V   ;1; A ;65;4
239; PARNAIBA V   ;1; A ;65;5
239; PARNAIBA V   ;1; A ;81;6
239; PARNAIBA V   ;1; A ;81;7
239; PARNAIBA V   ;1; A ;130;8
239; PARNAIBA V   ;1; A ;130;9
239; PARNAIBA V   ;1; A ;160;10
239; PARNAIBA V   ;1; A ;160;11
239; PARNAIBA V   ;1; A ;170;12
239; PARNAIBA V   ;1; A ;170;13
239; PARNAIBA V   ;1; A ;240;14
239; PARNAIBA V   ;1; A ;240;15
239; PARNAIBA V   ;1; A ;290;16
239; PARNAIBA V   ;1; D ;290;1
239; PARNAIBA V   ;1; D ;130;2
239; PARNAIBA V   ;1; D ;0;3
241; PROSPERID. 2 ;1; A ;4.6;1
241; PROSPERID. 2 ;1; D ;0.3;1
241; PROSPERID. 2 ;1; D ;0;2
241; PROSPERID. 2 ;2; A ;4.6;1
241; PROSPERID. 2 ;2; D ;0.3;1
241; PROSPERID. 2 ;2; D ;0;2
241; PROSPERID. 2 ;3; A ;4.6;1
241; PROSPERID. 2 ;3; D ;0.3;1
241; PROSPERID. 2 ;3; D ;0;2
241; PROSPERID. 2 ;4; A ;4.6;1
241; PROSPERID. 2 ;4; D ;0.3;1
241; PROSPERID. 2 ;4; D ;0;2
245; KARKEY 013   ;1; A ;12.39;1
245; KARKEY 013   ;1; D ;0;1
245; KARKEY 013   ;2; A ;24.78;1
245; KARKEY 013   ;2; D ;0;1
245; KARKEY 013   ;3; A ;41.3;1
245; KARKEY 013   ;3; D ;0;1
245; KARKEY 013   ;4; A ;61.95;1
245; KARKEY 013   ;4; D ;0;1
245; KARKEY 013   ;5; A ;82.6;1
245; KARKEY 013   ;5; D ;0;1
245; KARKEY 013   ;6; A ;103.25;1
245; KARKEY 013   ;6; D ;0;1
245; KARKEY 013   ;7; A ;123.9;1
245; KARKEY 013   ;7; D ;0;1
245; KARKEY 013   ;8; A ;144.55;1
245; KARKEY 013   ;8; D ;0;1
245; KARKEY 013   ;9; A ;165.2;1
245; KARKEY 013   ;9; D ;0;1
245; KARKEY 013   ;10; A ;185.85;1
245; KARKEY 013   ;10; D ;0;1
245; KARKEY 013   ;11; A ;206.5;1
245; KARKEY 013   ;11; D ;0;1
245; KARKEY 013   ;12; A ;227.15;1
245; KARKEY 013   ;12; D ;0;1
245; KARKEY 013   ;13; A ;16.999;1
245; KARKEY 013   ;13; A ;33.999;2
245; KARKEY 013   ;13; A ;50.998;3
245; KARKEY 013   ;13; A ;67.997;4
245; KARKEY 013   ;13; A ;84.996;5
245; KARKEY 013   ;13; A ;101.996;6
245; KARKEY 013   ;13; A ;118.995;7
245; KARKEY 013   ;13; A ;135.994;8
245; KARKEY 013   ;13; A ;152.994;9
245; KARKEY 013   ;13; A ;169.993;10
245; KARKEY 013   ;13; A ;186.992;11
245; KARKEY 013   ;13; A ;203.991;12
245; KARKEY 013   ;13; A ;220.991;13
245; KARKEY 013   ;13; A ;237.99;14
245; KARKEY 013   ;13; D ;118.995;1
245; KARKEY 013   ;13; D ;0;2
246; KARKEY 019   ;1; A ;10.8;1
246; KARKEY 019   ;1; D ;0;1
246; KARKEY 019   ;2; A ;21.6;1
246; KARKEY 019   ;2; D ;0;1
246; KARKEY 019   ;3; A ;36.64;1
246; KARKEY 019   ;3; D ;0;1
246; KARKEY 019   ;4; A ;54.96;1
246; KARKEY 019   ;4; D ;0;1
246; KARKEY 019   ;5; A ;73.28;1
246; KARKEY 019   ;5; D ;0;1
246; KARKEY 019   ;6; A ;91.6;1
246; KARKEY 019   ;6; D ;0;1
246; KARKEY 019   ;7; A ;6.793;1
246; KARKEY 019   ;7; A ;13.586;2
246; KARKEY 019   ;7; A ;20.379;3
246; KARKEY 019   ;7; A ;27.171;4
246; KARKEY 019   ;7; A ;33.964;5
246; KARKEY 019   ;7; A ;40.757;6
246; KARKEY 019   ;7; A ;47.55;7
246; KARKEY 019   ;7; A ;54.343;8
246; KARKEY 019   ;7; A ;61.136;9
246; KARKEY 019   ;7; A ;67.929;10
246; KARKEY 019   ;7; A ;74.721;11
246; KARKEY 019   ;7; A ;81.514;12
246; KARKEY 019   ;7; A ;88.307;13
246; KARKEY 019   ;7; A ;95.1;14
246; KARKEY 019   ;7; D ;0;1
248; PAULINIA     ;1; A ;9.429;1
248; PAULINIA     ;1; D ;0;1
249; PORSUD I     ;1; A ;11.59;1
249; PORSUD I     ;1; D ;0;1
249; PORSUD I     ;2; A ;23.18;1
249; PORSUD I     ;2; D ;0;1
249; PORSUD I     ;3; A ;38.64;1
249; PORSUD I     ;3; D ;0;1
249; PORSUD I     ;4; A ;57.96;1
249; PORSUD I     ;4; D ;0;1
249; PORSUD I     ;5; A ;77.28;1
249; PORSUD I     ;5; D ;0;1
249; PORSUD I     ;6; A ;96.6;1
249; PORSUD I     ;6; D ;0;1
250; PORSUD II    ;1; A ;10.8;1
250; PORSUD II    ;1; D ;0;1
250; PORSUD II    ;2; A ;21.6;1
250; PORSUD II    ;2; D ;0;1
250; PORSUD II    ;3; A ;36.9;1
250; PORSUD II    ;3; D ;0;1
250; PORSUD II    ;4; A ;55.35;1
250; PORSUD II    ;4; D ;0;1
250; PORSUD II    ;5; A ;4.204;1
250; PORSUD II    ;5; A ;8.407;2
250; PORSUD II    ;5; A ;12.611;3
250; PORSUD II    ;5; A ;16.814;4
250; PORSUD II    ;5; A ;21.018;5
250; PORSUD II    ;5; A ;25.221;6
250; PORSUD II    ;5; A ;29.425;7
250; PORSUD II    ;5; A ;33.629;8
250; PORSUD II    ;5; A ;37.832;9
250; PORSUD II    ;5; A ;42.036;10
250; PORSUD II    ;5; A ;46.239;11
250; PORSUD II    ;5; A ;50.443;12
250; PORSUD II    ;5; A ;54.646;13
250; PORSUD II    ;5; A ;58.85;14
250; PORSUD II    ;5; D ;0;1
251; POVOACAO 1   ;1; A ;8.3;1
251; POVOACAO 1   ;1; A ;34.27;2
251; POVOACAO 1   ;1; A ;49.8;3
251; POVOACAO 1   ;1; D ;8.3;1
251; POVOACAO 1   ;1; D ;0;2
251; POVOACAO 1   ;2; A ;8.3;1
251; POVOACAO 1   ;2; A ;16.6;2
251; POVOACAO 1   ;2; D ;2.77;1
251; POVOACAO 1   ;2; D ;0;2
253; VIANA 1      ;1; A ;2.5;1
253; VIANA 1      ;1; A ;8.3;2
253; VIANA 1      ;1; D ;1;1
253; VIANA 1      ;1; D ;0;2
253; VIANA 1      ;2; A ;2.5;1
253; VIANA 1      ;2; A ;8.3;2
253; VIANA 1      ;2; D ;1;1
253; VIANA 1      ;2; D ;0;2
253; VIANA 1      ;3; A ;2.5;1
253; VIANA 1      ;3; A ;8.3;2
253; VIANA 1      ;3; D ;1;1
253; VIANA 1      ;3; D ;0;2
253; VIANA 1      ;4; A ;2.5;1
253; VIANA 1      ;4; A ;8.3;2
253; VIANA 1      ;4; D ;1;1
253; VIANA 1      ;4; D ;0;2
254; B. BONITA I  ;1; A ;0.7;1
254; B. BONITA I  ;1; D ;0;1
322; BBF BALIZA   ;1; A ;2;1
322; BBF BALIZA   ;1; A ;2;2
322; BBF BALIZA   ;1; D ;2;1
322; BBF BALIZA   ;1; D ;0;2
322; BBF BALIZA   ;2; A ;2;1
322; BBF BALIZA   ;2; A ;2;2
322; BBF BALIZA   ;2; D ;2;1
322; BBF BALIZA   ;2; D ;0;2
323; BONFIM       ;1; A ;0;1
323; BONFIM       ;1; A ;0;2
323; BONFIM       ;1; A ;0;3
323; BONFIM       ;1; A ;0;4
323; BONFIM       ;1; A ;3;5
323; BONFIM       ;1; D ;0;1
324; CANTA        ;1; A ;0;1
324; CANTA        ;1; A ;0;2
324; CANTA        ;1; A ;0;3
324; CANTA        ;1; A ;0;4
324; CANTA        ;1; A ;3;5
324; CANTA        ;1; D ;0;1
326; JAGUATIRICA  ;1; A ;0;1
326; JAGUATIRICA  ;1; A ;0;2
326; JAGUATIRICA  ;1; A ;0;3
326; JAGUATIRICA  ;1; A ;0;4
326; JAGUATIRICA  ;1; A ;0;5
326; JAGUATIRICA  ;1; A ;0;6
326; JAGUATIRICA  ;1; A ;3;7
326; JAGUATIRICA  ;1; A ;3;8
326; JAGUATIRICA  ;1; A ;10;9
326; JAGUATIRICA  ;1; A ;20;10
326; JAGUATIRICA  ;1; A ;20;11
326; JAGUATIRICA  ;1; A ;30;12
326; JAGUATIRICA  ;1; A ;75;13
326; JAGUATIRICA  ;1; A ;80.1;14
326; JAGUATIRICA  ;1; D ;40;1
326; JAGUATIRICA  ;1; D ;0;2
326; JAGUATIRICA  ;2; A ;0;1
326; JAGUATIRICA  ;2; A ;0;2
326; JAGUATIRICA  ;2; A ;0;3
326; JAGUATIRICA  ;2; A ;0;4
326; JAGUATIRICA  ;2; A ;0;5
326; JAGUATIRICA  ;2; A ;0;6
326; JAGUATIRICA  ;2; A ;3;7
326; JAGUATIRICA  ;2; A ;3;8
326; JAGUATIRICA  ;2; A ;10;9
326; JAGUATIRICA  ;2; A ;10;10
326; JAGUATIRICA  ;2; A ;20;11
326; JAGUATIRICA  ;2; A ;20;12
326; JAGUATIRICA  ;2; A ;30;13
326; JAGUATIRICA  ;2; A ;38;14
326; JAGUATIRICA  ;2; D ;20;1
326; JAGUATIRICA  ;2; D ;0;2
326; JAGUATIRICA  ;3; A ;0;1
326; JAGUATIRICA  ;3; A ;0;2
326; JAGUATIRICA  ;3; A ;0;3
326; JAGUATIRICA  ;3; A ;0;4
326; JAGUATIRICA  ;3; A ;0;5
326; JAGUATIRICA  ;3; A ;0;6
326; JAGUATIRICA  ;3; A ;3;7
326; JAGUATIRICA  ;3; A ;3;8
326; JAGUATIRICA  ;3; A ;10;9
326; JAGUATIRICA  ;3; A ;10;10
326; JAGUATIRICA  ;3; A ;20;11
326; JAGUATIRICA  ;3; A ;20;12
326; JAGUATIRICA  ;3; A ;30;13
326; JAGUATIRICA  ;3; A ;38;14
326; JAGUATIRICA  ;3; D ;20;1
326; JAGUATIRICA  ;3; D ;0;2
327; M.C. SUCUBA  ;1; A ;17.5;1
327; M.C. SUCUBA  ;1; D ;0;1
327; M.C. SUCUBA  ;2; A ;15;1
327; M.C. SUCUBA  ;2; D ;0;1
328; PALMAPLAN    ;1; A ;0;1
328; PALMAPLAN    ;1; A ;3;2
328; PALMAPLAN    ;1; D ;0;1
328; PALMAPLAN    ;2; A ;0;1
328; PALMAPLAN    ;2; A ;3;2
328; PALMAPLAN    ;2; D ;0;1
329; PAU RAINHA   ;1; A ;0;1
329; PAU RAINHA   ;1; A ;0;2
329; PAU RAINHA   ;1; A ;0;3
329; PAU RAINHA   ;1; A ;0;4
329; PAU RAINHA   ;1; A ;3;5
329; PAU RAINHA   ;1; D ;0;1
330; SANTA LUZ    ;1; A ;0;1
330; SANTA LUZ    ;1; A ;0;2
330; SANTA LUZ    ;1; A ;0;3
330; SANTA LUZ    ;1; A ;0;4
330; SANTA LUZ    ;1; A ;3;5
330; SANTA LUZ    ;1; D ;0;1
334; W ARJONA     ;1; A ;31;1
334; W ARJONA     ;1; D ;0;1
334; W ARJONA     ;2; A ;31;1
334; W ARJONA     ;2; D ;0;1
334; W ARJONA     ;3; A ;26;1
334; W ARJONA     ;3; D ;0;1
334; W ARJONA     ;4; A ;26;1
334; W ARJONA     ;4; D ;0;1
334; W ARJONA     ;5; A ;26;1
334; W ARJONA     ;5; D ;0;1
383; ATLANTICO    ;1; A ;40;1
383; ATLANTICO    ;1; D ;0;1
383; ATLANTICO    ;2; A ;40;1
383; ATLANTICO    ;2; D ;0;1
383; ATLANTICO    ;3; A ;40;1
383; ATLANTICO    ;3; D ;0;1
383; ATLANTICO    ;4; A ;80;1
383; ATLANTICO    ;4; D ;0;1
383; ATLANTICO    ;5; A ;80;1
383; ATLANTICO    ;5; D ;0;1
383; ATLANTICO    ;6; A ;80;1
383; ATLANTICO    ;6; D ;0;1
383; ATLANTICO    ;7; A ;120;1
383; ATLANTICO    ;7; D ;0;1
434; W ARJONA 2   ;1; A ;30;1
434; W ARJONA 2   ;1; D ;0;1
434; W ARJONA 2   ;2; A ;30;1
434; W ARJONA 2   ;2; D ;0;1
434; W ARJONA 2   ;3; A ;25;1
434; W ARJONA 2   ;3; D ;0;1
434; W ARJONA 2   ;4; A ;25;1
434; W ARJONA 2   ;4; D ;0;1
434; W ARJONA 2   ;5; A ;28;1
434; W ARJONA 2   ;5; D ;0;1
